2,TRUE,TRUE,TRUE,FALSE,TRUE,TRUE,TRUE,TRUE,TRUE,TRUE,TRUE,TRUE,TRUE,TRUE,TRUE,TRUE,TRUE,TRUE,TRUE,FALSE,TRUE,TRUE,TRUE,TRUE,TRUE,TRUE,TRUE,TRUE,TRUE,TRUE,TRUE,TRUE,TRUE,TRUE,TRUE,TRUE,TRUE,TRUE,TRUE,TRUE,TRUE,TRUE,TRUE,TRUE,TRUE,TRUE,TRUE,TRUE,TRUE,TRUE,TRUE,TRUE,TRUE,TRUE,TRUE,TRUE,TRUE,TRUE,TRUE,TRUE,TRUE
Opportunity Name,Internal Goal,Projection Number,Finance Goal,Finance Projections (U),Financial Delta,Total Randomization,SiteCode,Protocol,Indication,Cohort,Status,SubStatus,FPFV Date,Enrollment End Date,PerPatientRevenuePoints,Priority,FQGoal,OpportunityId,Operational Delta,Apr-25,Finance Monthly Distribution Apr-25,May-25,Finance Monthly Distribution May-25,Jun-25,Finance Monthly Distribution Jun-25,Jul-25,Finance Monthly Distribution Jul-25,August-25,Finance Monthly Distribution Aug-25,Sep-25,Finance Monthly Distribution Sep-25,Oct-25,Finance Monthly Distribution Oct-25,Nov-25,Finance Monthly Distribution Nov-25,Dec-25,Finance Monthly Distribution Dec-25,Jan-26,Finance Monthly Distribution Jan-26,Feb-26,Finance Monthly Distribution Feb-26,Mar-26,Finance Monthly Distribution Mar-26,Apr-26,Finance Monthly Distribution Apr-26,May-26,Finance Monthly Distribution May-26,Jun-26,Finance Monthly Distribution Jun-26,Jul-26,Finance Monthly Distribution Jul-26,Aug-26,Finance Monthly Distribution Aug-26,Sep-26,Finance Monthly Distribution Sep-26,Oct-26,Finance Monthly Distribution Oct-26,Nov-26,Finance Monthly Distribution Nov-26,Dec-26,Finance Monthly Distribution Dec-26
4/24/2026,Internal Goal,Projection Number,Finance Goal,Finance Projection,Financial Delta,Total Randomization,SiteCode,Protocol,Indication,Cohort,Status,SubStatus,FPFV Date,Enrollment End Date,PerPatientRevenuePoints,Priority,FQGoal,OpportunityId,Operational Delta,Apr-25,Finance Monthly Distribution Apr-25,May-25,Finance Monthly Distribution May-25,Jun-25,Finance Monthly Distribution Jun-25,Jul-25,Finance Monthly Distribution Jul-25,August-25,Finance Monthly Distribution Aug-25,Sep-25,Finance Monthly Distribution Sep-25,Oct-25,Finance Monthly Distribution Oct-25,Nov-25,Finance Monthly Distribution Nov-25,Dec-25,Finance Monthly Distribution Dec-25,Jan-26,Finance Monthly Distribution Jan-26,Feb-26,Finance Monthly Distribution Feb-26,Mar-26,Finance Monthly Distribution Mar-26,Apr-26,Finance Monthly Distribution Apr-26,May-26,Finance Monthly Distribution May-26,Jun-26,Finance Monthly Distribution Jun-26,Jul-26,Finance Monthly Distribution Jul-26,Aug-26,Finance Monthly Distribution Aug-26,Sep-26,Finance Monthly Distribution Sep-26,Oct-26,Finance Monthly Distribution Oct-26,Nov-26,Finance Monthly Distribution Nov-26,Dec-26,Finance Monthly Distribution Dec-26
Tomball | 223957 |,8,,8,,,,Tomball,223957,Asthma,adults greater than and equal to 18 years of age,Startup,Site Selected,06/17/2026,12/11/2026,,,,7279,,,,,,,,,,,,,,,,,,,,,,,,,,0,0,0,0,0,0,1,1,2,2,2,2,2,2,1,1,0,0
Cyfair | 2019nCoV-420 |,114,,114,,,,Cyfair,2019nCoV-420,COVID-19,50 to 65 years of age,Enrolling,Enrolling,11/17/2025,04/10/2026,,,160,6698,,,,,,,,,,,,,,,,,,,,,,,,,,40,30,40,25,34,34,0,0,0,0,0,0,0,0,0,0,0,0
Tomball |C4771001,40,,40,,,,Tomball,C4771001,Clostridium Difficile,50 to 65 years of age,Maintenance,Maintenance,03/05/2026,03/18/2026,,,,7394,,,,,,,,,,,,,,,,,,,,,,,,,,0,0,0,0,0,0,0,0,0,0,0,0,0,0,0,0,0,0
Chicago | C4771002 |,142,,120,,,,Chicago,C4771002,Clostridium Difficile,> 65 years of age,Enrolling,Enrolling,12/12/2025,06/30/2027,,,180,5748,,,,,,,,,,,,,,,,,,,,,,,,,,10,6,12,8,12,12,12,12,12,12,12,12,12,11,12,10,16,16
Cyfair | C4771002 |,140,,100,,,,Cyfair,C4771002,Clostridium Difficile,> 65 years of age,Enrolling,Enrolling,12/12/2025,06/30/2027,,,180,5749,,,,,,,,,,,,,,,,,,,,,,,,,,12,6,12,8,12,10,12,10,12,10,12,10,12,10,12,10,12,5
Detroit | C4771002 |,138,,100,,,,Detroit,C4771002,Clostridium Difficile,> 65 years of age,Enrolling,Enrolling,12/12/2025,06/30/2027,,,180,5750,,,,,,,,,,,,,,,,,,,,,,,,,,10,6,12,8,12,11,12,11,12,11,12,11,12,11,12,5,12,5
Philadelphia | C4771002 |,138,,100,,,,Philadelphia,C4771002,Clostridium Difficile,> 65 years of age,Enrolling,Enrolling,12/12/2025,06/30/2027,,,180,5752,,,,,,,,,,,,,,,,,,,,,,,,,,10,6,12,5,12,11,12,11,12,11,12,11,12,10,12,5,12,5
Tomball | C4771002 |,140,,100,,,,Tomball,C4771002,Clostridium Difficile,> 65 years of age,Enrolling,Enrolling,12/12/2025,06/30/2027,,,180,5753,,,,,,,,,,,,,,,,,,,,,,,,,,12,6,12,8,12,10,12,10,12,10,12,10,12,10,12,10,12,5
Tomball | C4931020 | Expanded Cohort,20,,20,,,,Tomball,C4931020,Pneumococcal,≥ 65 to < 85 years of age,Maintenance,Maintenance,01/09/2026,03/12/2026,,,22,5631,,,,,,,,,,,,,,,,,,,,,,,,,,0,0,0,0,0,0,0,0,0,0,0,0,0,0,0,0,0,0
AOM (Brooklyn) | D6973C00001 |,30,,20,,,,AOM (Brooklyn),D6973C00001,Cardiovascular Disease,Elderly Adults (50+),Enrolling,Enrolling,07/24/2025,3/23/2027,,,24,3890,,,,,,,,,,,,,,,,,,,,,,,,,,7,1,5,2,2,2,2,2,2,2,2,1,2,2,2,2,1,1
Dominion (San Antonio) | D6973C00001 |,31,,20,,,,Dominion (San Antonio),D6973C00001,Cardiovascular Disease,Elderly Adults (50+),Enrolling,Enrolling,08/28/2025,03/23/2027,,,4,3941,,,,,,,,,,,,,,,,,,,,,,,,,,7,1,5,2,3,3,3,3,3,3,2,2,1,0,0,0,0,0
Tomball | D6973C00001 |,31,,15,,,,Tomball,D6973C00001,Cardiovascular Disease,Elderly Adults (50+),Enrolling,Enrolling,12/23/2025,03/23/2027,,,4,3889,,,,,,,,,,,,,,,,,,,,,,,,,,7,1,5,2,2,2,2,2,2,2,1,1,1,0,0,0,0,0
Phoenix | D7960C00015 |,13,,6,,,,Trident (Phoenix),D7960C00015,Dyslipidemia,adults greater than and equal to 18 years of age,Enrolling,Greenlight Received,02/09/2026,04/16/2027,,,8,7004,,,,,,,,,,,,,,,,,,,,,,,,,,3,1,1,1,1,0,1,1,1,0,1,1,1,0,0,0,0,0
San Antonio | D7960C00015 |,16,,15,,,,San Antonio,D7960C00015,Dyslipidemia,adults greater than and equal to 18 years of age,Enrolling,Enrolling,11/30/2025,08/15/2027,,,13,5344,,,,,,,,,,,,,,,,,,,,,,,,,,2,1,2,1,2,2,2,2,2,2,2,2,2,2,2,2,2,2
Sugarland | D7960C00015 |,23,,15,,,,Sugarland,D7960C00015,Dyslipidemia,adults greater than and equal to 18 years of age,Enrolling,Enrolling,11/30/2025,08/15/2027,,,13,5346,,,,,,,,,,,,,,,,,,,,,,,,,,3,1,3,1,2,2,1,1,3,3,2,2,1,0,1,1,2,0
Tomball Rheumatology | ELV001-201 |,8,,4,,,,Tomball Rheumatology,ELV001-201,Rheumatoid Arthritis,adults greater than and equal to 18 years of age,Enrolling,Greenlight Received,04/01/2026,04/15/2027,,,3,7118,,,,,,,,,,,,,,,,,,,,,,,,,,1,1,1,0,1,1,1,0,1,1,1,0,0,0,0,0,0,0
Tomball | GSBR-1290-10 |,4,,4,,,,Tomball,GSBR-1290-10,Obesity,adults greater than and equal to 18 years of age,Enrolling,Greenlight Received,10/20/2025,04/27/2026,,,10,6426,,,,,,,,,,,,,,,,,,,,,,,,,,1,1,0,0,0,0,0,0,0,0,0,0,0,0,0,0,0,0
Tomball | K-304-P004 |,25,,25,,,,Tomball,K-304-P004,Migraine,18 to 70 years of age,Startup,Site Selected,08/31/2026,04/29/2027,,,,7497,,,,,,,,,,,,,,,,,,,,,,,,,,0,0,0,0,0,0,0,0,5,5,5,5,5,5,5,5,5,5
Tomball | K9531-3103 (OAB58025) |,58,,30,,,,Tomball,K9531-3103 (OAB58025),Obesity,"18 to 75 Years (Adults, Older Adults)",Enrolling,Enrollment Paused,12/10/2025,10/14/2026,,,10,5899,,,,,,,,,,,,,,,,,,,,,,,,,,12,0,12,5,10,5,5,5,5,5,0,0,0,0,0,0,0,0
Phoenix | K9531-3107 |,38,,25,,,,Phoenix,K9531-3107,Obesity,"18 to 75 Years (Adults, Older Adults)",Enrolling,Greenlight Received,01/30/2026,10/04/2026,,,10,6712,,,,,,,,,,,,,,,,,,,,,,,,,,8,4,8,5,5,5,5,5,0,0,0,0,0,0,0,0,0,0
Rheumatology Clinic of Houston | M25-056 | Substudy 1,14,,10,,,,Rheumatology Clinic of Houston,M25-056,Rheumatoid Arthritis,18 to 49 years of age,Startup,SIV Scheduled,04/23/2026,07/31/2026,,,20,4847,,,,,,,,,,,,,,,,,,,,,,,,,,0,0,8,4,2,1,2,1,2,0,0,0,0,0,0,0,0,0
Albuquerque | mRNA-1273_1283-P401 |,150,,100,,,,Albuquerque,mRNA-1273_1283-P401,COVID-19,50 to 65 years of age,Maintenance,Maintenance,12/12/2025,06/30/2026,,,150,6763,,,,,,,,,,,,,,,,,,,,,,,,,,0,0,0,0,0,0,0,0,0,0,0,0,0,0,0,0,0,0
Bellaire | mRNA-1273_1283-P401 |,150,,100,,,,Bellaire,mRNA-1273_1283-P401,COVID-19,50 to 65 years of age,Maintenance,Maintenance,12/17/2025,06/30/2026,,,150,6762,,,,,,,,,,,,,,,,,,,,,,,,,,0,0,0,0,0,0,0,0,0,0,0,0,0,0,0,0,0,0
Boston | mRNA-1273_1283-P401 |,150,,100,,,,Boston,mRNA-1273_1283-P401,COVID-19,50 to 65 years of age,Maintenance,Maintenance,12/11/2025,06/30/2026,,,150,6761,,,,,,,,,,,,,,,,,,,,,,,,,,0,0,0,0,0,0,0,0,0,0,0,0,0,0,0,0,0,0
Chicago | mRNA-1273_1283-P401 |,150,,100,,,,Chicago,mRNA-1273_1283-P401,COVID-19,50 to 65 years of age,Maintenance,Maintenance,12/11/2025,06/30/2026,,,150,6772,,,,,,,,,,,,,,,,,,,,,,,,,,0,0,0,0,0,0,0,0,0,0,0,0,0,0,0,0,0,0
Cyfair | mRNA-1273_1283-P401 |,150,,100,,,,Cyfair,mRNA-1273_1283-P401,COVID-19,50 to 65 years of age,Maintenance,Maintenance,12/17/2025,06/30/2026,,,150,6764,,,,,,,,,,,,,,,,,,,,,,,,,,0,0,0,0,0,0,0,0,0,0,0,0,0,0,0,0,0,0
Detroit | mRNA-1273_1283-P401 |,150,,100,,,,Detroit,mRNA-1273_1283-P401,COVID-19,50 to 65 years of age,Maintenance,Maintenance,12/16/2025,06/30/2026,,,150,6766,,,,,,,,,,,,,,,,,,,,,,,,,,0,0,0,0,0,0,0,0,0,0,0,0,0,0,0,0,0,0
Jersey City | mRNA-1273_1283-P401 |,150,,100,,,,Jersey City,mRNA-1273_1283-P401,COVID-19,50 to 65 years of age,Maintenance,Maintenance,12/18/2025,06/30/2026,,,150,6767,,,,,,,,,,,,,,,,,,,,,,,,,,0,0,0,0,0,0,0,0,0,0,0,0,0,0,0,0,0,0
Philadelphia | mRNA-1273_1283-P401 |,150,,100,,,,Philadelphia,mRNA-1273_1283-P401,COVID-19,50 to 65 years of age,Maintenance,Maintenance,12/17/2025,06/30/2026,,,150,6774,,,,,,,,,,,,,,,,,,,,,,,,,,0,0,0,0,0,0,0,0,0,0,0,0,0,0,0,0,0,0
San Antonio | mRNA-1273_1283-P401 |,150,,100,,,,San Antonio,mRNA-1273_1283-P401,COVID-19,50 to 65 years of age,Maintenance,Maintenance,12/17/2025,06/30/2026,,,150,6768,,,,,,,,,,,,,,,,,,,,,,,,,,0,0,0,0,0,0,0,0,0,0,0,0,0,0,0,0,0,0
Sugarland | mRNA-1273_1283-P401 |,150,,100,,,,Sugarland,mRNA-1273_1283-P401,COVID-19,50 to 65 years of age,Maintenance,Maintenance,12/10/2025,06/30/2026,,,150,6769,,,,,,,,,,,,,,,,,,,,,,,,,,0,0,0,0,0,0,0,0,0,0,0,0,0,0,0,0,0,0
Tomball | mRNA-1273_1283-P401 |,150,,100,,,,Tomball,mRNA-1273_1283-P401,COVID-19,50 to 65 years of age,Maintenance,Maintenance,12/19/2025,06/30/2026,,,150,6771,,,,,,,,,,,,,,,,,,,,,,,,,,0,0,0,0,0,0,0,0,0,0,0,0,0,0,0,0,0,0
Cyfair | PARA_OA_012 |,10,,7,,,,Cyfair,PARA_OA_012,Osteoarthritis,adults greater than and equal to 18 years of age,Enrolling,Enrolling,10/31/2025,04/30/2026,,,20,6043,,,,,,,,,,,,,,,,,,,,,,,,,,8,4,5,4,5,5,0,0,0,0,0,0,0,0,0,0,0,0
Sugarland | VAX31-105 |,35,,35,,,,Sugarland,VAX31-105,Pneumococcal,Elderly Adults (50+),Enrolling,Enrollment Paused,2/9/2026,05/09/2026,,,65,2525,,,,,,,,,,,,,,,,,,,,,,,,,,0,0,0,0,0,0,0,0,0,0,0,0,0,0,0,0,0,0
Albuquerque | 218130 |,125,,80,,,,Albuquerque,218130,Influenza,> 65 years of age,Pipeline,PSV Completed,9/1/2026,10/29/2026,,,125,2621,,,,,,,,,,,,,,,,,,,,,,,,,,0,0,0,0,0,0,0,0,0,0,0,0,0,0,0,0,0,0
Albuquerque | 218132 |,80,,60,,,,Albuquerque,218132,Influenza,18 to 49 years of age,Pipeline,PSV Completed,10/01/2026,12/15/2026,,,125,2628,,,,,,,,,,,,,,,,,,,,,,,,,,0,0,0,0,0,0,0,0,0,0,0,0,0,0,0,0,0,0
Albuquerque | 221847 |,100,,80,,,,Albuquerque,221847,COVID-19,adults greater than and equal to 18 years of age,Pipeline,On Hold/Postponed,10/01/2026,4/16/2027,,,150,4997,,,,,,,,,,,,,,,,,,,,,,,,,,0,0,0,0,0,0,0,0,0,0,0,0,0,0,0,0,0,0
Albuquerque | AIC316-01-III-01 |,20,,4,,,,Albuquerque,AIC316-01-III-01,HSV Treatment,adults greater than and equal to 18 years of age,Startup,Site Selected,05/28/2026,12/3/2026,,,4,6211,,,,,,,,,,,,,,,,,,,,,,,,,,0,0,0,0,2,1,2,1,2,1,2,0,2,1,2,0,1,0
Albuquerque | BC #139639-01 |,5,,0,,,,Albuquerque,BC #139639-01,UTI,adults greater than and equal to 18 years of age,Pipeline,Pre-award,04/01/2026,4/1/2027,,,10,5455,,,,,,,,,,,,,,,,,,,,,,,,,,0,0,0,0,0,0,0,0,0,0,0,0,0,0,0,0,0,0
(S) APD Research - Affiliate | IT001-308 |IT001-308 |,20,,0,,,,LinQ Research - Affiliate,(S) APD Research - Affiliate | IT001-308 |IT001-308,UTI,≥ 21 and < 65 years of age,Enrolling,Enrolling,01/24/2023,,,,,559,,,,,,,,,,,,,,,,,,,,,,,,,,,,,,,,,,,,,,,,,,,
Albuquerque | C4931009 |,75,,60,,,,Albuquerque,C4931009,Pneumococcal,adults greater than and equal to 18 years of age,Pipeline,On Hold/Postponed,04/21/2026,08/17/2026,,,212,4936,,,,,,,,,,,,,,,,,,,,,,,,,,0,0,0,0,0,0,0,0,0,0,0,0,0,0,0,0,0,0
Albuquerque | C4931014 |,60,,40,,,,Albuquerque,C4931014,Pneumococcal,> 65 years of age,Pipeline,On Hold/Postponed,04/03/2026,06/12/2026,,,50,4958,,,,,,,,,,,,,,,,,,,,,,,,,,0,0,0,0,0,0,0,0,0,0,0,0,0,0,0,0,0,0
Albuquerque | C6271002 |,145,,128,,,,Albuquerque,C6271002,Influenza,adults greater than and equal to 18 years of age,Pipeline,On Hold/Postponed,09/05/2026,10/01/2026,,,215,6386,,,,,,,,,,,,,,,,,,,,,,,,,,0,0,0,0,0,0,0,0,0,0,0,0,0,0,0,0,0,0
Albuquerque | D7265C00001 |,8,,6,,,,Albuquerque,D7265C00001,Chronic Kidney Disease,adults greater than and equal to 18 years of age,Pipeline,FQ Submitted,06/06/2026,03/01/2028,,,8,7138,,,,,,,,,,,,,,,,,,,,,,,,,,0,0,0,0,0,0,0,0,0,0,0,0,0,0,0,0,0,0
Albuquerque | D7266C00001 |,13,,11,,,,Albuquerque,D7266C00001,CVOT,adults greater than and equal to 18 years of age,Pipeline,FQ Submitted,07/06/2026,03/15/2027,,,13,6992,,,,,,,,,,,,,,,,,,,,,,,,,,0,0,0,0,0,0,0,0,0,0,0,0,0,0,0,0,0,0
Albuquerque | D8750C00010 |,5,,4,,,,Albuquerque,D8750C00010,Obesity,"18 to 75 Years (Adults, Older Adults)",Pipeline,FQ Submitted,08/01/2026,07/23/2026,,,13,6285,,,,,,,,,,,,,,,,,,,,,,,,,,0,0,0,0,0,0,0,0,0,0,0,0,0,0,0,0,0,0
Albuquerque | D8750C00011 |,5,,4,,,,Albuquerque,D8750C00011,Obesity,"18 to 75 Years (Adults, Older Adults)",Pipeline,FQ Submitted,08/01/2026,06/26/2026,,,13,6305,,,,,,,,,,,,,,,,,,,,,,,,,,0,0,0,0,0,0,0,0,0,0,0,0,0,0,0,0,0,0
Albuquerque | D8750C00012 |,13,,10,,,,Albuquerque,D8750C00012,Obesity,"18 to 75 Years (Adults, Older Adults)",Pipeline,FQ Submitted,08/01/2026,07/31/2026,,,13,6284,,,,,,,,,,,,,,,,,,,,,,,,,,0,0,0,0,0,0,0,0,0,0,0,0,0,0,0,0,0,0
Albuquerque | D8750C00014 |,13,,10,,,,Albuquerque,D8750C00014,Obesity,"18 to 75 Years (Adults, Older Adults)",Pipeline,FQ Submitted,08/01/2026,08/21/2026,,,13,6295,,,,,,,,,,,,,,,,,,,,,,,,,,0,0,0,0,0,0,0,0,0,0,0,0,0,0,0,0,0,0
Albuquerque | ELU42 |,10,,8,,,,Albuquerque,ELU42,Diabetic Foot Ulcer,"18 to 75 Years (Adults, Older Adults)",Pipeline,Potential,04/01/2026,05/22/2026,,,10,6100,,,,,,,,,,,,,,,,,,,,,,,,,,0,0,0,0,0,0,0,0,0,0,0,0,0,0,0,0,0,0
Albuquerque | J3L-MC-EZEF |,15,,12,,,,Albuquerque,J3L-MC-EZEF,Atherosclerotic cardiovascular disease,adults greater than and equal to 18 years of age,Pipeline,Potential,04/01/2026,11/28/2026,,,15,6008,,,,,,,,,,,,,,,,,,,,,,,,,,0,0,0,0,0,0,0,0,0,0,0,0,0,0,0,0,0,0
Albuquerque | MAB02735 |,80,,64,,,,Albuquerque,MAB02735,RSV Vaccine,18 to 49 years of age,Pipeline,Potential,08/01/2026,08/31/2026,,,100,4214,,,,,,,,,,,,,,,,,,,,,,,,,,0,0,0,0,0,0,0,0,0,64,0,0,0,0,0,0,0,0
Albuquerque | MET233-097-25-202 |,N/A,,N/A,,,,N/A,N/A,N/A,N/A,N/A,N/A,N/A,N/A,,,N/A,6811,,,,,,,,,,,,,,,,,,,,,,,,,,1,0,0,1,0,0,1,0,0,0,0,0,0,1,1,0,0,0
02-GI-002-Ayub |,0,,0,,,,Avicenna - Affiliate,02-GI-002-Ayub,Others,"18 to 75 Years (Adults, Older Adults)",Enrolling,Enrolling,01/17/2023,,,,,1721,,,,,,,,,,,,,,,,,,,,,,,,,,,,,,,,,,,,,,,,,,,
Albuquerque | mRNA-1403-P301 | Additional Cohort,75,,45,,,,Albuquerque,mRNA-1403-P301,Norovirus,> 60 years of age,Maintenance,Maintenance,11/26/2025,01/28/2026,,,75,6868,,,,,,,,,,,,,,,,,,,,,,,,,,0,0,0,0,0,0,0,0,0,0,0,0,0,0,0,0,0,0
Albuquerque | NN9388-7864 |,3,,3,,,,Albuquerque,NN9388-7864,Diabetic Neuropathy,18 to 49 years of age,Maintenance,Maintenance,08/15/2025,11/07/2025,,,4,6268,,,,,,,,,,,,,,,,,,,,,,,,,,0,0,0,0,0,0,0,0,0,0,0,0,0,0,0,0,0,0
02-GI-002-Bhuva |,0,,0,,,,Avicenna - Affiliate,02-GI-002-Bhuva,Others,"18 to 75 Years (Adults, Older Adults)",Enrolling,Enrolling,01/17/2023,,,,,1718,,,,,,,,,,,,,,,,,,,,,,,,,,,,,,,,,,,,,,,,,,,
Albuquerque | None at the moment |,0,,0,,,,Albuquerque,None at the moment,Contraception,18 to 49 years of age,Pipeline,Pre-award,01/01/2026,11/14/2026,,,13,5764,,,,,,,,,,,,,,,,,,,,,,,,,,0,0,0,0,0,0,0,0,0,0,0,0,0,0,0,0,0,0
Albuquerque | None at the moment |,0,,0,,,,Albuquerque,None at the moment,Herpes Zoster,"18 to 75 Years (Adults, Older Adults)",Pipeline,Pre-award,04/01/2026,04/01/2027,,,10,5802,,,,,,,,,,,,,,,,,,,,,,,,,,0,0,0,0,0,0,0,0,0,0,0,0,0,0,0,0,0,0
Albuquerque | None at the moment |,0,,0,,,,Albuquerque,None at the moment,Urticaria,"18 to 75 Years (Adults, Older Adults)",Pipeline,Pre-award,04/01/2026,04/01/2027,,,10,5916,,,,,,,,,,,,,,,,,,,,,,,,,,0,0,0,0,0,0,0,0,0,0,0,0,0,0,0,0,0,0
Albuquerque | None at the moment |,0,,0,,,,Albuquerque,None at the moment,Hypothyroidism,"18 to 75 Years (Adults, Older Adults)",Pipeline,Pre-award,01/01/2026,01/01/2027,,,8,5923,,,,,,,,,,,,,,,,,,,,,,,,,,0,0,0,0,0,0,0,0,0,0,0,0,0,0,0,0,0,0
Albuquerque | none at the moment |,0,,0,,,,Albuquerque,none at the moment,Pneumococcal,50 to 80 years of age,Pipeline,Pre-award,03/01/2026,05/31/2026,,,100,5957,,,,,,,,,,,,,,,,,,,,,,,,,,0,0,0,0,0,0,0,0,0,0,0,0,0,0,0,0,0,0
Albuquerque | none at the moment |,0,,0,,,,Albuquerque,none at the moment,Food Allergy,4 to <56 years of age,Pipeline,Pre-award,01/01/2026,11/01/2026,,,10,6020,,,,,,,,,,,,,,,,,,,,,,,,,,0,0,0,0,0,0,0,0,0,0,0,0,0,0,0,0,0,0
Albuquerque | none at the moment |,0,,0,,,,Albuquerque,none at the moment,Pulmonary Hypertension,"18 to 75 Years (Adults, Older Adults)",Pipeline,Pre-award,01/01/2026,01/01/2027,,,10,6064,,,,,,,,,,,,,,,,,,,,,,,,,,0,0,0,0,0,0,0,0,0,0,0,0,0,0,0,0,0,0
Albuquerque | none at the moment |,0,,0,,,,Albuquerque,none at the moment,MASH,"18 to 75 Years (Adults, Older Adults)",Pipeline,Potential,04/01/2026,04/01/2027,,,10,6160,,,,,,,,,,,,,,,,,,,,,,,,,,0,0,0,0,0,0,0,0,0,0,0,0,0,0,0,0,0,0
Albuquerque | none at the moment |,0,,0,,,,Albuquerque,none at the moment,HSV,adults greater than and equal to 18 years of age,Pipeline,Pre-award,04/01/2026,04/01/2027,,,10,6172,,,,,,,,,,,,,,,,,,,,,,,,,,0,0,0,0,0,0,0,0,0,0,0,0,0,0,0,0,0,0
Albuquerque | none at the moment |,0,,0,,,,Albuquerque,none at the moment,Erectile Dysfunction,"18 to 75 Years (Adults, Older Adults)",Pipeline,Pre-award,01/01/2026,07/31/2026,,,15,6194,,,,,,,,,,,,,,,,,,,,,,,,,,0,0,0,0,0,0,0,0,0,0,0,0,0,0,0,0,0,0
Albuquerque | none at the moment |,0,,0,,,,Albuquerque,none at the moment,COVID-19,50 to 65 years of age,Pipeline,Pre-award,4/1/2026,06/01/2026,,,50,6225,,,,,,,,,,,,,,,,,,,,,,,,,,0,0,0,0,0,0,0,0,0,0,0,0,0,0,0,0,0,0
Albuquerque | none at the moment |,0,,0,,,,Albuquerque,none at the moment,CVOT,"18 to 75 Years (Adults, Older Adults)",Pipeline,Pre-award,7/1/2026,07/31/2027,,,122,6364,,,,,,,,,,,,,,,,,,,,,,,,,,0,0,0,0,0,0,0,0,0,0,0,0,0,0,0,0,0,0
Albuquerque | None at the moment |,0,,0,,,,Albuquerque,None at the moment,HSV,adults greater than and equal to 18 years of age,Pipeline,Pre-award,3/1/2026,8/31/2026,,,15,6371,,,,,,,,,,,,,,,,,,,,,,,,,,0,0,0,0,0,0,0,0,0,0,0,0,0,0,0,0,0,0
Albuquerque | none at the moment |,0,,0,,,,Albuquerque,none at the moment,GBS Maternal Vaccine,18 to 49 years of age,Pipeline,Pre-award,4/1/2026,8/28/2026,,,2,6452,,,,,,,,,,,,,,,,,,,,,,,,,,0,0,0,0,0,0,0,0,0,0,0,0,0,0,0,0,0,0
Albuquerque | none at the moment |,0,,0,,,,Albuquerque,none at the moment,Epstein Barr,18 to 20 years of age,Pipeline,Pre-award,7/1/2026,07/01/2027,,,50,6467,,,,,,,,,,,,,,,,,,,,,,,,,,0,0,0,0,0,0,0,0,0,0,0,0,0,0,0,0,0,0
Albuquerque | none at the moment |,0,,0,,,,Albuquerque,none at the moment,colorectal cancer (CRC),"18 to 75 Years (Adults, Older Adults)",Pipeline,Pre-award,4/30/2026,04/30/2027,,,8,6726,,,,,,,,,,,,,,,,,,,,,,,,,,0,0,0,0,0,0,0,0,0,0,0,0,0,0,0,0,0,0
Albuquerque | none at the moment |,0,,0,,,,Albuquerque,none at the moment,Obesity,adults greater than and equal to 18 years of age,Pipeline,Pre-award,5/1/2026,05/01/2027,,,50,6853,,,,,,,,,,,,,,,,,,,,,,,,,,0,0,0,0,0,0,0,0,0,0,0,0,0,0,0,0,0,0
Albuquerque | none at the moment |,0,,0,,,,Albuquerque,none at the moment,ST-elevation Myocardial Infarction,"18 to 75 Years (Adults, Older Adults)",Archive,CRO Not Selected,7/1/2026,12/31/2026,,,6,6974,,,,,,,,,,,,,,,,,,,,,,,,,,0,0,0,0,0,0,0,0,0,0,0,0,0,0,0,0,0,0
Albuquerque | none at the moment |,,,0,,,,Albuquerque,none at the moment,Focal-Onset Seizures,17-70 years of age,Pipeline,Potential,4/1/2026,4/1/2027,,,5,7036,,,,,,,,,,,,,,,,,,,,,,,,,,0,0,0,0,0,0,0,0,0,0,0,0,0,0,0,0,0,0
Albuquerque | none at the moment |,0,,0,,,,Albuquerque,none at the moment,Obesity,adults greater than and equal to 18 years of age,Archive,DM Declined,5/2/2026,2/1/2027,,,8,7041,,,,,,,,,,,,,,,,,,,,,,,,,,0,0,0,0,0,0,0,0,0,0,0,0,0,0,0,0,0,0
Albuquerque | none at the moment |,0,,0,,,,Albuquerque,none at the moment,Chronic Lower Back Pain,adults greater than and equal to 18 years of age,Pipeline,Potential,4/29/2026,07/26/2026,,,8,7068,,,,,,,,,,,,,,,,,,,,,,,,,,0,0,0,0,0,0,0,0,0,0,0,0,0,0,0,0,0,0
Albuquerque | none at the moment |,0,,0,,,,Albuquerque,none at the moment,Influenza,adults greater than and equal to 18 years of age,Pipeline,Potential,7/23/2026,11/13/2026,,,150,7120,,,,,,,,,,,,,,,,,,,,,,,,,,0,0,0,0,0,0,0,0,0,0,0,0,0,0,0,0,0,0
Albuquerque | none at the tmoment |,0,,0,,,,Albuquerque,none at the tmoment,Migraine,"18 to 75 Years (Adults, Older Adults)",Pipeline,Pre-award,2/2/2026,02/02/2027,,,10,6069,,,,,,,,,,,,,,,,,,,,,,,,,,0,0,0,0,0,0,0,0,0,0,0,0,0,0,0,0,0,0
Albuquerque | OAB58677 |,50,,0,,,,Albuquerque,OAB58677,HPV Vaccine,"18 to 75 Years (Adults, Older Adults)",Pipeline,Pre-award,1/1/2026,01/01/2027,,,50,5026,,,,,,,,,,,,,,,,,,,,,,,,,,0,0,0,0,0,0,0,0,0,0,0,0,0,0,0,0,0,0
Albuquerque | OAB71527 |,50,,18,,,,Albuquerque,OAB71527,Shingles,"18 to 75 Years (Adults, Older Adults)",Pipeline,FQ Submitted,3/31/2026,03/31/2027,,,160,5055,,,,,,,,,,,,,,,,,,,,,,,,,,0,0,0,0,0,0,0,0,0,0,0,0,0,0,0,0,0,0
Albuquerque | PAB72224 |,0,,0,,,,Albuquerque,PAB72224,Glabeller Lines,18 to 65 years of age,Pipeline,Pre-award,5/2/2026,05/29/2026,,,10,6102,,,,,,,,,,,,,,,,,,,,,,,,,,0,0,0,0,0,0,0,0,0,0,0,0,0,0,0,0,0,0
Albuquerque | PAB78438 |,0,,0,,,,Albuquerque,PAB78438,Type 2 Diabetes,adults greater than and equal to 18 years of age,Pipeline,Pre-award,7/1/2026,07/01/2027,,,10,6052,,,,,,,,,,,,,,,,,,,,,,,,,,0,0,0,0,0,0,0,0,0,0,0,0,0,0,0,0,0,0
02-GI-002-Kiriluk |,0,,0,,,,Avicenna - Affiliate,02-GI-002-Kiriluk,Others,"18 to 75 Years (Adults, Older Adults)",Enrolling,Enrolling,1/17/2023,,,,,1719,,,,,,,,,,,,,,,,,,,,,,,,,,,,,,,,,,,,,,,,,,,
Albuquerque | VX24-548-111 |,8,,4,,,,Albuquerque,VX24-548-111,Diabetic Neuropathy,adults greater than and equal to 18 years of age,Archive,Not Selected,4/22/2026,04/23/2027,,,3,6942,,,,,,,,,,,,,,,,,,,,,,,,,,0,0,0,0,0,0,0,0,0,0,0,0,0,0,0,0,0,0
Albuquerque | VXB241-002 |,0,,0,,,,Albuquerque,VXB241-002,RSV Vaccine,> 60 years of age,Pipeline,Pre-award,4/1/2026,04/01/2027,,,8,6987,,,,,,,,,,,,,,,,,,,,,,,,,,0,0,0,0,0,0,0,0,0,0,0,0,0,0,0,0,0,0
AOM (Brooklyn) | 1404-0071 |,50,,38,,,,AOM (Brooklyn),1404-0071,Obesity,18 to 49 years of age,Pipeline,Potential,4/1/2026,03/31/2028,,,50,3456,,,,,,,,,,,,,,,,,,,,,,,,,,0,0,0,0,0,0,0,0,0,0,0,0,0,0,0,0,0,0
AOM (Brooklyn) | 20230219 |,3,,2,,,,AOM (Brooklyn),20230219,Gout,adults greater than and equal to 18 years of age,Archive,DM Declined,03/17/2026,06/17/2027,,,3,6839,,,,,,,,,,,,,,,,,,,,,,,,,,0,0,0,0,0,0,0,0,0,0,0,0,0,0,0,0,0,0
AOM (Brooklyn) | 218139 |,200,,140,,,,AOM (Brooklyn),218139,Influenza,18 to 49 years of age,Pipeline,On Hold/Postponed,04/01/2026,04/01/2027,,,200,2637,,,,,,,,,,,,,,,,,,,,,,,,,,0,0,0,0,0,0,0,0,0,0,0,0,0,0,0,0,0,0
AOM (Brooklyn) | 218741 |,50,,35,,,,AOM (Brooklyn),218741,RSV_Flu Vaccine,18 to 49 years of age,Pipeline,On Hold/Postponed,04/01/2026,04/01/2027,,,50,3021,,,,,,,,,,,,,,,,,,,,,,,,,,0,0,0,0,0,0,0,0,0,0,0,0,0,0,0,0,0,0
AOM (Brooklyn) | 221847 |,100,,80,,,,AOM (Brooklyn),221847,COVID-19,adults greater than and equal to 18 years of age,Pipeline,On Hold/Postponed,10/01/2026,04/16/2027,,,225,4998,,,,,,,,,,,,,,,,,,,,,,,,,,0,0,0,0,0,0,0,0,0,0,0,0,0,0,0,0,0,0
AOM (Brooklyn) | 23-14695 |,N/A,,N/A,,,,N/A,N/A,N/A,N/A,N/A,N/A,N/A,N/A,,,N/A,3589,,,,,,,,,,,,,,,,,,,,,,,,,,0,0,0,0,0,0,0,0,0,0,0,0,0,0,0,0,0,0
AOM (Brooklyn) | 276498 |,30,,15,,,,AOM (Brooklyn),276498,Combined Covid + Influenza Vaccine,18 to 49 years of age,Pipeline,Potential,04/01/2026,05/01/2027,,,30,4679,,,,,,,,,,,,,,,,,,,,,,,,,,0,0,0,0,0,0,0,0,0,0,0,0,0,0,0,0,0,0
AOM (Brooklyn) | 289318 |,15,,0,,,,AOM (Brooklyn),289318,Chronic Sinusitis,18 to 49 years of age,Pipeline,Pre-award,04/01/2026,04/01/2027,,,20,4637,,,,,,,,,,,,,,,,,,,,,,,,,,0,0,0,0,0,0,0,0,0,0,0,0,0,0,0,0,0,0
AOM (Brooklyn) | 777806 |,10,,0,,,,AOM (Brooklyn),777806,Diabetic Neuropathy,18 to 49 years of age,Pipeline,Pre-award,04/01/2026,04/01/2027,,,10,4743,,,,,,,,,,,,,,,,,,,,,,,,,,0,0,0,0,0,0,0,0,0,0,0,0,0,0,0,0,0,0
AOM (Brooklyn) | 80120522 |,45,,20,,,,AOM (Brooklyn),80120522,Obesity,"18 to 75 Years (Adults, Older Adults)",Pipeline,Potential,04/01/2026,07/01/2026,,,45,4899,,,,,,,,,,,,,,,,,,,,,,,,,,0,0,0,0,0,0,0,0,0,0,0,0,0,0,0,0,0,0
AOM (Brooklyn) | C4931009 |,75,,60,,,,AOM (Brooklyn),C4931009,Pneumococcal,adults greater than and equal to 18 years of age,Pipeline,On Hold/Postponed,04/21/2026,08/17/2026,,,212,4932,,,,,,,,,,,,,,,,,,,,,,,,,,0,0,0,0,0,0,0,0,0,0,0,0,0,0,0,0,0,0
AOM (Brooklyn) | C4931014 |,60,,40,,,,AOM (Brooklyn),C4931014,Pneumococcal,> 65 years of age,Pipeline,On Hold/Postponed,04/03/2026,06/12/2026,,,50,4959,,,,,,,,,,,,,,,,,,,,,,,,,,0,0,0,0,0,0,0,0,0,0,0,0,0,0,0,0,0,0
AOM (Brooklyn) | D6972C00002/D6972C00003 |,N/A,,N/A,,,,N/A,N/A,N/A,N/A,N/A,N/A,N/A,N/A,,,N/A,3124,,,,,,,,,,,,,,,,,,,,,,,,,,0,0,0,0,0,0,0,0,0,0,0,0,0,0,0,0,0,0
02-GI-002-Yapp |,0,,0,,,,Avicenna - Affiliate,02-GI-002-Yapp,Others,"18 to 75 Years (Adults, Older Adults)",Enrolling,Enrolling,01/17/2023,,,,,1720,,,,,,,,,,,,,,,,,,,,,,,,,,,,,,,,,,,,,,,,,,,
AOM (Brooklyn) | D7265C00001 |,8,,6,,,,AOM (Brooklyn),D7265C00001,Chronic Kidney Disease,adults greater than and equal to 18 years of age,Pipeline,FQ Submitted,06/06/2026,3/1/2028,,,8,7140,,,,,,,,,,,,,,,,,,,,,,,,,,0,0,0,0,0,0,0,0,0,0,0,0,0,0,0,0,0,0
AOM (Brooklyn) | D7266C00001 |,13,,11,,,,AOM (Brooklyn),D7266C00001,CVOT,adults greater than and equal to 18 years of age,Pipeline,FQ Submitted,07/06/2026,3/15/2027,,,13,6999,,,,,,,,,,,,,,,,,,,,,,,,,,0,0,0,0,0,0,0,0,0,0,0,0,0,0,0,0,0,0
AOM (Brooklyn) | ELU42 |,10,,8,,,,AOM (Brooklyn),ELU42,Diabetic Foot Ulcer,"18 to 75 Years (Adults, Older Adults)",Pipeline,Potential,04/01/2026,5/22/2026,,,10,6024,,,,,,,,,,,,,,,,,,,,,,,,,,0,0,0,0,0,0,0,0,0,0,0,0,0,0,0,0,0,0
AOM (Brooklyn) | ENERGI-F703-04 |,8,,5,,,,AOM (Brooklyn),ENERGI-F703-04,Diabetic Foot Ulcer,adults greater than and equal to 18 years of age,Startup,Site Selected,05/06/2026,6/30/2026,,,8,7093,,,,,,,,,,,,,,,,,,,,,,,,,,0,0,0,0,2,0,1,1,1,2,1,1,1,1,1,0,1,0
AOM (Brooklyn) | ERN: 7083 |,50,,35,,,,AOM (Brooklyn),ERN: 7083,COVID-19,18 to 49 years of age,Pipeline,On Hold/Postponed,04/01/2026,4/1/2027,,,50,2304,,,,,,,,,,,,,,,,,,,,,,,,,,0,0,0,0,0,0,0,0,0,0,0,0,0,0,0,0,0,0
AOM (Brooklyn) | J3L-MC-EZEF |,15,,12,,,,AOM (Brooklyn),J3L-MC-EZEF,Atherosclerotic cardiovascular disease,adults greater than and equal to 18 years of age,Pipeline,Potential,04/01/2026,11/28/2026,,,15,6010,,,,,,,,,,,,,,,,,,,,,,,,,,0,0,0,0,0,0,0,0,0,0,0,0,0,0,0,0,0,0
AOM (Brooklyn) | MAB02735 |,80,,64,,,,AOM (Brooklyn),MAB02735,RSV Vaccine,18 to 49 years of age,Pipeline,Potential,08/01/2026,8/31/2026,,,100,4218,,,,,,,,,,,,,,,,,,,,,,,,,,0,0,0,0,0,0,0,0,0,64,0,0,0,0,0,0,0,0
AOM (Brooklyn) | MAB39093 |,10,,7,,,,AOM (Brooklyn),MAB39093,Heart Failure,18 to 49 years of age,Pipeline,Potential,04/01/2026,10/1/2028,,,10,4794,,,,,,,,,,,,,,,,,,,,,,,,,,0,0,0,0,0,0,0,0,0,0,0,0,0,0,0,0,0,0
AOM (Brooklyn) | mRNA-1189-P301 |,15,,12,,,,AOM (Brooklyn),mRNA-1189-P301,Epstein Barr,Teenage (12 to 17),Pipeline,Potential,04/01/2026,4/1/2027,,,15,2837,,,,,,,,,,,,,,,,,,,,,,,,,,0,0,0,1,0,1,0,1,0,1,0,1,0,1,0,1,0,1
AOM (Brooklyn) | mRNA-1468-P301 |,150,,120,,,,AOM (Brooklyn),mRNA-1468-P301,Herpes Zoster,Elderly Adults (50+),Pipeline,On Hold/Postponed,06/01/2026,6/1/2027,,,150,2484,,,,,,,,,,,,,,,,,,,,,,,,,,0,0,0,0,0,0,0,0,0,0,0,0,0,0,0,0,0,0
AOM (Brooklyn) | None at the moment |,200,,0,,,,AOM (Brooklyn),None at the moment,Cancer Screening,50 to 80 years of age,Pipeline,Pre-award,01/17/2026,1/18/2027,,,200,5633,,,,,,,,,,,,,,,,,,,,,,,,,,0,0,0,0,0,0,0,0,0,0,0,0,0,0,0,0,0,0
AOM (Brooklyn) | None at the moment |,2,,0,,,,AOM (Brooklyn),None at the moment,Acute Respiratory,"18 to 75 Years (Adults, Older Adults)",Pipeline,Pre-award,01/01/2026,1/1/2027,,,2,5712,,,,,,,,,,,,,,,,,,,,,,,,,,0,0,0,0,0,0,0,0,0,0,0,0,0,0,0,0,0,0
AOM (Brooklyn) | None at the moment |,0,,0,,,,AOM (Brooklyn),None at the moment,Herpes Zoster,"18 to 75 Years (Adults, Older Adults)",Pipeline,Pre-award,04/01/2026,4/1/2027,,,10,5803,,,,,,,,,,,,,,,,,,,,,,,,,,0,0,0,0,0,0,0,0,0,0,0,0,0,0,0,0,0,0
AOM (Brooklyn) | None at the moment |,0,,0,,,,AOM (Brooklyn),None at the moment,Urticaria,"18 to 75 Years (Adults, Older Adults)",Pipeline,Pre-award,04/01/2026,4/1/2027,,,10,5917,,,,,,,,,,,,,,,,,,,,,,,,,,0,0,0,0,0,0,0,0,0,0,0,0,0,0,0,0,0,0
AOM (Brooklyn) | None at the moment |,0,,0,,,,AOM (Brooklyn),None at the moment,Hypothyroidism,"18 to 75 Years (Adults, Older Adults)",Pipeline,Pre-award,01/01/2026,1/1/2027,,,8,5924,,,,,,,,,,,,,,,,,,,,,,,,,,0,0,0,0,0,0,0,0,0,0,0,0,0,0,0,0,0,0
AOM (Brooklyn) | none at the moment |,0,,0,,,,AOM (Brooklyn),none at the moment,Pneumococcal,50 to 80 years of age,Pipeline,Pre-award,03/01/2026,5/31/2026,,,75,5960,,,,,,,,,,,,,,,,,,,,,,,,,,0,0,0,0,0,0,0,0,0,0,0,0,0,0,0,0,0,0
AOM (Brooklyn) | none at the moment |,0,,0,,,,AOM (Brooklyn),none at the moment,Pulmonary Hypertension,"18 to 75 Years (Adults, Older Adults)",Pipeline,Pre-award,01/01/2026,1/1/2027,,,10,6065,,,,,,,,,,,,,,,,,,,,,,,,,,0,0,0,0,0,0,0,0,0,0,0,0,0,0,0,0,0,0
AOM (Brooklyn) | none at the moment |,0,,0,,,,AOM (Brooklyn),none at the moment,HSV,adults greater than and equal to 18 years of age,Pipeline,Pre-award,04/01/2026,4/1/2027,,,10,6186,,,,,,,,,,,,,,,,,,,,,,,,,,0,0,0,0,0,0,0,0,0,0,0,0,0,0,0,0,0,0
AOM (Brooklyn) | none at the moment |,0,,0,,,,AOM (Brooklyn),none at the moment,Erectile Dysfunction,"18 to 75 Years (Adults, Older Adults)",Pipeline,Pre-award,01/01/2026,7/31/2026,,,21,6199,,,,,,,,,,,,,,,,,,,,,,,,,,0,0,0,0,0,0,0,0,0,0,0,0,0,0,0,0,0,0
AOM (Brooklyn) | none at the moment |,0,,0,,,,AOM (Brooklyn),none at the moment,CVOT,"18 to 75 Years (Adults, Older Adults)",Pipeline,Pre-award,7/1/2026,7/31/2027,,,125,6369,,,,,,,,,,,,,,,,,,,,,,,,,,0,0,0,0,0,0,0,0,0,0,0,0,0,0,0,0,0,0
AOM (Brooklyn) | none at the moment |,0,,0,,,,AOM (Brooklyn),none at the moment,IBS,adults greater than and equal to 18 years of age,Pipeline,Pre-award,04/01/2026,04/01/2027,,,20,6437,,,,,,,,,,,,,,,,,,,,,,,,,,0,0,0,0,0,0,0,0,0,0,0,0,0,0,0,0,0,0
AOM (Brooklyn) | none at the moment |,0,,0,,,,AOM (Brooklyn),none at the moment,Chronic Pain,adults greater than and equal to 18 years of age,Pipeline,Pre-award,04/01/2026,04/01/2027,,,20,6445,,,,,,,,,,,,,,,,,,,,,,,,,,0,0,0,0,0,0,0,0,0,0,0,0,0,0,0,0,0,0
AOM (Brooklyn) | none at the moment |,0,,0,,,,AOM (Brooklyn),none at the moment,colorectal cancer (CRC),"18 to 75 Years (Adults, Older Adults)",Pipeline,Pre-award,04/30/2026,04/30/2027,,,8,6734,,,,,,,,,,,,,,,,,,,,,,,,,,0,0,0,0,0,0,0,0,0,0,0,0,0,0,0,0,0,0
AOM (Brooklyn) | none at the moment |,0,,0,,,,AOM (Brooklyn),none at the moment,Chronic Cough,"18 to 75 Years (Adults, Older Adults)",Pipeline,FQ Submitted,05/02/2026,02/28/2027,,,36,7105,,,,,,,,,,,,,,,,,,,,,,,,,,0,0,0,0,0,0,0,0,0,0,0,0,0,0,0,0,0,0
AOM (Brooklyn) | none at the tmoment |,0,,0,,,,AOM (Brooklyn),none at the tmoment,Migraine,"18 to 75 Years (Adults, Older Adults)",Pipeline,Pre-award,02/02/2026,02/02/2027,,,10,6086,,,,,,,,,,,,,,,,,,,,,,,,,,0,0,0,0,0,0,0,0,0,0,0,0,0,0,0,0,0,0
AOM (Brooklyn) | OAB71527 |,50,,18,,,,AOM (Brooklyn),OAB71527,Shingles,"18 to 75 Years (Adults, Older Adults)",Pipeline,FQ Submitted,03/31/2026,03/31/2027,,,160,5054,,,,,,,,,,,,,,,,,,,,,,,,,,0,0,0,0,0,0,0,0,0,0,0,0,0,0,0,0,0,0
AOM (Brooklyn) | R3500 |,10,,8,,,,AOM (Brooklyn),R3500,Asthma,12 years of age and older,Archive,Not Selected,04/03/2026,04/01/2027,,,11,5949,,,,,,,,,,,,,,,,,,,,,,,,,,0,1,0,1,0,1,0,1,0,1,0,0,0,1,0,1,0,0
AOM (Brooklyn) | RAB35102 |,8,,5,,,,AOM (Brooklyn),RAB35102,Lyme,18 to 55 years of age,Pipeline,Potential,05/08/2026,05/30/2026,,,8,7084,,,,,,,,,,,,,,,,,,,,,,,,,,0,0,0,0,0,0,0,0,0,0,0,0,0,0,0,0,0,0
AOM (Brooklyn) | ST-1891-301 |,N/A,,N/A,,,,N/A,N/A,N/A,N/A,N/A,N/A,N/A,N/A,,,N/A,2766,,,,,,,,,,,,,,,,,,,,,,,,,,0,0,0,1,0,1,0,0,0,1,0,1,0,0,0,0,0,0
AOM (Brooklyn) | V201_05 |,250,,0,,,,AOM (Brooklyn),V201_05,Influenza,18 to 49 years of age,Pipeline,On Hold/Postponed,03/01/2027,05/31/2027,,,250,4188,,,,,,,,,,,,,,,,,,,,,,,,,,0,0,0,0,0,0,0,0,0,0,0,0,0,0,0,0,0,0
AOM (Brooklyn) | VAX31-104 |,60,,48,,,,AOM (Brooklyn),VAX31-104,Pneumococcal,18 to 49 years of age,Pipeline,Potential,04/01/2026,04/01/2027,,,60,2509,,,,,,,,,,,,,,,,,,,,,,,,,,0,0,0,0,0,0,0,0,0,0,0,0,0,0,0,0,0,0
Bellaire | 1378-0021 |,4,,4,,,,Bellaire,1378-0021,Hypertension,18 to 49 years of age,Pipeline,Potential,04/01/2026,04/01/2027,,,4,4337,,,,,,,,,,,,,,,,,,,,,,,,,,0,0,0,0,0,1,0,0,0,0,0,0,0,0,0,0,0,0
Bellaire | 1404-0051 |,10,,8,,,,Bellaire,1404-0051,Obesity,Adolescent (5 to 12),Pipeline,Potential,04/11/2026,04/11/2028,,,10,3458,,,,,,,,,,,,,,,,,,,,,,,,,,0,0,0,0,0,0,0,0,0,0,0,0,0,0,0,0,0,0
Bellaire | 20230219 |,3,,2,,,,Bellaire,20230219,Gout,adults greater than and equal to 18 years of age,Archive,DM Declined,3/17/2026,06/17/2027,,,3,6840,,,,,,,,,,,,,,,,,,,,,,,,,,0,0,0,0,0,0,0,0,0,0,0,0,0,0,0,0,0,0
Bellaire | 218130 |,150,,100,,,,Bellaire,218130,Influenza,> 65 years of age,Startup,Site Selected,09/01/2026,10/30/2026,,,150,2464,,,,,,,,,,,,,,,,,,,,,,,,,,0,0,0,0,0,0,0,0,0,0,0,0,0,0,0,0,0,0
Bellaire | 218132 |,80,,60,,,,Bellaire,218132,Influenza,18 to 49 years of age,Pipeline,PSV Completed,10/01/2026,12/15/2026,,,150,2465,,,,,,,,,,,,,,,,,,,,,,,,,,0,0,0,0,0,0,0,0,0,0,0,0,0,0,0,0,0,0
Bellaire | 218139 |,200,,140,,,,Bellaire,218139,Influenza,18 to 49 years of age,Pipeline,On Hold/Postponed,04/01/2026,04/01/2027,,,200,2466,,,,,,,,,,,,,,,,,,,,,,,,,,0,0,0,0,0,0,0,0,0,0,0,0,0,0,0,0,0,0
Bellaire | 218741 |,50,,35,,,,Bellaire,218741,RSV_Flu Vaccine,18 to 49 years of age,Pipeline,On Hold/Postponed,04/01/2026,04/01/2027,,,50,3018,,,,,,,,,,,,,,,,,,,,,,,,,,0,0,0,0,0,0,0,0,0,0,0,0,0,0,0,0,0,0
Bellaire | 221847 |,200,,160,,,,Bellaire,221847,COVID-19,adults greater than and equal to 18 years of age,Pipeline,On Hold/Postponed,10/1/2026,04/16/2027,,,250,4999,,,,,,,,,,,,,,,,,,,,,,,,,,0,0,0,0,0,0,0,0,0,0,0,0,0,0,0,0,0,0
Bellaire | 24073 |,12,,6,,,,Bellaire,24073,Major Depressive Disorder,18 to 49 years of age,Pipeline,Potential,4/2/2026,04/02/2027,,,12,4677,,,,,,,,,,,,,,,,,,,,,,,,,,0,0,0,0,0,1,0,0,0,0,0,0,0,0,0,0,0,0
Bellaire | 283275 |,10,,7,,,,Bellaire,283275,COVID-19,18 to 49 years of age,Pipeline,Potential,4/1/2026,04/01/2027,,,10,5072,,,,,,,,,,,,,,,,,,,,,,,,,,0,0,0,0,0,0,0,0,0,0,0,0,0,0,0,0,0,0
Bellaire | 293273 |,10,,7,,,,Bellaire,293273,COVID-19,18 to 49 years of age,Pipeline,Potential,4/1/2026,4/1/2027,,,10,5071,,,,,,,,,,,,,,,,,,,,,,,,,,0,0,0,0,0,0,0,0,0,0,0,0,0,0,0,0,0,0
Bellaire | 294110 |,10,,0,,,,Bellaire,294110,Restless Legs Syndrome,18 to 49 years of age,Pipeline,Pre-award,4/1/2026,04/01/2027,,,10,5450,,,,,,,,,,,,,,,,,,,,,,,,,,0,0,0,0,0,0,0,0,0,0,0,0,0,0,0,0,0,0
2018-07 |,0,,0,,,,Avicenna - Affiliate,2018-07,Others,"18 to 75 Years (Adults, Older Adults)",Enrolling,Enrolling,1/17/2023,,,,,1712,,,,,,,,,,,,,,,,,,,,,,,,,,,,,,,,,,,,,,,,,,,
3150-301-008 |,10,,0,,,,Avicenna - Affiliate,3150-301-008,Others,≥ 21 and < 65 years of age,Enrolling,Enrolling,1/23/2023,01/23/2024,,,10,1711,,,,,,,,,,,,,,,,,,,,,,,,,,,,,,,,,,,,,,,,,,,
Albuquerque | C4591081 |,135,,135,,,,Albuquerque,C4591081,COVID-19,50 to 65 years of age,Maintenance,Maintenance,1/9/2026,06/15/2026,,,200,6754,,,,,,,,,,,,,,,,,,,,,,,,,,0,0,0,0,0,0,0,0,0,0,0,0,0,0,0,0,0,0
Bellaire | 777082 |,4,,4,,,,Bellaire,777082,Alzheimer's Disease,Elderly Adults (50+),Archive,CRO Not Selected,4/1/2026,06/28/2026,,,4,4450,,,,,,,,,,,,,,,,,,,,,,,,,,0,0,0,0,0,0,0,0,0,0,0,0,0,0,0,0,0,0
Bellaire | 80120522 |,45,,20,,,,Bellaire,80120522,Obesity,"18 to 75 Years (Adults, Older Adults)",Pipeline,Potential,4/1/2026,07/01/2026,,,45,4898,,,,,,,,,,,,,,,,,,,,,,,,,,0,0,0,0,0,0,0,0,0,0,0,0,0,0,0,0,0,0
Bellaire | C4591081 |,135,,135,,,,Bellaire,C4591081,COVID-19,50 to 65 years of age,Maintenance,Maintenance,1/29/2026,06/15/2026,,,120,6751,,,,,,,,,,,,,,,,,,,,,,,,,,0,0,0,0,0,0,0,0,0,0,0,0,0,0,0,0,0,0
Albuquerque | NN9838-7909 |,10,,7,,,,Albuquerque,NN9838-7909,Obesity,adults greater than and equal to 18 years of age,Archive,Canceled,4/1/2026,07/17/2026,,,16,6929,,,,,,,,,,,,,,,,,,,,,,,,,,10,4,10,5,6,5,2,2,0,0,0,0,,,,,,
Bellaire | ALN-AGT01-008 |,10,,8,,,,Bellaire,ALN-AGT01-008,Hypertension,18 to 49 years of age,Pipeline,FQ Submitted,5/1/2026,04/01/2027,,,20,5882,,,,,,,,,,,,,,,,,,,,,,,,,,0,0,0,1,0,0,0,1,0,1,0,0,0,1,0,1,0,0
Albuquerque | VBD00002 |,80,,64,,,,Albuquerque,VBD00002,RSV Vaccine,Elderly Adults (50+),Pipeline,On Hold/Postponed,10/02/2027,,,,100,3976,,,,,,,,,,,,,,,,,,,,,,,,,,0,0,0,0,0,0,0,0,0,0,0,0,0,0,0,0,0,0
Bellaire | BC #139639-01 |,10,,0,,,,Bellaire,BC #139639-01,UTI,adults greater than and equal to 18 years of age,Pipeline,Pre-award,04/01/2026,04/01/2027,,,10,5456,,,,,,,,,,,,,,,,,,,,,,,,,,0,0,0,0,0,0,0,0,0,0,0,0,0,0,0,0,0,0
Bellaire | BC#136259-01 | Study 3,5,,5,,,,Bellaire,BC#136259-01,Pneumococcal,"Healthy Toddlers, Children & Adolescents",Archive,CRO Not Selected,04/01/2026,01/30/2027,,,5,4614,,,,,,,,,,,,,,,,,,,,,,,,,,0,0,0,0,0,0,0,0,0,0,0,0,0,0,0,0,0,0
Bellaire | BC#139082-01 |,10,,0,,,,Bellaire,BC#139082-01,Restless Legs Syndrome,"18 to 75 Years (Adults, Older Adults)",Pipeline,Pre-award,04/01/2026,06/26/2026,,,10,5427,,,,,,,,,,,,,,,,,,,,,,,,,,0,0,0,0,0,0,0,0,0,0,0,0,0,0,0,0,0,0
Bellaire | C4931009 |,75,,60,,,,Bellaire,C4931009,Pneumococcal,adults greater than and equal to 18 years of age,Pipeline,On Hold/Postponed,04/21/2026,08/17/2026,,,212,4931,,,,,,,,,,,,,,,,,,,,,,,,,,0,0,0,0,0,0,0,0,0,0,0,0,0,0,0,0,0,0
Bellaire | C4931014 |,60,,40,,,,Bellaire,C4931014,Pneumococcal,> 65 years of age,Pipeline,On Hold/Postponed,04/03/2026,06/12/2026,,,50,4960,,,,,,,,,,,,,,,,,,,,,,,,,,0,0,0,0,0,0,0,0,0,0,0,0,0,0,0,0,0,0
Bellaire | C5301007/ERN 7053 |,60,,40,,,,Bellaire,C5301007/ERN 7053,Migraine,18 to 49 years of age,Pipeline,On Hold/Postponed,01/01/2026,06/17/2029,,,60,2293,,,,,,,,,,,,,,,,,,,,,,,,,,0,0,0,0,0,0,0,0,0,0,0,0,0,0,0,0,0,0
Bellaire | C6271002 |,181,,153,,,,Bellaire,C6271002,Influenza,adults greater than and equal to 18 years of age,Pipeline,On Hold/Postponed,09/05/2026,10/01/2026,,,215,6414,,,,,,,,,,,,,,,,,,,,,,,,,,0,0,0,0,0,0,0,0,0,0,0,0,0,0,0,0,0,0
Bellaire | CTP2S2911A4B2 |,5,,3,,,,Bellaire,CTP2S2911A4B2,Major Depressive Disorder,"18 to 75 Years (Adults, Older Adults)",Pipeline,Potential,04/01/2026,11/30/2026,,,8,5692,,,,,,,,,,,,,,,,,,,,,,,,,,0,0,0,0,0,0,0,0,0,0,0,0,0,0,0,0,0,0
Bellaire | CV2 SARS-COV2-014/123336-01/220749 |,40,,20,,,,Bellaire,CV2 SARS-COV2-014/123336-01/220749,COVID-19,18 to 49 years of age,Pipeline,On Hold/Postponed,01/01/2026,06/01/2026,,,40,2723,,,,,,,,,,,,,,,,,,,,,,,,,,0,0,0,0,0,0,0,0,0,0,0,0,0,0,0,0,0,0
Bellaire | ELU42 |,10,,8,,,,Bellaire,ELU42,Diabetic Foot Ulcer,"18 to 75 Years (Adults, Older Adults)",Pipeline,Potential,04/01/2026,05/22/2026,,,10,6025,,,,,,,,,,,,,,,,,,,,,,,,,,0,0,0,0,0,0,0,0,0,0,0,0,0,0,0,0,0,0
Bellaire | ERN 7158 |,50,,30,,,,Bellaire,ERN 7158,Streptococcus,18 to 49 years of age,Archive,CRO Not Selected,04/01/2026,06/25/2027,,,20,2670,,,,,,,,,,,,,,,,,,,,,,,,,,0,0,0,0,0,0,0,0,0,0,0,0,0,0,0,0,0,0
Bellaire | ERN 7601 |,10,,7,,,,Bellaire,ERN 7601,Major Depressive Disorder,18 to 49 years of age,Pipeline,Potential,04/01/2026,04/01/2027,,,10,4793,,,,,,,,,,,,,,,,,,,,,,,,,,0,0,0,0,0,0,0,0,0,0,0,0,0,0,0,0,0,0
Bellaire | ERN: 7083 |,50,,35,,,,Bellaire,ERN: 7083,COVID-19,18 to 49 years of age,Pipeline,On Hold/Postponed,04/01/2026,4/1/2027,,,50,2301,,,,,,,,,,,,,,,,,,,,,,,,,,0,0,0,0,0,0,0,0,0,0,0,0,0,0,0,0,0,0
Bellaire | 384-201-00006 |,8,,4,,,,Bellaire,384-201-00006,Bipolar Disorder with Depression,18 to 65 years of age,Archive,Canceled,07/25/2026,08/01/2027,,,8,7080,,,,,,,,,,,,,,,,,,,,,,,,,,0,0,0,0,1,1,0,0,1,0,0,0,1,1,0,0,1,0
Bellaire | MAB02735 |,120,,100,,,,Bellaire,MAB02735,RSV Vaccine,18 to 49 years of age,Pipeline,Potential,08/01/2026,08/31/2026,,,100,4206,,,,,,,,,,,,,,,,,,,,,,,,,,0,0,0,0,0,0,0,0,0,100,0,0,0,0,0,0,0,0
Bellaire | 42847922MDD3003 | Part 1,8,,1,,,,Bellaire,42847922MDD3003,Major Depressive Disorder,18 to 49 years of age,Enrolling,Enrolling,08/08/2024,05/01/2026,,,10,3706,,,,,,,,,,,,,,,,,,,,,,,,,,0,0,0,0,0,0,0,0,0,0,0,0,0,0,0,0,0,0
Bellaire | mRNA-1083-P303 |,50,,40,,,,Bellaire,mRNA-1083-P303,Combined Covid + Influenza Vaccine,"18 to 75 Years (Adults, Older Adults)",Archive,Canceled,02/01/2026,02/01/2027,,,50,4628,,,,,,,,,,,,,,,,,,,,,,,,,,0,0,0,0,0,0,0,0,0,0,0,0,0,0,0,0,0,0
Bellaire | mRNA-1189-P301 |,15,,12,,,,Bellaire,mRNA-1189-P301,Epstein Barr,Teenage (12 to 17),Pipeline,Potential,04/01/2026,04/01/2027,,,15,2834,,,,,,,,,,,,,,,,,,,,,,,,,,0,0,0,1,0,1,0,1,0,1,0,1,0,1,0,1,0,1
Bellaire | 42847922MDD3003 | Part 2,10,,10,,,,Bellaire,42847922MDD3003,Major Depressive Disorder,18 to 49 years of age,Enrolling,Greenlight Received,02/28/2026,05/01/2026,,,10,4344,,,,,,,,,,,,,,,,,,,,,,,,,,0,0,0,0,0,0,0,0,0,0,0,0,0,0,0,0,0,0
Bellaire | mRNA-1283-P301 | Part 2,200,,100,,,,Bellaire,mRNA-1283-P301,COVID-19,18 to 49 years of age,Pipeline,On Hold/Postponed,01/01/2026,01/01/2027,,,200,2948,,,,,,,,,,,,,,,,,,,,,,,,,,0,0,0,0,0,0,0,0,0,0,0,0,0,0,0,0,0,0
Bellaire | mRNA-1283-P302 | N/A,20,,10,,,,Bellaire,mRNA-1283-P302,COVID-19,Infant (0 to 2),Pipeline,On Hold/Postponed,01/01/2026,05/18/2026,,,20,2056,,,,,,,,,,,,,,,,,,,,,,,,,,0,0,0,0,0,0,0,0,0,0,0,0,0,0,0,0,0,0
Bellaire | mRNA-1403-P301 | Additional Cohort,75,,45,,,,Bellaire,mRNA-1403-P301,Norovirus,> 60 years of age,Maintenance,Maintenance,11/26/2025,01/28/2026,,,75,6869,,,,,,,,,,,,,,,,,,,,,,,,,,0,0,0,0,0,0,0,0,0,0,0,0,0,0,0,0,0,0
Bellaire | mRNA-1468-P301 |,150,,120,,,,Bellaire,mRNA-1468-P301,Herpes Zoster,Elderly Adults (50+),Pipeline,On Hold/Postponed,06/01/2026,06/01/2027,,,150,2481,,,,,,,,,,,,,,,,,,,,,,,,,,0,0,0,0,0,0,0,0,0,0,0,0,0,0,0,0,0,0
Bellaire | mRNA-1975/1982-P102 |,60,,42,,,,Bellaire,mRNA-1975/1982-P102,Lyme,Adolescent (5 to 12),Pipeline,On Hold/Postponed,01/01/2026,01/01/2027,,,60,3180,,,,,,,,,,,,,,,,,,,,,,,,,,0,0,0,0,0,0,0,0,0,0,0,0,0,0,0,0,0,0
Bellaire | NBI-1065845-MDD3024 |,10,,7,,,,Bellaire,NBI-1065845-MDD3024,Major Depressive Disorder,"18 to 75 Years (Adults, Older Adults)",Archive,CRO Not Selected,04/01/2026,08/28/2026,,,10,4569,,,,,,,,,,,,,,,,,,,,,,,,,,0,0,0,0,0,0,0,0,0,0,0,0,0,0,0,0,0,0
Bellaire | NN9388-7864 |,3,,3,,,,Bellaire,NN9388-7864,Diabetic Neuropathy,18 to 49 years of age,Maintenance,Maintenance,08/15/2025,11/07/2025,,,3,6269,,,,,,,,,,,,,,,,,,,,,,,,,,0,0,0,0,0,0,0,0,0,0,0,0,0,0,0,0,0,0
Bellaire | NN9838-7909 |,10,,7,,,,Bellaire,NN9838-7909,Obesity,adults greater than and equal to 18 years of age,Archive,Canceled,03/27/2026,,,,12,6931,,,,,,,,,,,,,,,,,,,,,,,,,,0,0,0,0,0,0,0,0,0,0,0,0,0,0,0,0,0,0
Bellaire | 821P203 |,12,,8,,,,Bellaire,821P203,Major Depressive Disorder,"18 to 75 Years (Adults, Older Adults)",Enrolling,Greenlight Received,01/19/2026,12/31/2026,,,12,7116,,,,,,,,,,,,,,,,,,,,,,,,,,1,0,1,1,1,1,1,1,1,1,1,1,1,1,1,1,1,0
Bellaire | ACP-211-002 |,10,,10,,,,Bellaire,ACP-211-002,Major Depressive Disorder,18 to 65 years of age,Enrolling,Greenlight Received,01/14/2026,05/30/2026,,,12,6700,,,,,,,,,,,,,,,,,,,,,,,,,,0,0,0,0,0,0,0,0,0,0,0,0,0,0,0,0,0,0
Bellaire | No information |,0,,0,,,,Bellaire,No information,Obesity,18 to 49 years of age,Pipeline,Pre-award,01/01/2026,01/01/2027,,,50,5079,,,,,,,,,,,,,,,,,,,,,,,,,,0,0,0,0,0,0,0,0,0,0,0,0,0,0,0,0,0,0
Bellaire | No information |,0,,0,,,,Bellaire,No information,Obesity,18 to 49 years of age,Pipeline,Pre-award,1/5/2026,2/3/2027,,,50,5080,,,,,,,,,,,,,,,,,,,,,,,,,,0,0,0,0,0,0,0,0,0,0,0,0,0,0,0,0,0,0
Bellaire | No information |,50,,0,,,,Bellaire,No information,Obesity,18 to 49 years of age,Pipeline,Pre-award,1/5/2026,02/03/2027,,,50,5087,,,,,,,,,,,,,,,,,,,,,,,,,,0,0,0,0,0,0,0,0,0,0,0,0,0,0,0,0,0,0
Bellaire | No information |,50,,0,,,,Bellaire,No information,Obesity,18 to 49 years of age,Pipeline,Pre-award,1/5/2026,01/05/2027,,,50,5094,,,,,,,,,,,,,,,,,,,,,,,,,,0,0,0,0,0,0,0,0,0,0,0,0,0,0,0,0,0,0
Bellaire | No information |,50,,0,,,,Bellaire,No information,Obesity,18 to 49 years of age,Pipeline,Pre-award,01/05/2026,01/05/2027,,,50,5101,,,,,,,,,,,,,,,,,,,,,,,,,,0,0,0,0,0,0,0,0,0,0,0,0,0,0,0,0,0,0
Bellaire | No information |,50,,0,,,,Bellaire,No information,Obesity,18 to 49 years of age,Pipeline,Pre-award,01/05/2026,01/05/2027,,,50,5108,,,,,,,,,,,,,,,,,,,,,,,,,,0,0,0,0,0,0,0,0,0,0,0,0,0,0,0,0,0,0
Bellaire | No information |,50,,0,,,,Bellaire,No information,Obesity,18 to 49 years of age,Pipeline,Pre-award,01/05/2026,01/05/2027,,,50,5115,,,,,,,,,,,,,,,,,,,,,,,,,,0,0,0,0,0,0,0,0,0,0,0,0,0,0,0,0,0,0
Bellaire | No information |,50,,0,,,,Bellaire,No information,Obesity,18 to 49 years of age,Pipeline,Pre-award,01/05/2026,01/05/2027,,,50,5122,,,,,,,,,,,,,,,,,,,,,,,,,,0,0,0,0,0,0,0,0,0,0,0,0,0,0,0,0,0,0
Bellaire | No information |,50,,0,,,,Bellaire,No information,Obesity,18 to 49 years of age,Pipeline,Pre-award,01/05/2026,01/05/2027,,,50,5129,,,,,,,,,,,,,,,,,,,,,,,,,,0,0,0,0,0,0,0,0,0,0,0,0,0,0,0,0,0,0
Bellaire | No information |,50,,0,,,,Bellaire,No information,Obesity,18 to 49 years of age,Pipeline,Pre-award,01/05/2026,01/05/2027,,,50,5136,,,,,,,,,,,,,,,,,,,,,,,,,,0,0,0,0,0,0,0,0,0,0,0,0,0,0,0,0,0,0
Bellaire | No information |,50,,0,,,,Bellaire,No information,Obesity,18 to 49 years of age,Pipeline,Pre-award,01/05/2026,1/5/2027,,,50,5143,,,,,,,,,,,,,,,,,,,,,,,,,,0,0,0,0,0,0,0,0,0,0,0,0,0,0,0,0,0,0
Bellaire | No information |,50,,0,,,,Bellaire,No information,Obesity,18 to 49 years of age,Pipeline,Pre-award,01/05/2026,01/05/2027,,,50,5150,,,,,,,,,,,,,,,,,,,,,,,,,,0,0,0,0,0,0,0,0,0,0,0,0,0,0,0,0,0,0
Bellaire | No information |,50,,0,,,,Bellaire,No information,Obesity,18 to 49 years of age,Pipeline,Pre-award,01/05/2026,1/5/2027,,,50,5157,,,,,,,,,,,,,,,,,,,,,,,,,,0,0,0,0,0,0,0,0,0,0,0,0,0,0,0,0,0,0
Bellaire | No information |,10,,0,,,,Bellaire,No information,Obesity,18 to 49 years of age,Pipeline,On Hold/Postponed,01/02/2026,1/2/2027,,,10,5231,,,,,,,,,,,,,,,,,,,,,,,,,,0,0,0,0,0,0,0,0,0,0,0,0,0,0,0,0,0,0
Bellaire | none at the moment |,65,,40,,,,Bellaire,none at the moment,RSV Vaccine,18 to 49 years of age,Archive,Not Selected,04/01/2026,6/28/2026,,,65,5169,,,,,,,,,,,,,,,,,,,,,,,,,,0,0,0,0,0,0,0,0,0,0,0,0,0,0,0,0,0,0
Bellaire | None at the moment |,0,,0,,,,Bellaire,None at the moment,Contraception,18 to 49 years of age,Pipeline,Pre-award,01/01/2026,11/14/2026,,,13,5765,,,,,,,,,,,,,,,,,,,,,,,,,,0,0,0,0,0,0,0,0,0,0,0,0,0,0,0,0,0,0
Bellaire | None at the moment |,0,,0,,,,Bellaire,None at the moment,Obesity,"18 to 75 Years (Adults, Older Adults)",Pipeline,Pre-award,01/01/2026,1/1/2027,,,8,5785,,,,,,,,,,,,,,,,,,,,,,,,,,0,0,0,0,0,0,0,0,0,0,0,0,0,0,0,0,0,0
Bellaire | None at the moment |,0,,0,,,,Bellaire,None at the moment,Herpes Zoster,"18 to 75 Years (Adults, Older Adults)",Pipeline,Pre-award,04/01/2026,4/1/2027,,,10,5804,,,,,,,,,,,,,,,,,,,,,,,,,,0,0,0,0,0,0,0,0,0,0,0,0,0,0,0,0,0,0
Bellaire | None at the moment |,0,,0,,,,Bellaire,None at the moment,Type 2 Diabetes,"18 to 75 Years (Adults, Older Adults)",Pipeline,Pre-award,04/01/2026,4/1/2027,,,8,5825,,,,,,,,,,,,,,,,,,,,,,,,,,0,0,0,0,0,0,0,0,0,0,0,0,0,0,0,0,0,0
Bellaire | none at the moment |,0,,0,,,,Bellaire,none at the moment,Pneumococcal,50 to 80 years of age,Pipeline,Pre-award,03/01/2026,5/31/2026,,,75,5958,,,,,,,,,,,,,,,,,,,,,,,,,,0,0,0,0,0,0,0,0,0,0,0,0,0,0,0,0,0,0
Bellaire | none at the moment |,0,,0,,,,Bellaire,none at the moment,Major Depressive Disorder,"18 to 75 Years (Adults, Older Adults)",Pipeline,Pre-award,01/01/2026,1/1/2027,,,8,6116,,,,,,,,,,,,,,,,,,,,,,,,,,0,0,0,0,0,0,0,0,0,0,0,0,0,0,0,0,0,0
Bellaire | none at the moment |,0,,0,,,,Bellaire,none at the moment,HSV,adults greater than and equal to 18 years of age,Pipeline,Pre-award,04/01/2026,4/1/2027,,,10,6173,,,,,,,,,,,,,,,,,,,,,,,,,,0,0,0,0,0,0,0,0,0,0,0,0,0,0,0,0,0,0
Bellaire | none at the moment |,0,,0,,,,Bellaire,none at the moment,Erectile Dysfunction,"18 to 75 Years (Adults, Older Adults)",Pipeline,Pre-award,1/1/2026,7/31/2026,,,15,6195,,,,,,,,,,,,,,,,,,,,,,,,,,0,0,0,0,0,0,0,0,0,0,0,0,0,0,0,0,0,0
Bellaire | None at the moment |,0,,0,,,,Bellaire,None at the moment,HSV,adults greater than and equal to 18 years of age,Pipeline,Pre-award,03/01/2026,8/31/2026,,,15,6372,,,,,,,,,,,,,,,,,,,,,,,,,,0,0,0,0,0,0,0,0,0,0,0,0,0,0,0,0,0,0
Bellaire | none at the moment |,0,,0,,,,Bellaire,none at the moment,Epstein Barr,18 to 20 years of age,Pipeline,Pre-award,07/01/2026,07/01/2027,,,50,6465,,,,,,,,,,,,,,,,,,,,,,,,,,0,0,0,0,0,0,0,0,0,0,0,0,0,0,0,0,0,0
Bellaire | none at the moment |,0,,0,,,,Bellaire,none at the moment,colorectal cancer (CRC),"18 to 75 Years (Adults, Older Adults)",Pipeline,Pre-award,04/30/2026,04/30/2027,,,8,6727,,,,,,,,,,,,,,,,,,,,,,,,,,0,0,0,0,0,0,0,0,0,0,0,0,0,0,0,0,0,0
Bellaire | none at the moment |,6,,3,,,,Bellaire,none at the moment,Major Depressive Disorder,adults greater than and equal to 18 years of age,Pipeline,FQ Submitted,04/01/2026,03/31/2027,,,8,6824,,,,,,,,,,,,,,,,,,,,,,,,,,0,0,0,0,0,0,0,0,0,0,0,0,0,0,0,0,0,0
Bellaire | none at the moment |,0,,0,,,,Bellaire,none at the moment,Alzheimer's Disease,50 to 80 years of age,Pipeline,Pre-award,01/01/2026,01/01/2027,,,8,6828,,,,,,,,,,,,,,,,,,,,,,,,,,0,0,0,0,0,0,0,0,0,0,0,0,0,0,0,0,0,0
Bellaire | none at the moment |,0,,0,,,,Bellaire,none at the moment,Major Depressive Disorder,"18 to 75 Years (Adults, Older Adults)",Pipeline,Pre-award,12/29/2025,01/30/2026,,,3,6833,,,,,,,,,,,,,,,,,,,,,,,,,,0,0,0,0,0,0,0,0,0,0,0,0,0,0,0,0,0,0
Bellaire | none at the moment |,0,,0,,,,Bellaire,none at the moment,Pulmonary Hypertension,adults greater than and equal to 18 years of age,Pipeline,Pre-award,01/01/2026,01/01/2027,,,8,6834,,,,,,,,,,,,,,,,,,,,,,,,,,0,0,0,0,0,0,0,0,0,0,0,0,0,0,0,0,0,0
Bellaire | none at the moment |,0,,0,,,,Bellaire,none at the moment,Others,adults greater than and equal to 18 years of age,Pipeline,Potential,04/01/2026,04/01/2027,,,8,6947,,,,,,,,,,,,,,,,,,,,,,,,,,0,0,0,0,0,0,0,0,0,0,0,0,0,0,0,0,0,0
Bellaire | none at the moment |,0,,0,,,,Bellaire,none at the moment,ST-elevation Myocardial Infarction,"18 to 75 Years (Adults, Older Adults)",Archive,CRO Not Selected,07/01/2026,12/31/2026,,,6,6975,,,,,,,,,,,,,,,,,,,,,,,,,,0,0,0,0,0,0,0,0,0,0,0,0,0,0,0,0,0,0
Bellaire | none at the moment |,0,,0,,,,Bellaire,ML-007C-MA-212,No Information,18 to 65 years of age,Pipeline,FQ Submitted,04/01/2026,07/30/2027,,,10,7003,,,,,,,,,,,,,,,,,,,,,,,,,,0,0,0,0,0,0,0,0,0,0,0,0,0,0,0,0,0,0
Bellaire | none at the moment |,0,,0,,,,Bellaire,none at the moment,Type 2 Diabetes,18 to 65 years of age,Pipeline,Potential,04/01/2026,04/01/2027,,,10,7039,,,,,,,,,,,,,,,,,,,,,,,,,,0,0,0,0,0,0,0,0,0,0,0,0,0,0,0,0,0,0
Bellaire | none at the moment |,0,,0,,,,Bellaire,none at the moment,Obesity,adults greater than and equal to 18 years of age,Archive,DM Declined,05/02/2026,02/01/2027,,,8,7043,,,,,,,,,,,,,,,,,,,,,,,,,,0,0,0,0,0,0,0,0,0,0,0,0,0,0,0,0,0,0
Bellaire | none at the moment |,0,,0,,,,Bellaire,none at the moment,Depression,adults greater than and equal to 18 years of age,Pipeline,Potential,03/02/2026,03/02/2027,,,8,7058,,,,,,,,,,,,,,,,,,,,,,,,,,0,0,0,0,0,0,0,0,0,0,0,0,0,0,0,0,0,0
Bellaire | none at the moment |,0,,0,,,,Bellaire,none at the moment,Chronic Lower Back Pain,adults greater than and equal to 18 years of age,Pipeline,Potential,04/29/2026,7/26/2026,,,8,7069,,,,,,,,,,,,,,,,,,,,,,,,,,0,0,0,0,0,0,0,0,0,0,0,0,0,0,0,0,0,0
Bellaire | none at the moment |,0,,0,,,,Bellaire,none at the moment,Major Depressive Disorder,18-64,Pipeline,Potential,05/02/2026,04/02/2026,,,8,7090,,,,,,,,,,,,,,,,,,,,,,,,,,0,0,0,0,0,0,0,0,0,0,0,0,0,0,0,0,0,0
Bellaire | none at the moment |,0,,0,,,,Bellaire,none at the moment,Influenza,adults greater than and equal to 18 years of age,Pipeline,Potential,07/23/2026,11/13/2026,,,175,7121,,,,,,,,,,,,,,,,,,,,,,,,,,0,0,0,0,0,0,0,0,0,0,0,0,0,0,0,0,0,0
Bellaire | none at the tmoment |,0,,0,,,,Bellaire,none at the tmoment,Migraine,"18 to 75 Years (Adults, Older Adults)",Pipeline,Pre-award,02/02/2026,02/02/2027,,,10,6070,,,,,,,,,,,,,,,,,,,,,,,,,,0,0,0,0,0,0,0,0,0,0,0,0,0,0,0,0,0,0
Bellaire | OAB71527 |,50,,18,,,,Bellaire,OAB71527,Shingles,"18 to 75 Years (Adults, Older Adults)",Pipeline,FQ Submitted,03/31/2026,03/31/2027,,,200,5053,,,,,,,,,,,,,,,,,,,,,,,,,,0,0,0,0,0,0,0,0,0,0,0,0,0,0,0,0,0,0
Bellaire | PAB72224 |,0,,0,,,,Bellaire,PAB72224,Glabeller Lines,18 to 65 years of age,Pipeline,Pre-award,05/02/2026,05/29/2026,,,10,6103,,,,,,,,,,,,,,,,,,,,,,,,,,0,0,0,0,0,0,0,0,0,0,0,0,0,0,0,0,0,0
Bellaire | RIV-HU6-2203 |,10,,7,,,,Bellaire,RIV-HU6-2203,Obesity,"18 to 75 Years (Adults, Older Adults)",Pipeline,On Hold/Postponed,04/01/2026,07/01/2026,,,10,5238,,,,,,,,,,,,,,,,,,,,,,,,,,0,0,0,0,0,0,0,0,0,0,0,0,0,0,0,0,0,0
Bellaire | S-21-02 | 1,10,,7,,,,Bellaire,S-21-02,PTSD,18 to 65 years of age,Archive,Not Selected,04/30/2026,04/30/2027,,,25,4124,,,,,,,,,,,,,,,,,,,,,,,,,,0,0,0,0,0,0,0,0,0,0,0,0,0,0,0,0,0,0
Bellaire | V201-08 |,110,,70,,,,Bellaire,V201-08,Influenza,Adolescent (5 to 12),Pipeline,Potential,04/18/2026,01/15/2027,,,100,4195,,,,,,,,,,,,,,,,,,,,,,,,,,0,0,0,6,0,9,0,3,0,0,0,0,0,0,0,0,0,0
Bellaire | VAX31-104 |,60,,48,,,,Bellaire,VAX31-104,Pneumococcal,18 to 49 years of age,Pipeline,Potential,04/01/2026,04/01/2027,,,60,2506,,,,,,,,,,,,,,,,,,,,,,,,,,0,0,0,4,0,4,0,3,0,5,0,3,0,5,0,3,0,4
Bellaire | ALTO-100-211 |,6,,1,,,,Bellaire,ALTO-100-211,Depression,18 to 49 years of age,Closed,Pre-Closed,09/13/2024,03/30/2026,,,1,4428,,,,,,,,,,,,,,,,,,,,,,,,,,0,0,0,0,0,0,0,0,1,1,0,0,0,0,0,0,0,0
Boston | C4591081 |,135,,135,,,,Boston,C4591081,COVID-19,50 to 65 years of age,Maintenance,Maintenance,01/09/2026,06/15/2026,,,200,6882,,,,,,,,,,,,,,,,,,,,,,,,,,0,0,0,0,0,0,0,0,0,0,0,0,0,0,0,0,0,0
Bellaire | ITI-007-505 |,11,,8,,,,Bellaire,ITI-007-505,Major Depressive Disorder,18 to 49 years of age,Enrolling,Enrolling,07/03/2023,07/12/2027,,,10,1580,,,,,,,,,,,,,,,,,,,,,,,,,,0,0,1,1,1,2,1,2,1,1,1,1,1,1,1,1,1,1
Kool Kids | 224349 |,34,,15,,,,Kool Kids,224349,MMRVNS Vaccine,6 months to < 12 years of age,Startup,Site Selected,04/24/2026,08/24/2027,,,34,6895,,,,,,,,,,,,,,,,,,,,,,,,,,0,0,0,0,3,1,4,2,4,1,3,3,4,3,3,2,4,3
Bellaire | VX24-548-111 |,8,,4,,,,Bellaire,VX24-548-111,Diabetic Neuropathy,adults greater than and equal to 18 years of age,Archive,Not Selected,04/22/2026,04/23/2027,,,8,6935,,,,,,,,,,,,,,,,,,,,,,,,,,0,0,0,0,0,0,0,0,0,0,0,0,0,0,0,0,0,0
Boston | 20230219 |,3,,2,,,,Boston,20230219,Gout,adults greater than and equal to 18 years of age,Archive,DM Declined,03/17/2026,06/17/2027,,,3,6841,,,,,,,,,,,,,,,,,,,,,,,,,,0,0,0,0,0,0,0,0,0,0,0,0,0,0,0,0,0,0
Boston | 218130 |,150,,100,,,,Boston,218130,Influenza,> 65 years of age,Startup,Site Selected,09/01/2026,10/30/2026,,,150,2613,,,,,,,,,,,,,,,,,,,,,,,,,,0,0,0,0,0,0,0,0,0,0,0,0,0,0,0,0,0,0
Boston | 218132 |,90,,90,,,,Boston,218132,Influenza,18 to 49 years of age,Pipeline,PSV Completed,10/01/2026,12/15/2026,,,150,2624,,,,,,,,,,,,,,,,,,,,,,,,,,0,0,0,0,0,0,0,0,0,0,0,0,0,0,0,0,0,0
Boston | 218139 |,200,,140,,,,Boston,218139,Influenza,18 to 49 years of age,Pipeline,On Hold/Postponed,04/01/2026,04/01/2027,,,200,2635,,,,,,,,,,,,,,,,,,,,,,,,,,0,0,0,0,0,0,0,0,0,0,0,0,0,0,0,0,0,0
Boston | 218741 |,50,,35,,,,Boston,218741,RSV_Flu Vaccine,18 to 49 years of age,Pipeline,On Hold/Postponed,04/01/2026,04/01/2027,,,50,3019,,,,,,,,,,,,,,,,,,,,,,,,,,0,0,0,0,0,0,0,0,0,0,0,0,0,0,0,0,0,0
Boston | 221847 |,200,,160,,,,Boston,221847,COVID-19,adults greater than and equal to 18 years of age,Pipeline,On Hold/Postponed,10/01/2026,04/16/2027,,,225,5000,,,,,,,,,,,,,,,,,,,,,,,,,,0,0,0,0,0,0,0,0,0,0,0,0,0,0,0,0,0,0
Boston | 7061759 |,3,,0,,,,Boston,7061759,Immunoglobulin G4-Related Disease,"18 to 75 Years (Adults, Older Adults)",Pipeline,Pre-award,04/01/2026,07/28/2027,,,4,5476,,,,,,,,,,,,,,,,,,,,,,,,,,0,0,0,0,0,0,0,0,0,0,0,0,0,0,0,0,0,0
Boston | AIC316-01-III-01 |,0,,0,,,,Boston,AIC316-01-III-01,HSV Treatment,adults greater than and equal to 18 years of age,Archive,DM Declined,05/28/2026,12/03/2026,,,4,6213,,,,,,,,,,,,,,,,,,,,,,,,,,0,0,0,0,0,0,0,0,0,0,0,0,0,0,0,0,0,0
Boston | BC #139639-01 |,7,,0,,,,Boston,BC #139639-01,UTI,adults greater than and equal to 18 years of age,Pipeline,Pre-award,04/01/2026,04/01/2027,,,10,5457,,,,,,,,,,,,,,,,,,,,,,,,,,0,0,0,0,0,0,0,0,0,0,0,0,0,0,0,0,0,0
Dallas-Fort Worth | 301160 |,8,,6,,,,Dallas-Fort Worth,301160,MASH,"18 to 75 Years (Adults, Older Adults)",Enrolling,Greenlight Received,04/20/2026,8/28/2027,,,8,5659,,,,,,,,,,,,,,,,,,,,,,,,,,0,0,0,0,1,1,1,1,1,1,1,1,1,1,1,1,1,1
Boston | C4931009 |,75,,60,,,,Boston,C4931009,Pneumococcal,adults greater than and equal to 18 years of age,Pipeline,On Hold/Postponed,04/21/2026,08/17/2026,,,212,4924,,,,,,,,,,,,,,,,,,,,,,,,,,0,0,0,0,0,0,0,0,0,0,0,0,0,0,0,0,0,0
Boston | C4931014 |,60,,40,,,,Boston,C4931014,Pneumococcal,> 65 years of age,Pipeline,On Hold/Postponed,04/03/2026,06/12/2026,,,50,4961,,,,,,,,,,,,,,,,,,,,,,,,,,0,0,0,0,0,0,0,0,0,0,0,0,0,0,0,0,0,0
Boston | C6271002 |,205,,146,,,,Boston,C6271002,Influenza,adults greater than and equal to 18 years of age,Pipeline,On Hold/Postponed,09/05/2026,10/01/2026,,,347,6143,,,,,,,,,,,,,,,,,,,,,,,,,,0,0,0,0,0,0,0,0,0,0,0,0,0,0,0,0,0,0
Boston | D6405C00001 |,8,,5,,,,Boston,D6405C00001,Chronic Kidney Disease,"18 to 75 Years (Adults, Older Adults)",Pipeline,On Hold/Postponed,04/27/2026,4/27/2027,,,20,5732,,,,,,,,,,,,,,,,,,,,,,,,,,0,0,0,0,0,0,0,0,0,0,0,0,0,0,0,0,0,0
Boston | D6940C00002 |,8,,6,,,,Boston,D6940C00002,Rheumatoid Arthritis,"18 to 75 Years (Adults, Older Adults)",Pipeline,Potential,04/01/2026,4/1/2027,,,8,5782,,,,,,,,,,,,,,,,,,,,,,,,,,0,0,0,0,0,0,0,0,0,0,0,0,0,0,0,0,0,0
Boston | D7130C00002 |,8,,6,,,,Boston,D7130C00002,Rheumatoid Arthritis,"18 to 75 Years (Adults, Older Adults)",Pipeline,Potential,04/01/2026,4/1/2027,,,8,5779,,,,,,,,,,,,,,,,,,,,,,,,,,0,0,0,0,0,0,0,0,0,0,0,0,0,0,0,0,0,0
Dallas-Fort Worth | 306246 |,8,,6,,,,Dallas-Fort Worth,306246,MASH,"18 to 75 Years (Adults, Older Adults)",Enrolling,Greenlight Received,4/20/2026,8/28/2027,,,3,5666,,,,,,,,,,,,,,,,,,,,,,,,,,0,0,0,0,1,1,1,1,1,1,1,1,1,1,1,1,1,1
Boston | D8750C00010 |,5,,4,,,,Boston,D8750C00010,Obesity,"18 to 75 Years (Adults, Older Adults)",Pipeline,FQ Submitted,8/1/2026,7/23/2026,,,13,6286,,,,,,,,,,,,,,,,,,,,,,,,,,0,0,0,0,0,0,0,0,0,0,0,0,0,0,0,0,0,0
Boston | D8750C00011 |,5,,4,,,,Boston,D8750C00011,Obesity,"18 to 75 Years (Adults, Older Adults)",Pipeline,FQ Submitted,08/01/2026,6/26/2026,,,13,6306,,,,,,,,,,,,,,,,,,,,,,,,,,0,0,0,0,0,0,0,0,0,0,0,0,0,0,0,0,0,0
Boston | D8750C00012 |,13,,10,,,,Boston,D8750C00012,Obesity,"18 to 75 Years (Adults, Older Adults)",Pipeline,FQ Submitted,08/01/2026,7/31/2026,,,13,6277,,,,,,,,,,,,,,,,,,,,,,,,,,0,0,0,0,0,0,0,0,0,0,0,0,0,0,0,0,0,0
Boston | D8750C00014 |,13,,10,,,,Boston,D8750C00014,Obesity,"18 to 75 Years (Adults, Older Adults)",Pipeline,FQ Submitted,08/01/2026,8/21/2026,,,13,6297,,,,,,,,,,,,,,,,,,,,,,,,,,0,0,0,0,0,0,0,0,0,0,0,0,0,0,0,0,0,0
Boston | ELU42 |,10,,8,,,,Boston,ELU42,Diabetic Foot Ulcer,"18 to 75 Years (Adults, Older Adults)",Pipeline,Potential,04/01/2026,5/22/2026,,,10,6026,,,,,,,,,,,,,,,,,,,,,,,,,,0,0,0,0,0,0,0,0,0,0,0,0,0,0,0,0,0,0
Boston | ERN: 7083 |,50,,35,,,,Boston,ERN: 7083,COVID-19,18 to 49 years of age,Pipeline,On Hold/Postponed,04/01/2026,4/1/2027,,,50,2302,,,,,,,,,,,,,,,,,,,,,,,,,,0,0,0,0,0,0,0,0,0,0,0,0,0,0,0,0,0,0
Boston | J3L-MC-EZEF |,15,,12,,,,Boston,J3L-MC-EZEF,Atherosclerotic cardiovascular disease,adults greater than and equal to 18 years of age,Pipeline,Potential,04/01/2026,11/28/2026,,,15,6009,,,,,,,,,,,,,,,,,,,,,,,,,,0,0,0,2,0,0,0,0,0,0,0,0,0,0,0,0,0,0
Boston | MAB02735 |,80,,64,,,,Boston,MAB02735,RSV Vaccine,18 to 49 years of age,Pipeline,Potential,08/01/2026,08/31/2026,,,100,4207,,,,,,,,,,,,,,,,,,,,,,,,,,0,0,0,0,0,0,0,0,0,64,0,0,0,0,0,0,0,0
Boston | MET233-097-25-202 |,N/A,,N/A,,,,N/A,N/A,N/A,N/A,N/A,N/A,N/A,N/A,,,N/A,6812,,,,,,,,,,,,,,,,,,,,,,,,,,1,0,0,1,0,0,1,0,0,0,0,1,1,0,0,0,0,0
Boston | mRNA-1189-P301 |,15,,12,,,,Boston,mRNA-1189-P301,Epstein Barr,Teenage (12 to 17),Pipeline,Potential,04/01/2026,04/01/2027,,,15,2835,,,,,,,,,,,,,,,,,,,,,,,,,,0,0,0,1,0,1,0,1,0,1,0,1,0,1,0,1,0,1
Chicago | C4591081 |,135,,135,,,,Chicago,C4591081,COVID-19,50 to 65 years of age,Maintenance,Maintenance,01/09/2026,06/15/2026,,,200,6758,,,,,,,,,,,,,,,,,,,,,,,,,,0,0,0,0,0,0,0,0,0,0,0,0,0,0,0,0,0,0
Boston | mRNA-1283-P301 | Part 2,200,,100,,,,Boston,mRNA-1283-P301,COVID-19,18 to 49 years of age,Pipeline,On Hold/Postponed,01/01/2026,01/01/2027,,,200,2949,,,,,,,,,,,,,,,,,,,,,,,,,,0,0,0,0,0,0,0,0,0,0,0,0,0,0,0,0,0,0
Boston | mRNA-1403-P301 | Additional Cohort,94,,56,,,,Boston,mRNA-1403-P301,Norovirus,> 60 years of age,Maintenance,Maintenance,11/26/2025,01/28/2026,,,94,6870,,,,,,,,,,,,,,,,,,,,,,,,,,0,0,0,0,0,0,0,0,0,0,0,0,0,0,0,0,0,0
Boston | mRNA-1468-P301 |,150,,120,,,,Boston,mRNA-1468-P301,Herpes Zoster,Elderly Adults (50+),Pipeline,On Hold/Postponed,06/01/2026,06/01/2027,,,150,2482,,,,,,,,,,,,,,,,,,,,,,,,,,0,0,0,0,0,0,0,0,0,0,0,0,0,0,0,0,0,0
Boston | No information |,0,,0,,,,Boston,No information,Obesity,18 to 49 years of age,Pipeline,Pre-award,01/01/2026,01/01/2027,,,50,5074,,,,,,,,,,,,,,,,,,,,,,,,,,0,0,0,0,0,0,0,0,0,0,0,0,0,0,0,0,0,0
Boston | No information |,50,,0,,,,Boston,No information,Obesity,18 to 49 years of age,Pipeline,Pre-award,01/05/2026,02/03/2027,,,50,5081,,,,,,,,,,,,,,,,,,,,,,,,,,0,0,0,0,0,0,0,0,0,0,0,0,0,0,0,0,0,0
Boston | No information |,50,,0,,,,Boston,No information,Obesity,18 to 49 years of age,Pipeline,Pre-award,01/05/2026,02/03/2027,,,50,5088,,,,,,,,,,,,,,,,,,,,,,,,,,0,0,0,0,0,0,0,0,0,0,0,0,0,0,0,0,0,0
Boston | No information |,50,,0,,,,Boston,No information,Obesity,18 to 49 years of age,Pipeline,Pre-award,01/05/2026,01/05/2027,,,50,5095,,,,,,,,,,,,,,,,,,,,,,,,,,0,0,0,0,0,0,0,0,0,0,0,0,0,0,0,0,0,0
Boston | No information |,50,,0,,,,Boston,No information,Obesity,18 to 49 years of age,Pipeline,Pre-award,01/05/2026,01/05/2027,,,50,5102,,,,,,,,,,,,,,,,,,,,,,,,,,0,0,0,0,0,0,0,0,0,0,0,0,0,0,0,0,0,0
Boston | No information |,50,,0,,,,Boston,No information,Obesity,18 to 49 years of age,Pipeline,Pre-award,01/05/2026,01/05/2027,,,50,5109,,,,,,,,,,,,,,,,,,,,,,,,,,0,0,0,0,0,0,0,0,0,0,0,0,0,0,0,0,0,0
Boston | No information |,50,,0,,,,Boston,No information,Obesity,18 to 49 years of age,Pipeline,Pre-award,01/05/2026,01/05/2027,,,50,5116,,,,,,,,,,,,,,,,,,,,,,,,,,0,0,0,0,0,0,0,0,0,0,0,0,0,0,0,0,0,0
Boston | No information |,50,,0,,,,Boston,No information,Obesity,18 to 49 years of age,Pipeline,Pre-award,01/05/2026,01/05/2027,,,50,5123,,,,,,,,,,,,,,,,,,,,,,,,,,0,0,0,0,0,0,0,0,0,0,0,0,0,0,0,0,0,0
Boston | No information |,50,,0,,,,Boston,No information,Obesity,18 to 49 years of age,Pipeline,Pre-award,01/05/2026,01/05/2027,,,50,5130,,,,,,,,,,,,,,,,,,,,,,,,,,0,0,0,0,0,0,0,0,0,0,0,0,0,0,0,0,0,0
Boston | No information |,50,,0,,,,Boston,No information,Obesity,18 to 49 years of age,Pipeline,Pre-award,01/05/2026,01/05/2027,,,50,5137,,,,,,,,,,,,,,,,,,,,,,,,,,0,0,0,0,0,0,0,0,0,0,0,0,0,0,0,0,0,0
Boston | No information |,50,,0,,,,Boston,No information,Obesity,18 to 49 years of age,Pipeline,Pre-award,01/05/2026,01/05/2027,,,50,5144,,,,,,,,,,,,,,,,,,,,,,,,,,0,0,0,0,0,0,0,0,0,0,0,0,0,0,0,0,0,0
Boston | No information |,50,,0,,,,Boston,No information,Obesity,18 to 49 years of age,Pipeline,Pre-award,01/05/2026,01/05/2027,,,50,5151,,,,,,,,,,,,,,,,,,,,,,,,,,0,0,0,0,0,0,0,0,0,0,0,0,0,0,0,0,0,0
Boston | No information |,50,,0,,,,Boston,No information,Obesity,18 to 49 years of age,Pipeline,Pre-award,01/05/2026,01/05/2027,,,50,5158,,,,,,,,,,,,,,,,,,,,,,,,,,0,0,0,0,0,0,0,0,0,0,0,0,0,0,0,0,0,0
Boston | No information |,10,,0,,,,Boston,No information,Obesity,18 to 49 years of age,Pipeline,On Hold/Postponed,01/02/2026,01/02/2027,,,10,5229,,,,,,,,,,,,,,,,,,,,,,,,,,0,0,0,0,0,0,0,0,0,0,0,0,0,0,0,0,0,0
Boston | None at the moment |,0,,0,,,,Boston,None at the moment,COVID-19,"18 to 75 Years (Adults, Older Adults)",Pipeline,Pre-award,03/01/2026,03/01/2027,,,10,5715,,,,,,,,,,,,,,,,,,,,,,,,,,0,0,0,0,0,0,0,0,0,0,0,0,0,0,0,0,0,0
Boston | None at the moment |,0,,0,,,,Boston,None at the moment,COVID-19,> 65 years of age,Pipeline,Pre-award,09/01/2026,09/01/2027,,,15,5754,,,,,,,,,,,,,,,,,,,,,,,,,,0,0,0,0,0,0,0,0,0,0,0,0,0,0,0,0,0,0
Boston | None at the moment |,0,,0,,,,Boston,None at the moment,Contraception,18 to 49 years of age,Pipeline,Pre-award,01/01/2026,11/14/2026,,,13,5766,,,,,,,,,,,,,,,,,,,,,,,,,,0,0,0,0,0,0,0,0,0,0,0,0,0,0,0,0,0,0
Boston | None at the moment |,0,,0,,,,Boston,None at the moment,Herpes Zoster,"18 to 75 Years (Adults, Older Adults)",Pipeline,Pre-award,04/01/2026,04/01/2027,,,10,5805,,,,,,,,,,,,,,,,,,,,,,,,,,0,0,0,0,0,0,0,0,0,0,0,0,0,0,0,0,0,0
Boston | None at the moment |,0,,0,,,,Boston,None at the moment,Plague,18 to 55 years of age,Pipeline,Pre-award,01/01/2026,01/01/2027,,,10,5827,,,,,,,,,,,,,,,,,,,,,,,,,,0,0,0,0,0,0,0,0,0,0,0,0,0,0,0,0,0,0
Boston | None at the moment |,0,,0,,,,Boston,None at the moment,Urticaria,"18 to 75 Years (Adults, Older Adults)",Pipeline,Pre-award,04/01/2026,04/01/2027,,,10,5918,,,,,,,,,,,,,,,,,,,,,,,,,,0,0,0,0,0,0,0,0,0,0,0,0,0,0,0,0,0,0
Boston | None at the moment |,0,,0,,,,Boston,None at the moment,Hypothyroidism,"18 to 75 Years (Adults, Older Adults)",Pipeline,Pre-award,01/01/2026,01/01/2027,,,8,5925,,,,,,,,,,,,,,,,,,,,,,,,,,0,0,0,0,0,0,0,0,0,0,0,0,0,0,0,0,0,0
Boston | none at the moment |,0,,0,,,,Boston,none at the moment,Pneumococcal,50 to 80 years of age,Pipeline,Pre-award,03/01/2026,05/31/2026,,,100,5959,,,,,,,,,,,,,,,,,,,,,,,,,,0,0,0,0,0,0,0,0,0,0,0,0,0,0,0,0,0,0
Boston | none at the moment |,0,,0,,,,Boston,none at the moment,Rheumatoid Arthritis,adults greater than and equal to 18 years of age,Pipeline,Potential,04/01/2026,04/01/2027,,,10,6151,,,,,,,,,,,,,,,,,,,,,,,,,,0,0,0,0,0,0,0,0,0,0,0,0,0,0,0,0,0,0
Boston | none at the moment |,0,,0,,,,Boston,none at the moment,HSV,adults greater than and equal to 18 years of age,Pipeline,Pre-award,04/01/2026,4/1/2027,,,8,6174,,,,,,,,,,,,,,,,,,,,,,,,,,0,0,0,0,0,0,0,0,0,0,0,0,0,0,0,0,0,0
Boston | none at the moment |,0,,0,,,,Boston,none at the moment,Erectile Dysfunction,"18 to 75 Years (Adults, Older Adults)",Pipeline,Pre-award,01/01/2026,7/31/2026,,,15,6196,,,,,,,,,,,,,,,,,,,,,,,,,,0,0,0,0,0,0,0,0,0,0,0,0,0,0,0,0,0,0
Boston | none at the moment |,0,,0,,,,Boston,none at the moment,CVOT,"18 to 75 Years (Adults, Older Adults)",Pipeline,Pre-award,07/01/2026,7/31/2027,,,122,6363,,,,,,,,,,,,,,,,,,,,,,,,,,0,0,0,0,0,0,0,0,0,0,0,0,0,0,0,0,0,0
Boston | None at the moment |,0,,0,,,,Boston,None at the moment,HSV,adults greater than and equal to 18 years of age,Pipeline,Pre-award,03/01/2026,8/31/2026,,,14,6373,,,,,,,,,,,,,,,,,,,,,,,,,,0,0,0,0,0,0,0,0,0,0,0,0,0,0,0,0,0,0
Boston | none at the moment |,0,,0,,,,Boston,none at the moment,Obesity,"18 to 75 Years (Adults, Older Adults)",Pipeline,Pre-award,01/06/2026,1/6/2027,,,15,6402,,,,,,,,,,,,,,,,,,,,,,,,,,0,0,0,0,0,0,0,0,0,0,0,0,0,0,0,0,0,0
Boston | none at the moment |,0,,0,,,,Boston,none at the moment,IBS,adults greater than and equal to 18 years of age,Pipeline,Pre-award,04/01/2026,04/01/2027,,,20,6438,,,,,,,,,,,,,,,,,,,,,,,,,,0,0,0,0,0,0,0,0,0,0,0,0,0,0,0,0,0,0
Boston | none at the moment |,0,,0,,,,Boston,none at the moment,Epstein Barr,18 to 20 years of age,Pipeline,Pre-award,07/01/2026,07/01/2027,,,50,6459,,,,,,,,,,,,,,,,,,,,,,,,,,0,0,0,0,0,0,0,0,0,0,0,0,0,0,0,0,0,0
Boston | none at the moment |,0,,0,,,,Boston,none at the moment,colorectal cancer (CRC),"18 to 75 Years (Adults, Older Adults)",Pipeline,Pre-award,04/30/2026,04/30/2027,,,8,6728,,,,,,,,,,,,,,,,,,,,,,,,,,0,0,0,0,0,0,0,0,0,0,0,0,0,0,0,0,0,0
Boston | none at the moment |,0,,0,,,,Boston,none at the moment,Obesity,adults greater than and equal to 18 years of age,Archive,CRO Not Selected,05/01/2026,5/1/2027,,,50,6854,,,,,,,,,,,,,,,,,,,,,,,,,,0,0,0,0,0,0,0,0,0,0,0,0,0,0,0,0,0,0
Boston | none at the moment |,0,,0,,,,Boston,none at the moment,Osteoarthritis,"18 to 75 Years (Adults, Older Adults)",Pipeline,Pre-award,01/01/2026,01/29/2027,,,10,6891,,,,,,,,,,,,,,,,,,,,,,,,,,0,0,0,0,0,0,0,0,0,0,0,0,0,0,0,0,0,0
Bellaire | VBD00002 |,80,,64,,,,Bellaire,VBD00002,RSV Vaccine,Elderly Adults (50+),Pipeline,On Hold/Postponed,10/02/2027,,,,80,3867,,,,,,,,,,,,,,,,,,,,,,,,,,0,0,0,0,0,0,0,0,0,0,0,0,0,0,0,0,0,0
Boston | none at the moment |,0,,0,,,,Boston,none at the moment,ST-elevation Myocardial Infarction,"18 to 75 Years (Adults, Older Adults)",Archive,CRO Not Selected,07/01/2026,12/31/2026,,,6,6986,,,,,,,,,,,,,,,,,,,,,,,,,,0,0,0,0,0,0,0,0,0,0,0,0,0,0,0,0,0,0
Boston | none at the moment |,0,,0,,,,Boston,none at the moment,Obesity,adults greater than and equal to 18 years of age,Archive,DM Declined,05/02/2026,02/01/2027,,,8,7042,,,,,,,,,,,,,,,,,,,,,,,,,,0,0,0,0,0,0,0,0,0,0,0,0,0,0,0,0,0,0
Boston | none at the moment |,0,,0,,,,Boston,none at the moment,Influenza,adults greater than and equal to 18 years of age,Pipeline,Potential,07/23/2026,11/13/2026,,,150,7122,,,,,,,,,,,,,,,,,,,,,,,,,,0,0,0,0,0,0,0,0,0,0,0,0,0,0,0,0,0,0
Boston | none at the tmoment |,0,,0,,,,Boston,none at the tmoment,Migraine,"18 to 75 Years (Adults, Older Adults)",Pipeline,Pre-award,02/02/2026,2/2/2027,,,10,6072,,,,,,,,,,,,,,,,,,,,,,,,,,0,0,0,0,0,0,0,0,0,0,0,0,0,0,0,0,0,0
Boston | OAB71527 |,50,,18,,,,Boston,OAB71527,Shingles,"18 to 75 Years (Adults, Older Adults)",Pipeline,FQ Submitted,03/31/2026,3/31/2027,,,175,5052,,,,,,,,,,,,,,,,,,,,,,,,,,0,0,0,0,0,0,0,0,0,0,0,0,0,0,0,0,0,0
Boston | PAB72224 |,0,,0,,,,Boston,PAB72224,Glabeller Lines,18 to 65 years of age,Pipeline,Pre-award,05/02/2026,5/29/2026,,,10,6105,,,,,,,,,,,,,,,,,,,,,,,,,,0,0,0,0,0,0,0,0,0,0,0,0,0,0,0,0,0,0
Boston | PAB78438 |,0,,0,,,,Boston,PAB78438,Type 2 Diabetes,adults greater than and equal to 18 years of age,Pipeline,Pre-award,07/01/2026,7/1/2027,,,10,6053,,,,,,,,,,,,,,,,,,,,,,,,,,0,0,0,0,0,0,0,0,0,0,0,0,0,0,0,0,0,0
Boston | QAB45622 |,,,,,,,Boston,QAB45622,Herpes Zoster,adults greater than and equal to 18 years of age,Pipeline,Potential,12/05/2026,,,,,7270,,,,,,,,,,,,,,,,,,,,,,,,,,0,0,0,0,0,0,0,0,0,0,0,0,0,0,0,0,0,0
Boston | RAB35102 |,8,,5,,,,Boston,RAB35102,Lyme,18 to 55 years of age,Pipeline,Potential,05/08/2026,5/30/2026,,,8,7085,,,,,,,,,,,,,,,,,,,,,,,,,,0,0,0,0,0,0,0,0,0,0,0,0,0,0,0,0,0,0
Boston | RIV-HU6-2203 |,10,,7,,,,Boston,RIV-HU6-2203,Obesity,"18 to 75 Years (Adults, Older Adults)",Pipeline,On Hold/Postponed,04/01/2026,7/1/2026,,,10,5239,,,,,,,,,,,,,,,,,,,,,,,,,,0,0,0,0,0,0,0,0,0,0,0,0,0,0,0,0,0,0
Boston | US-EPS-24070 |,12,,7,,,,Boston,US-EPS-24070,Obesity,"18 to 75 Years (Adults, Older Adults)",Pipeline,Potential,04/01/2026,7/28/2026,,,12,4622,,,,,,,,,,,,,,,,,,,,,,,,,,0,0,0,0,0,0,0,0,0,0,0,0,0,0,0,0,0,0
Boston | V118_24 |,113,,113,,,,Boston,V118_24,Influenza,> 65 years of age,Maintenance,Maintenance,11/3/2025,11/30/2025,,,200,5619,,,,,,,,,,,,,,,,,,,,,,,,,,0,0,0,0,0,0,0,0,0,0,0,0,0,0,0,0,0,0
Boston | V201_05 |,250,,0,,,,Boston,V201_05,Influenza,18 to 49 years of age,Pipeline,On Hold/Postponed,3/1/2027,5/31/2027,,,250,2129,,,,,,,,,,,,,,,,,,,,,,,,,,0,0,0,0,0,0,0,0,0,0,0,0,0,0,0,0,0,0
Boston | VAX31-104 |,60,,48,,,,Boston,VAX31-104,Pneumococcal,18 to 49 years of age,Pipeline,Potential,4/1/2026,4/1/2027,,,60,2507,,,,,,,,,,,,,,,,,,,,,,,,,,0,0,0,4,0,4,0,3,0,5,0,3,0,5,0,3,0,4
Bellaire | VP-VHX-896-3201 |,10,,10,,,,Bellaire,VP-VHX-896-3201,Major Depressive Disorder,"18 to 75 Years (Adults, Older Adults)",Enrolling,Greenlight Received,10/15/2025,4/1/2027,,,25,6387,,,,,,,,,,,,,,,,,,,,,,,,,,3,2,1,1,1,1,0,0,1,1,0,0,1,1,1,1,0,0
Boston | VXB241-002 |,0,,0,,,,Boston,VXB241-002,RSV Vaccine,> 60 years of age,Pipeline,Pre-award,4/1/2026,4/1/2027,,,8,6988,,,,,,,,,,,,,,,,,,,,,,,,,,0,0,0,0,0,0,0,0,0,0,0,0,0,0,0,0,0,0
Bellaire | VP-VQW-765-3201 |,16,,10,,,,Bellaire,VP-VQW-765-3201,SAD/MAD,18 to 65 years of age,Enrolling,Greenlight Received,2/20/2026,10/30/2026,,,18,6337,,,,,,,,,,,,,,,,,,,,,,,,,,3,0,3,0,3,2,3,2,1,1,0,0,0,0,0,0,0,0
Chicago | 1404-0051 |,10,,8,,,,Chicago,1404-0051,Obesity,Adolescent (5 to 12),Pipeline,Potential,4/11/2026,4/11/2028,,,10,3460,,,,,,,,,,,,,,,,,,,,,,,,,,0,0,0,0,0,0,0,0,0,0,0,0,0,0,0,0,0,0
Chicago | 20230219 |,3,,2,,,,Chicago,20230219,Gout,adults greater than and equal to 18 years of age,Archive,DM Declined,3/17/2026,6/17/2027,,,3,6842,,,,,,,,,,,,,,,,,,,,,,,,,,0,0,0,0,0,0,0,0,0,0,0,0,0,0,0,0,0,0
Chicago | 218130 |,150,,100,,,,Chicago,218130,Influenza,> 65 years of age,Pipeline,PSV Completed,9/1/2026,10/29/2026,,,150,2619,,,,,,,,,,,,,,,,,,,,,,,,,,0,0,0,0,0,0,0,0,0,0,0,0,0,0,0,0,0,0
Chicago | 218132 |,120,,90,,,,Chicago,218132,Influenza,18 to 49 years of age,Pipeline,PSV Completed,10/1/2026,12/15/2026,,,150,2631,,,,,,,,,,,,,,,,,,,,,,,,,,0,0,0,0,0,0,0,0,0,0,0,0,0,0,0,0,0,0
Chicago | 218139 |,200,,140,,,,Chicago,218139,Influenza,18 to 49 years of age,Pipeline,On Hold/Postponed,04/01/2026,4/1/2027,,,200,2642,,,,,,,,,,,,,,,,,,,,,,,,,,0,0,0,0,0,0,0,0,0,0,0,0,0,0,0,0,0,0
Chicago | 218741 |,50,,35,,,,Chicago,218741,RSV_Flu Vaccine,18 to 49 years of age,Pipeline,On Hold/Postponed,4/1/2026,04/01/2027,,,50,3027,,,,,,,,,,,,,,,,,,,,,,,,,,0,0,0,0,0,0,0,0,0,0,0,0,0,0,0,0,0,0
Chicago | 221847 |,200,,160,,,,Chicago,221847,COVID-19,adults greater than and equal to 18 years of age,Pipeline,On Hold/Postponed,10/1/2026,04/16/2027,,,250,5001,,,,,,,,,,,,,,,,,,,,,,,,,,0,0,0,0,0,0,0,0,0,0,0,0,0,0,0,0,0,0
Chicago | 289318 |,20,,0,,,,Chicago,289318,Chronic Sinusitis,18 to 49 years of age,Pipeline,Pre-award,04/01/2026,04/01/2027,,,20,4638,,,,,,,,,,,,,,,,,,,,,,,,,,0,0,0,0,0,0,0,0,0,0,0,0,0,0,0,0,0,0
Chicago | 80120522 |,45,,20,,,,Chicago,80120522,Obesity,"18 to 75 Years (Adults, Older Adults)",Pipeline,Potential,04/01/2026,07/01/2026,,,45,4897,,,,,,,,,,,,,,,,,,,,,,,,,,0,0,0,0,0,0,0,0,0,0,0,0,0,0,0,0,0,0
Chicago | AIC316-01-III-01 |,20,,10,,,,Chicago,AIC316-01-III-01,HSV Treatment,adults greater than and equal to 18 years of age,Startup,Site Selected,05/28/2026,12/03/2026,,,4,6214,,,,,,,,,,,,,,,,,,,,,,,,,,0,0,0,0,2,2,2,1,2,2,2,2,2,1,2,1,1,1
Chicago | ALN-AGT01-008 |,10,,8,,,,Chicago,ALN-AGT01-008,Hypertension,18 to 49 years of age,Pipeline,FQ Submitted,05/01/2026,04/01/2027,,,20,5256,,,,,,,,,,,,,,,,,,,,,,,,,,0,0,0,1,0,0,0,1,0,1,0,0,0,1,0,1,0,0
Chicago | BC #139639-01 |,10,,0,,,,Chicago,BC #139639-01,UTI,adults greater than and equal to 18 years of age,Pipeline,Pre-award,04/01/2026,04/01/2027,,,10,5458,,,,,,,,,,,,,,,,,,,,,,,,,,0,0,0,0,0,0,0,0,0,0,0,0,0,0,0,0,0,0
Chicago | BC#136259-01 | Study 3,5,,5,,,,Chicago,BC#136259-01,Pneumococcal,"Healthy Toddlers, Children & Adolescents",Archive,CRO Not Selected,04/01/2026,01/30/2027,,,5,4615,,,,,,,,,,,,,,,,,,,,,,,,,,0,0,0,0,0,0,0,0,0,0,0,0,0,0,0,0,0,0
Bellaire | VP-VYV-683-3102 |,6,,6,,,,Bellaire,VP-VYV-683-3102,Schizophrenia,18 to 65 years of age,Enrolling,Greenlight Received,11/10/2025,11/01/2027,,,6,6423,,,,,,,,,,,,,,,,,,,,,,,,,,0,0,0,0,1,1,0,0,1,1,0,0,1,1,0,0,0,0
BLI5100-301 |,0,,0,,,,Digestive Health - Affiliate,BLI5100-301,Erosive Esophagitis,≥ 21 and < 65 years of age,Enrolling,Enrolling,,,,,,1180,,,,,,,,,,,,,,,,,,,,,,,,,,,,,,,,,,,,,,,,,,,
Chicago | C4931009 |,75,,60,,,,Chicago,C4931009,Pneumococcal,adults greater than and equal to 18 years of age,Pipeline,On Hold/Postponed,04/21/2026,08/17/2026,,,212,4926,,,,,,,,,,,,,,,,,,,,,,,,,,0,0,0,0,0,0,0,0,0,0,0,0,0,0,0,0,0,0
Chicago | C4931014 |,60,,40,,,,Chicago,C4931014,Pneumococcal,> 65 years of age,Pipeline,On Hold/Postponed,04/03/2026,06/12/2026,,,50,4962,,,,,,,,,,,,,,,,,,,,,,,,,,0,0,0,0,0,0,0,0,0,0,0,0,0,0,0,0,0,0
Chicago | C6271002 |,205,,170,,,,Chicago,C6271002,Influenza,adults greater than and equal to 18 years of age,Pipeline,On Hold/Postponed,09/05/2026,10/01/2026,,,377,6149,,,,,,,,,,,,,,,,,,,,,,,,,,0,0,0,0,0,0,0,0,0,0,0,0,0,0,0,0,0,0
Chicago | CV2 SARS-COV2-014/123336-01/220749 |,40,,20,,,,Chicago,CV2 SARS-COV2-014/123336-01/220749,COVID-19,18 to 49 years of age,Pipeline,On Hold/Postponed,01/01/2026,06/01/2026,,,40,2741,,,,,,,,,,,,,,,,,,,,,,,,,,0,0,0,0,0,0,0,0,0,0,0,0,0,0,0,0,0,0
Chicago | D6405C00001 |,10,,7,,,,Chicago,D6405C00001,Chronic Kidney Disease,"18 to 75 Years (Adults, Older Adults)",Pipeline,On Hold/Postponed,04/27/2026,04/27/2027,,,20,5731,,,,,,,,,,,,,,,,,,,,,,,,,,0,0,0,0,0,0,0,0,0,0,0,0,0,0,0,0,0,0
Chicago | D7260C00015 |,20,,6,,,,Chicago,D7260C00015,Obesity,adults greater than and equal to 18 years of age,Pipeline,PSV Completed,07/06/2026,03/15/2027,,,14,7230,,,,,,,,,,,,,,,,,,,,,,,,,,0,0,0,0,0,0,0,,1,,1,1,1,,1,1,1,
Chicago | D7266C00001 |,13,,10,,,,Chicago,D7266C00001,CVOT,adults greater than and equal to 18 years of age,Pipeline,FQ Submitted,07/06/2026,03/15/2027,,,13,7001,,,,,,,,,,,,,,,,,,,,,,,,,,0,0,0,0,0,0,0,0,0,0,0,0,0,0,0,0,0,0
Cyfair | C4591081 |,135,,135,,,,Cyfair,C4591081,COVID-19,50 to 65 years of age,Maintenance,Maintenance,01/09/2026,06/15/2026,,,120,6757,,,,,,,,,,,,,,,,,,,,,,,,,,0,0,0,0,0,0,0,0,0,0,0,0,0,0,0,0,0,0
Chicago | D8750C00010 |,5,,4,,,,Chicago,D8750C00010,Obesity,"18 to 75 Years (Adults, Older Adults)",Pipeline,FQ Submitted,08/01/2026,07/23/2026,,,13,6287,,,,,,,,,,,,,,,,,,,,,,,,,,0,0,0,0,0,0,0,0,0,0,0,0,0,0,0,0,0,0
Chicago | D8750C00011 |,5,,4,,,,Chicago,D8750C00011,Obesity,"18 to 75 Years (Adults, Older Adults)",Pipeline,FQ Submitted,08/01/2026,06/26/2026,,,13,6307,,,,,,,,,,,,,,,,,,,,,,,,,,0,0,0,0,0,0,0,0,0,0,0,0,0,0,0,0,0,0
Chicago | D8750C00012 |,13,,10,,,,Chicago,D8750C00012,Obesity,"18 to 75 Years (Adults, Older Adults)",Pipeline,FQ Submitted,08/01/2026,07/31/2026,,,13,6276,,,,,,,,,,,,,,,,,,,,,,,,,,0,0,0,0,0,0,0,0,0,0,0,0,0,0,0,0,0,0
Chicago | D8750C00014 |,13,,10,,,,Chicago,D8750C00014,Obesity,"18 to 75 Years (Adults, Older Adults)",Pipeline,FQ Submitted,08/01/2026,08/21/2026,,,13,6296,,,,,,,,,,,,,,,,,,,,,,,,,,0,0,0,0,0,0,0,0,0,0,0,0,0,0,0,0,0,0
Chicago | ELU42 |,10,,8,,,,Chicago,ELU42,Diabetic Foot Ulcer,"18 to 75 Years (Adults, Older Adults)",Pipeline,Potential,04/01/2026,05/22/2026,,,10,6027,,,,,,,,,,,,,,,,,,,,,,,,,,0,0,0,0,0,0,0,0,0,0,0,0,0,0,0,0,0,0
Chicago | ENERGI-F703-04 |,8,,5,,,,Chicago,ENERGI-F703-04,Diabetic Foot Ulcer,adults greater than and equal to 18 years of age,Pipeline,FQ Submitted,06/01/2026,,,,8,7024,,,,,,,,,,,,,,,,,,,,,,,,,,0,0,0,0,0,0,0,0,0,0,0,0,0,0,0,0,0,0
Chicago | ERN: 7083 |,50,,35,,,,Chicago,ERN: 7083,COVID-19,18 to 49 years of age,Pipeline,On Hold/Postponed,04/01/2026,04/01/2027,,,50,2309,,,,,,,,,,,,,,,,,,,,,,,,,,0,0,0,0,0,0,0,0,0,0,0,0,0,0,0,0,0,0
Chicago | MAB02735 |,120,,100,,,,Chicago,MAB02735,RSV Vaccine,18 to 49 years of age,Pipeline,Potential,08/01/2026,08/31/2026,,,100,4202,,,,,,,,,,,,,,,,,,,,,,,,,,0,0,0,0,0,0,0,0,0,100,0,0,0,0,0,0,0,0
Chicago | MET233-097-25-202 |,N/A,,N/A,,,,N/A,N/A,N/A,N/A,N/A,N/A,N/A,N/A,,,N/A,6813,,,,,,,,,,,,,,,,,,,,,,,,,,1,0,0,1,0,0,1,0,0,0,0,1,1,0,0,0,0,0
Chicago | mRNA-1083-P303 |,50,,40,,,,Chicago,mRNA-1083-P303,Combined Covid + Influenza Vaccine,"18 to 75 Years (Adults, Older Adults)",Archive,Canceled,02/01/2026,02/01/2027,,,50,4624,,,,,,,,,,,,,,,,,,,,,,,,,,0,0,0,0,0,0,0,0,0,0,0,0,0,0,0,0,0,0
Chicago | mRNA-1189-P301 |,15,,12,,,,Chicago,mRNA-1189-P301,Epstein Barr,Teenage (12 to 17),Pipeline,Potential,4/1/2026,04/01/2027,,,15,2843,,,,,,,,,,,,,,,,,,,,,,,,,,0,0,0,1,0,1,0,1,0,1,0,1,0,1,0,1,0,1
Boston | D7960C00015 |,12,,11,,,,Boston,D7960C00015,Dyslipidemia,adults greater than and equal to 18 years of age,Enrolling,Enrolling,11/30/2025,08/15/2027,,,13,5338,,,,,,,,,,,,,,,,,,,,,,,,,,1,1,1,0,1,1,1,1,1,1,1,1,1,1,1,1,1,1
Chicago | mRNA-1403-P301 | Additional Cohort,87,,52,,,,Chicago,mRNA-1403-P301,Norovirus,> 60 years of age,Maintenance,Maintenance,11/26/2025,01/28/2026,,,87,6871,,,,,,,,,,,,,,,,,,,,,,,,,,0,0,0,0,0,0,0,0,0,0,0,0,0,0,0,0,0,0
Chicago | mRNA-1468-P301 |,150,,120,,,,Chicago,mRNA-1468-P301,Herpes Zoster,Elderly Adults (50+),Pipeline,On Hold/Postponed,6/1/2026,06/01/2027,,,150,2489,,,,,,,,,,,,,,,,,,,,,,,,,,0,0,0,0,0,0,0,0,0,0,0,0,0,0,0,0,0,0
Chicago | No information |,0,,0,,,,Chicago,No information,Obesity,18 to 49 years of age,Pipeline,Pre-award,1/1/2026,01/01/2027,,,50,5077,,,,,,,,,,,,,,,,,,,,,,,,,,0,0,0,0,0,0,0,0,0,0,0,0,0,0,0,0,0,0
Chicago | No information |,50,,0,,,,Chicago,No information,Obesity,18 to 49 years of age,Pipeline,Pre-award,01/05/2026,02/03/2027,,,50,5082,,,,,,,,,,,,,,,,,,,,,,,,,,0,0,0,0,0,0,0,0,0,0,0,0,0,0,0,0,0,0
Chicago | No information |,50,,0,,,,Chicago,No information,Obesity,18 to 49 years of age,Pipeline,Pre-award,01/05/2026,02/03/2027,,,50,5089,,,,,,,,,,,,,,,,,,,,,,,,,,0,0,0,0,0,0,0,0,0,0,0,0,0,0,0,0,0,0
Chicago | No information |,50,,0,,,,Chicago,No information,Obesity,18 to 49 years of age,Pipeline,Pre-award,01/05/2026,01/05/2027,,,50,5096,,,,,,,,,,,,,,,,,,,,,,,,,,0,0,0,0,0,0,0,0,0,0,0,0,0,0,0,0,0,0
Chicago | No information |,50,,0,,,,Chicago,No information,Obesity,18 to 49 years of age,Pipeline,Pre-award,01/05/2026,01/05/2027,,,50,5103,,,,,,,,,,,,,,,,,,,,,,,,,,0,0,0,0,0,0,0,0,0,0,0,0,0,0,0,0,0,0
Chicago | No information |,50,,0,,,,Chicago,No information,Obesity,18 to 49 years of age,Pipeline,Pre-award,01/05/2026,01/05/2027,,,50,5110,,,,,,,,,,,,,,,,,,,,,,,,,,0,0,0,0,0,0,0,0,0,0,0,0,0,0,0,0,0,0
Chicago | No information |,50,,0,,,,Chicago,No information,Obesity,18 to 49 years of age,Pipeline,Pre-award,01/05/2026,01/05/2027,,,50,5117,,,,,,,,,,,,,,,,,,,,,,,,,,0,0,0,0,0,0,0,0,0,0,0,0,0,0,0,0,0,0
Chicago | No information |,50,,0,,,,Chicago,No information,Obesity,18 to 49 years of age,Pipeline,Pre-award,01/05/2026,01/05/2027,,,50,5124,,,,,,,,,,,,,,,,,,,,,,,,,,0,0,0,0,0,0,0,0,0,0,0,0,0,0,0,0,0,0
Chicago | No information |,50,,0,,,,Chicago,No information,Obesity,18 to 49 years of age,Pipeline,Pre-award,01/05/2026,01/05/2027,,,50,5131,,,,,,,,,,,,,,,,,,,,,,,,,,0,0,0,0,0,0,0,0,0,0,0,0,0,0,0,0,0,0
Chicago | No information |,50,,0,,,,Chicago,No information,Obesity,18 to 49 years of age,Pipeline,Pre-award,01/05/2026,01/05/2027,,,50,5138,,,,,,,,,,,,,,,,,,,,,,,,,,0,0,0,0,0,0,0,0,0,0,0,0,0,0,0,0,0,0
Chicago | No information |,50,,0,,,,Chicago,No information,Obesity,18 to 49 years of age,Pipeline,Pre-award,01/05/2026,01/05/2027,,,50,5145,,,,,,,,,,,,,,,,,,,,,,,,,,0,0,0,0,0,0,0,0,0,0,0,0,0,0,0,0,0,0
Chicago | No information |,50,,0,,,,Chicago,No information,Obesity,18 to 49 years of age,Pipeline,Pre-award,01/05/2026,01/05/2027,,,50,5152,,,,,,,,,,,,,,,,,,,,,,,,,,0,0,0,0,0,0,0,0,0,0,0,0,0,0,0,0,0,0
Chicago | No information |,50,,0,,,,Chicago,No information,Obesity,18 to 49 years of age,Pipeline,Pre-award,01/05/2026,01/05/2027,,,50,5159,,,,,,,,,,,,,,,,,,,,,,,,,,0,0,0,0,0,0,0,0,0,0,0,0,0,0,0,0,0,0
Chicago | No information |,10,,0,,,,Chicago,No information,Obesity,18 to 49 years of age,Pipeline,On Hold/Postponed,01/02/2026,01/02/2027,,,10,5230,,,,,,,,,,,,,,,,,,,,,,,,,,0,0,0,0,0,0,0,0,0,0,0,0,0,0,0,0,0,0
Chicago | None at the moment |,0,,0,,,,Chicago,None at the moment,COVID-19,"18 to 75 Years (Adults, Older Adults)",Pipeline,Pre-award,03/01/2026,03/01/2027,,,10,5716,,,,,,,,,,,,,,,,,,,,,,,,,,0,0,0,0,0,0,0,0,0,0,0,0,0,0,0,0,0,0
Chicago | None at the moment |,0,,0,,,,Chicago,None at the moment,COVID-19,> 65 years of age,Pipeline,Pre-award,09/01/2026,09/01/2027,,,15,5755,,,,,,,,,,,,,,,,,,,,,,,,,,0,0,0,0,0,0,0,0,0,0,0,0,0,0,0,0,0,0
Chicago | None at the moment |,0,,0,,,,Chicago,None at the moment,Contraception,18 to 49 years of age,Pipeline,Pre-award,01/01/2026,11/14/2026,,,13,5767,,,,,,,,,,,,,,,,,,,,,,,,,,0,0,0,0,0,0,0,0,0,0,0,0,0,0,0,0,0,0
Chicago | None at the moment |,0,,0,,,,Chicago,None at the moment,Obesity,"18 to 75 Years (Adults, Older Adults)",Pipeline,Pre-award,01/01/2026,01/01/2027,,,8,5786,,,,,,,,,,,,,,,,,,,,,,,,,,0,0,0,0,0,0,0,0,0,0,0,0,0,0,0,0,0,0
Chicago | None at the moment |,0,,0,,,,Chicago,None at the moment,Herpes Zoster,"18 to 75 Years (Adults, Older Adults)",Pipeline,Pre-award,04/01/2026,04/01/2027,,,10,5806,,,,,,,,,,,,,,,,,,,,,,,,,,0,0,0,0,0,0,0,0,0,0,0,0,0,0,0,0,0,0
Chicago | None at the moment |,0,,0,,,,Chicago,None at the moment,Urticaria,"18 to 75 Years (Adults, Older Adults)",Pipeline,Pre-award,04/01/2026,04/01/2027,,,10,5919,,,,,,,,,,,,,,,,,,,,,,,,,,0,0,0,0,0,0,0,0,0,0,0,0,0,0,0,0,0,0
Chicago | None at the moment |,0,,0,,,,Chicago,None at the moment,Hypothyroidism,"18 to 75 Years (Adults, Older Adults)",Pipeline,Pre-award,01/01/2026,01/01/2027,,,8,5926,,,,,,,,,,,,,,,,,,,,,,,,,,0,0,0,0,0,0,0,0,0,0,0,0,0,0,0,0,0,0
Chicago | none at the moment |,0,,0,,,,Chicago,none at the moment,Pneumococcal,50 to 80 years of age,Pipeline,Pre-award,03/01/2026,05/31/2026,,,100,5961,,,,,,,,,,,,,,,,,,,,,,,,,,0,0,0,0,0,0,0,0,0,0,0,0,0,0,0,0,0,0
Chicago | none at the moment |,0,,0,,,,Chicago,none at the moment,HSV,adults greater than and equal to 18 years of age,Pipeline,Pre-award,04/01/2026,04/01/2027,,,10,6175,,,,,,,,,,,,,,,,,,,,,,,,,,0,0,0,0,0,0,0,0,0,0,0,0,0,0,0,0,0,0
Chicago | none at the moment |,0,,0,,,,Chicago,none at the moment,Erectile Dysfunction,"18 to 75 Years (Adults, Older Adults)",Pipeline,Pre-award,01/01/2026,07/31/2026,,,15,6197,,,,,,,,,,,,,,,,,,,,,,,,,,0,0,0,0,0,0,0,0,0,0,0,0,0,0,0,0,0,0
Chicago | none at the moment |,0,,0,,,,Chicago,none at the moment,COVID-19,50 to 65 years of age,Pipeline,Pre-award,04/01/2026,06/01/2026,,,50,6226,,,,,,,,,,,,,,,,,,,,,,,,,,0,0,0,0,0,0,0,0,0,0,0,0,0,0,0,0,0,0
Chicago | none at the moment |,0,,0,,,,Chicago,none at the moment,CVOT,"18 to 75 Years (Adults, Older Adults)",Pipeline,Pre-award,07/01/2026,07/31/2027,,,123,6360,,,,,,,,,,,,,,,,,,,,,,,,,,0,0,0,0,0,0,0,0,0,0,0,0,0,0,0,0,0,0
Chicago | None at the moment |,0,,0,,,,Chicago,None at the moment,HSV,adults greater than and equal to 18 years of age,Pipeline,Pre-award,03/01/2026,08/31/2026,,,15,6374,,,,,,,,,,,,,,,,,,,,,,,,,,0,0,0,0,0,0,0,0,0,0,0,0,0,0,0,0,0,0
Chicago | none at the moment |,0,,0,,,,Chicago,none at the moment,Obesity,"18 to 75 Years (Adults, Older Adults)",Pipeline,Pre-award,01/06/2026,01/06/2027,,,15,6403,,,,,,,,,,,,,,,,,,,,,,,,,,0,0,0,0,0,0,0,0,0,0,0,0,0,0,0,0,0,0
Chicago | none at the moment |,0,,0,,,,Chicago,none at the moment,IBS,adults greater than and equal to 18 years of age,Pipeline,Pre-award,04/01/2026,04/01/2027,,,20,6439,,,,,,,,,,,,,,,,,,,,,,,,,,0,0,0,0,0,0,0,0,0,0,0,0,0,0,0,0,0,0
Chicago | none at the moment |,0,,0,,,,Chicago,none at the moment,Epstein Barr,18 to 20 years of age,Pipeline,Pre-award,07/01/2026,07/01/2027,,,50,6462,,,,,,,,,,,,,,,,,,,,,,,,,,0,0,0,0,0,0,0,0,0,0,0,0,0,0,0,0,0,0
Chicago | none at the moment |,0,,0,,,,Chicago,none at the moment,Diabetic Foot Ulcer,adults greater than and equal to 18 years of age,Pipeline,Pre-award,04/01/2026,04/01/2027,,,8,6473,,,,,,,,,,,,,,,,,,,,,,,,,,0,0,0,0,0,0,0,0,0,0,0,0,0,0,0,0,0,0
Chicago | none at the moment |,0,,0,,,,Chicago,none at the moment,colorectal cancer (CRC),"18 to 75 Years (Adults, Older Adults)",Pipeline,Pre-award,04/30/2026,04/30/2027,,,8,6729,,,,,,,,,,,,,,,,,,,,,,,,,,0,0,0,0,0,0,0,0,0,0,0,0,0,0,0,0,0,0
Chicago | none at the moment |,0,,0,,,,Chicago,none at the moment,Alzheimer's Disease,50 to 80 years of age,Pipeline,Pre-award,01/01/2026,01/01/2027,,,8,6831,,,,,,,,,,,,,,,,,,,,,,,,,,0,0,0,0,0,0,0,0,0,0,0,0,0,0,0,0,0,0
Chicago | none at the moment |,0,,0,,,,Chicago,none at the moment,Obesity,adults greater than and equal to 18 years of age,Archive,CRO Not Selected,05/01/2026,05/01/2027,,,50,6855,,,,,,,,,,,,,,,,,,,,,,,,,,0,0,0,0,0,0,0,0,0,0,0,0,0,0,0,0,0,0
Chicago | none at the moment |,0,,0,,,,Chicago,none at the moment,ST-elevation Myocardial Infarction,"18 to 75 Years (Adults, Older Adults)",Archive,CRO Not Selected,07/01/2026,12/31/2026,,,7,6976,,,,,,,,,,,,,,,,,,,,,,,,,,0,0,0,0,0,0,0,0,0,0,0,0,0,0,0,0,0,0
Chicago | none at the moment |,0,,0,,,,Chicago,none at the moment,Obesity,adults greater than and equal to 18 years of age,Archive,DM Declined,05/02/2026,02/01/2027,,,8,7044,,,,,,,,,,,,,,,,,,,,,,,,,,0,0,0,0,0,0,0,0,0,0,0,0,0,0,0,0,0,0
Chicago | none at the moment |,0,,0,,,,Chicago,none at the moment,Chronic Lower Back Pain,adults greater than and equal to 18 years of age,Pipeline,Potential,04/29/2026,07/26/2026,,,8,7070,,,,,,,,,,,,,,,,,,,,,,,,,,0,0,0,0,0,0,0,0,0,0,0,0,0,0,0,0,0,0
Chicago | none at the moment |,0,,0,,,,Chicago,none at the moment,Influenza,adults greater than and equal to 18 years of age,Pipeline,Potential,07/23/2026,11/13/2026,,,175,7123,,,,,,,,,,,,,,,,,,,,,,,,,,0,0,0,0,0,0,0,0,0,0,0,0,0,0,0,0,0,0
Chicago | none at the tmoment |,0,,0,,,,Chicago,none at the tmoment,Migraine,"18 to 75 Years (Adults, Older Adults)",Pipeline,Pre-award,02/02/2026,02/02/2027,,,10,6071,,,,,,,,,,,,,,,,,,,,,,,,,,0,0,0,0,0,0,0,0,0,0,0,0,0,0,0,0,0,0
Chicago | OAB58677 |,50,,0,,,,Chicago,OAB58677,HPV Vaccine,"18 to 75 Years (Adults, Older Adults)",Pipeline,Pre-award,01/01/2026,01/01/2027,,,50,5024,,,,,,,,,,,,,,,,,,,,,,,,,,0,0,0,0,0,0,0,0,0,0,0,0,0,0,0,0,0,0
Chicago | OAB71527 |,50,,18,,,,Chicago,OAB71527,Shingles,"18 to 75 Years (Adults, Older Adults)",Pipeline,FQ Submitted,03/31/2026,03/31/2027,,,200,5041,,,,,,,,,,,,,,,,,,,,,,,,,,0,0,0,0,0,0,0,0,0,0,0,0,0,0,0,0,0,0
Chicago | PAB72224 |,0,,0,,,,Chicago,PAB72224,Glabeller Lines,18 to 65 years of age,Pipeline,Pre-award,05/02/2026,05/29/2026,,,10,6104,,,,,,,,,,,,,,,,,,,,,,,,,,0,0,0,0,0,0,0,0,0,0,0,0,0,0,0,0,0,0
Chicago | PAB78438 |,0,,0,,,,Chicago,PAB78438,Type 2 Diabetes,adults greater than and equal to 18 years of age,Pipeline,Pre-award,07/01/2026,07/01/2027,,,10,6054,,,,,,,,,,,,,,,,,,,,,,,,,,0,0,0,0,0,0,0,0,0,0,0,0,0,0,0,0,0,0
Chicago | RIV-HU6-2203 |,10,,7,,,,Chicago,RIV-HU6-2203,Obesity,"18 to 75 Years (Adults, Older Adults)",Pipeline,On Hold/Postponed,04/01/2026,07/01/2026,,,10,5240,,,,,,,,,,,,,,,,,,,,,,,,,,0,0,0,0,0,0,0,0,0,0,0,0,0,0,0,0,0,0
Chicago | ST-1891-301 |,N/A,,N/A,,,,N/A,N/A,N/A,N/A,N/A,N/A,N/A,N/A,,,N/A,3704,,,,,,,,,,,,,,,,,,,,,,,,,,0,0,0,0,0,1,0,1,0,0,0,1,0,0,0,0,0,0
Chicago | US-EPS-24070 |,12,,7,,,,Chicago,US-EPS-24070,Obesity,"18 to 75 Years (Adults, Older Adults)",Pipeline,Potential,04/01/2026,7/28/2026,,,12,4621,,,,,,,,,,,,,,,,,,,,,,,,,,0,0,0,0,0,0,0,0,0,0,0,0,0,0,0,0,0,0
Chicago | V118_24 |,113,,113,,,,Chicago,V118_24,Influenza,> 65 years of age,Maintenance,Maintenance,11/03/2025,11/30/2025,,,250,5617,,,,,,,,,,,,,,,,,,,,,,,,,,0,0,0,0,0,0,0,0,0,0,0,0,0,0,0,0,0,0
Chicago | V201_05 |,250,,0,,,,Chicago,V201_05,Influenza,18 to 49 years of age,Pipeline,On Hold/Postponed,03/01/2027,05/31/2027,,,250,2154,,,,,,,,,,,,,,,,,,,,,,,,,,0,0,0,0,0,0,0,0,0,0,0,0,0,0,0,0,0,0
Chicago | V201-08 |,110,,70,,,,Chicago,V201-08,Influenza,Adolescent (5 to 12),Pipeline,Potential,04/18/2026,01/15/2027,,,100,4196,,,,,,,,,,,,,,,,,,,,,,,,,,0,0,0,6,0,9,0,3,0,0,0,0,0,0,0,0,0,0
Chicago | VAX31-104 |,60,,48,,,,Chicago,VAX31-104,Pneumococcal,18 to 49 years of age,Pipeline,Potential,04/01/2026,04/01/2027,,,60,2514,,,,,,,,,,,,,,,,,,,,,,,,,,0,0,0,4,0,4,0,3,0,5,0,3,0,5,0,3,0,4
Dallas-Fort Worth | C4591081 |,135,,135,,,,Dallas-Fort Worth,C4591081,COVID-19,50 to 65 years of age,Maintenance,Maintenance,02/13/2026,06/15/2026,,,200,6759,,,,,,,,,,,,,,,,,,,,,,,,,,0,0,0,0,0,0,0,0,0,0,0,0,0,0,0,0,0,0
Chicago | VX24-548-111 |,8,,4,,,,Chicago,VX24-548-111,Diabetic Neuropathy,adults greater than and equal to 18 years of age,Archive,Not Selected,04/22/2026,04/23/2027,,,8,6936,,,,,,,,,,,,,,,,,,,,,,,,,,0,0,0,0,0,0,0,0,0,0,0,0,0,0,0,0,0,0
Dallas-Fort Worth | 306300 |,3,,2,,,,Dallas-Fort Worth,306300,MASH,"18 to 75 Years (Adults, Older Adults)",Pipeline,Potential,,,,,3,6706,,,,,,,,,,,,,,,,,,,,,,,,,,0,0,0,0,0,0,0,0,0,0,0,0,0,0,0,0,0,0
Cyfair | 1378-0021 |,4,,4,,,,Cyfair,1378-0021,Hypertension,18 to 49 years of age,Pipeline,Potential,04/01/2026,04/01/2027,,,4,4338,,,,,,,,,,,,,,,,,,,,,,,,,,0,0,0,0,0,1,0,0,0,0,0,0,0,0,0,0,0,0
Boston | VBD00002 |,80,,64,,,,Boston,VBD00002,RSV Vaccine,Elderly Adults (50+),Pipeline,On Hold/Postponed,10/02/2027,,,,105,3856,,,,,,,,,,,,,,,,,,,,,,,,,,0,0,0,0,0,0,0,0,0,0,0,0,0,0,0,0,0,0
Cyfair | 218130 |,150,,100,,,,Cyfair,218130,Influenza,> 65 years of age,Startup,Site Selected,09/01/2026,10/30/2026,,,150,2614,,,,,,,,,,,,,,,,,,,,,,,,,,0,0,0,0,0,0,0,0,0,0,0,0,0,0,0,0,0,0
Cyfair | 218132 |,120,,90,,,,Cyfair,218132,Influenza,18 to 49 years of age,Pipeline,PSV Completed,10/01/2026,12/15/2026,,,150,2625,,,,,,,,,,,,,,,,,,,,,,,,,,0,0,0,0,0,0,0,0,0,0,0,0,0,0,0,0,0,0
Cyfair | 218139 |,200,,140,,,,Cyfair,218139,Influenza,18 to 49 years of age,Pipeline,On Hold/Postponed,04/01/2026,04/01/2027,,,200,2636,,,,,,,,,,,,,,,,,,,,,,,,,,0,0,0,0,0,0,0,0,0,0,0,0,0,0,0,0,0,0
Cyfair | 218741 |,50,,35,,,,Cyfair,218741,RSV_Flu Vaccine,18 to 49 years of age,Pipeline,On Hold/Postponed,04/01/2026,04/01/2027,,,50,3020,,,,,,,,,,,,,,,,,,,,,,,,,,0,0,0,0,0,0,0,0,0,0,0,0,0,0,0,0,0,0
Cyfair | 221847 |,200,,160,,,,Cyfair,221847,COVID-19,adults greater than and equal to 18 years of age,Pipeline,On Hold/Postponed,10/01/2026,4/16/2027,,,250,5002,,,,,,,,,,,,,,,,,,,,,,,,,,0,0,0,0,0,0,0,0,0,0,0,0,0,0,0,0,0,0
Cyfair | 289318 |,20,,0,,,,Cyfair,289318,Chronic Sinusitis,18 to 49 years of age,Pipeline,Pre-award,4/1/2026,4/1/2027,,,20,4639,,,,,,,,,,,,,,,,,,,,,,,,,,0,0,0,0,0,0,0,0,0,0,0,0,0,0,0,0,0,0
Cyfair | 300768 |,50,,40,,,,Cyfair,300768,No Information,adults greater than and equal to 18 years of age,Archive,Not Selected,04/04/2026,8/3/2026,,,50,7108,,,,,,,,,,,,,,,,,,,,,,,,,,0,0,0,0,0,0,0,0,0,0,0,0,0,0,0,0,0,0
C4671002 |,0,,0,,,,BFHC Research - Affiliate,C4671002,Others,"18 to 75 Years (Adults, Older Adults)",Enrolling,Enrolling,01/17/2023,,,,,1723,,,,,,,,,,,,,,,,,,,,,,,,,,,,,,,,,,,,,,,,,,,
C4671007 |,0,,0,,,,BFHC Research - Affiliate,C4671007,Others,"18 to 75 Years (Adults, Older Adults)",Enrolling,Enrolling,1/17/2023,,,,,1724,,,,,,,,,,,,,,,,,,,,,,,,,,,,,,,,,,,,,,,,,,,
Cyfair | 777806 |,10,,0,,,,Cyfair,777806,Diabetic Neuropathy,18 to 49 years of age,Pipeline,Pre-award,04/01/2026,4/1/2027,,,10,4744,,,,,,,,,,,,,,,,,,,,,,,,,,0,0,0,0,0,0,0,0,0,0,0,0,0,0,0,0,0,0
Tomball | 306300 |,3,,2,,,,Tomball,306300,MASH,"18 to 75 Years (Adults, Older Adults)",Pipeline,Potential,,,,,3,6707,,,,,,,,,,,,,,,,,,,,,,,,,,0,0,0,0,0,0,0,0,1,0,0,0,0,0,0,0,0,0
Cyfair | BC#139075-01 |,10,,7,,,,Cyfair,BC#139075-01,Post-Operative Pain Treatement,18 to 49 years of age,Pipeline,Potential,04/01/2026,5/1/2027,,,25,5324,,,,,,,,,,,,,,,,,,,,,,,,,,0,0,0,0,0,1,0,0,0,1,0,0,0,1,0,0,0,0
Detroit | C4591081 |,135,,135,,,,Detroit,C4591081,COVID-19,50 to 65 years of age,Maintenance,Maintenance,01/09/2026,6/15/2026,,,200,6760,,,,,,,,,,,,,,,,,,,,,,,,,,0,0,0,0,0,0,0,0,0,0,0,0,0,0,0,0,0,0
Cyfair | C4591082 |,15,,15,,,,Cyfair,C4591082,COVID-19,5 to 12 years of age,Maintenance,Maintenance,10/30/2025,1/23/2026,,,20,6682,,,,,,,,,,,,,,,,,,,,,,,,,,0,0,0,0,0,0,0,0,0,0,0,0,0,0,0,0,0,0
Cyfair | C4931009 |,75,,60,,,,Cyfair,C4931009,Pneumococcal,adults greater than and equal to 18 years of age,Pipeline,On Hold/Postponed,04/21/2026,8/17/2026,,,212,4929,,,,,,,,,,,,,,,,,,,,,,,,,,0,0,0,0,0,0,0,0,0,0,0,0,0,0,0,0,0,0
Cyfair | C4931014 |,60,,40,,,,Cyfair,C4931014,Pneumococcal,> 65 years of age,Pipeline,On Hold/Postponed,04/03/2026,6/12/2026,,,50,4963,,,,,,,,,,,,,,,,,,,,,,,,,,0,0,0,0,0,0,0,0,0,0,0,0,0,0,0,0,0,0
Cyfair | C6271002 |,205,,180,,,,Cyfair,C6271002,Influenza,adults greater than and equal to 18 years of age,Pipeline,On Hold/Postponed,09/05/2026,10/1/2026,,,365,6167,,,,,,,,,,,,,,,,,,,,,,,,,,0,0,0,0,0,0,0,0,0,0,0,0,0,0,0,0,0,0
Rheumatology Clinic of Houston | B24-033 |,10,,5,,,,Rheumatology Clinic of Houston,B24-033,Psoriatic Arthritis,18 to 49 years of age,Closed,Closed,10/11/2024,12/1/2026,,,11,2833,,,,,,,,,,,,,,,,,,,,,,,,,,0,0,0,0,0,0,0,0,0,0,0,0,0,0,0,0,0,0
Cyfair | ELU42 |,10,,8,,,,Cyfair,ELU42,Diabetic Foot Ulcer,"18 to 75 Years (Adults, Older Adults)",Pipeline,Potential,04/01/2026,5/22/2026,,,10,6028,,,,,,,,,,,,,,,,,,,,,,,,,,0,0,0,0,0,0,0,0,0,0,0,0,0,0,0,0,0,0
Cyfair | ENERGI-F703-04 |,8,,5,,,,Cyfair,ENERGI-F703-04,Diabetic Foot Ulcer,adults greater than and equal to 18 years of age,Pipeline,FQ Submitted,06/01/2026,,,,8,7026,,,,,,,,,,,,,,,,,,,,,,,,,,0,0,0,0,0,0,0,0,0,0,0,0,0,0,0,0,0,0
Cyfair | ERN: 7083 |,50,,35,,,,Cyfair,ERN: 7083,COVID-19,18 to 49 years of age,Pipeline,On Hold/Postponed,04/01/2026,4/1/2027,,,50,2303,,,,,,,,,,,,,,,,,,,,,,,,,,0,0,0,0,0,0,0,0,0,0,0,0,0,0,0,0,0,0
Cyfair | J3L-MC-EZEF |,15,,12,,,,Cyfair,J3L-MC-EZEF,Atherosclerotic cardiovascular disease,adults greater than and equal to 18 years of age,Pipeline,Potential,04/01/2026,11/28/2026,,,15,6011,,,,,,,,,,,,,,,,,,,,,,,,,,0,0,0,2,0,0,0,0,0,0,0,0,0,0,0,0,0,0
Chicago | D7960C00015 |,24,,10,,,,Chicago,D7960C00015,Dyslipidemia,adults greater than and equal to 18 years of age,Enrolling,Enrolling,11/30/2025,8/15/2027,,,13,5339,,,,,,,,,,,,,,,,,,,,,,,,,,3,3,4,1,1,1,2,2,2,2,2,2,2,2,2,2,2,1
Cyfair | MAB02735 |,120,,100,,,,Cyfair,MAB02735,RSV Vaccine,18 to 49 years of age,Pipeline,Potential,08/01/2026,8/31/2026,,,100,4204,,,,,,,,,,,,,,,,,,,,,,,,,,0,0,0,0,0,0,0,0,0,100,0,0,0,0,0,0,0,0
Cyfair | MAB39093 |,10,,7,,,,Cyfair,MAB39093,Heart Failure,18 to 49 years of age,Pipeline,Potential,04/01/2026,10/1/2028,,,10,4799,,,,,,,,,,,,,,,,,,,,,,,,,,0,0,0,0,0,0,0,0,0,0,0,0,0,0,0,0,0,0
Cyfair | MCS-2-US-b |,10,,7,,,,Cyfair,MCS-2-US-b,UTI,Elderly Adults (50+),Pipeline,Potential,04/03/2026,06/28/2026,,,10,4220,,,,,,,,,,,,,,,,,,,,,,,,,,0,0,0,0,0,0,0,0,0,0,0,0,0,0,0,0,0,0
Cyfair | MET233-097-25-202 |,N/A,,N/A,,,,N/A,N/A,N/A,N/A,N/A,N/A,N/A,N/A,,,N/A,6814,,,,,,,,,,,,,,,,,,,,,,,,,,1,0,0,1,0,0,1,0,0,0,0,1,1,0,0,0,0,0
Cyfair | mRNA-1083-P303 |,50,,40,,,,Cyfair,mRNA-1083-P303,Combined Covid + Influenza Vaccine,"18 to 75 Years (Adults, Older Adults)",Archive,Canceled,02/01/2026,02/01/2027,,,50,4630,,,,,,,,,,,,,,,,,,,,,,,,,,0,0,0,0,0,0,0,0,0,0,0,0,0,0,0,0,0,0
Cyfair | mRNA-1189-P301 |,15,,12,,,,Cyfair,mRNA-1189-P301,Epstein Barr,Teenage (12 to 17),Pipeline,Potential,04/01/2026,04/01/2027,,,15,2836,,,,,,,,,,,,,,,,,,,,,,,,,,0,0,0,1,0,1,0,1,0,1,0,1,0,1,0,1,0,1
Jersey City | C4591081 |,135,,135,,,,Jersey City,C4591081,COVID-19,50 to 65 years of age,Maintenance,Maintenance,01/23/2026,06/15/2026,,,200,6756,,,,,,,,,,,,,,,,,,,,,,,,,,0,0,0,0,0,0,0,0,0,0,0,0,0,0,0,0,0,0
Cyfair | mRNA-1283-P301 | Part 2,200,,100,,,,Cyfair,mRNA-1283-P301,COVID-19,18 to 49 years of age,Pipeline,On Hold/Postponed,01/01/2026,01/01/2027,,,200,2946,,,,,,,,,,,,,,,,,,,,,,,,,,0,0,0,0,0,0,0,0,0,0,0,0,0,0,0,0,0,0
Cyfair | mRNA-1468-P301 |,150,,120,,,,Cyfair,mRNA-1468-P301,Herpes Zoster,Elderly Adults (50+),Pipeline,On Hold/Postponed,06/01/2026,06/01/2027,,,150,2483,,,,,,,,,,,,,,,,,,,,,,,,,,0,0,0,0,0,0,0,0,0,0,0,0,0,0,0,0,0,0
Cyfair | mRNA-1975/1982-P102 |,60,,42,,,,Cyfair,mRNA-1975/1982-P102,Lyme,Adolescent (5 to 12),Pipeline,On Hold/Postponed,01/01/2026,01/01/2027,,,60,3181,,,,,,,,,,,,,,,,,,,,,,,,,,0,0,0,0,0,0,0,0,0,0,0,0,0,0,0,0,0,0
Chicago | VBD00002 |,80,,64,,,,Chicago,VBD00002,RSV Vaccine,Elderly Adults (50+),Pipeline,On Hold/Postponed,10/02/2027,,,,140,3861,,,,,,,,,,,,,,,,,,,,,,,,,,0,0,0,0,0,0,0,0,0,0,0,0,0,0,0,0,0,0
Cyfair | None at the moment |,0,,0,,,,Cyfair,None at the moment,COVID-19,"18 to 75 Years (Adults, Older Adults)",Pipeline,Pre-award,03/01/2026,03/01/2027,,,10,5717,,,,,,,,,,,,,,,,,,,,,,,,,,0,0,0,0,0,0,0,0,0,0,0,0,0,0,0,0,0,0
Cyfair | None at the moment |,0,,0,,,,Cyfair,None at the moment,Herpes Zoster,"18 to 75 Years (Adults, Older Adults)",Pipeline,Pre-award,04/01/2026,04/01/2027,,,10,5807,,,,,,,,,,,,,,,,,,,,,,,,,,0,0,0,0,0,0,0,0,0,0,0,0,0,0,0,0,0,0
Cyfair | none at the moment |,0,,0,,,,Cyfair,none at the moment,Pneumococcal,50 to 80 years of age,Pipeline,Pre-award,03/01/2026,05/31/2026,,,100,5962,,,,,,,,,,,,,,,,,,,,,,,,,,0,0,0,0,0,0,0,0,0,0,0,0,0,0,0,0,0,0
Cyfair | none at the moment |,0,,0,,,,Cyfair,none at the moment,Food Allergy,4 to <56 years of age,Pipeline,Pre-award,01/01/2026,11/01/2026,,,10,6014,,,,,,,,,,,,,,,,,,,,,,,,,,0,0,0,0,0,0,0,0,0,0,0,0,0,0,0,0,0,0
Cyfair | none at the moment |,0,,0,,,,Cyfair,none at the moment,HSV,adults greater than and equal to 18 years of age,Pipeline,Pre-award,04/01/2026,04/01/2027,,,10,6176,,,,,,,,,,,,,,,,,,,,,,,,,,0,0,0,0,0,0,0,0,0,0,0,0,0,0,0,0,0,0
Cyfair | none at the moment |,0,,0,,,,Cyfair,none at the moment,Erectile Dysfunction,"18 to 75 Years (Adults, Older Adults)",Pipeline,Pre-award,01/01/2026,07/31/2026,,,15,6198,,,,,,,,,,,,,,,,,,,,,,,,,,0,0,0,0,0,0,0,0,0,0,0,0,0,0,0,0,0,0
Cyfair | none at the moment |,0,,0,,,,Cyfair,none at the moment,COVID-19,50 to 65 years of age,Pipeline,Pre-award,04/01/2026,06/01/2026,,,50,6227,,,,,,,,,,,,,,,,,,,,,,,,,,0,0,0,0,0,0,0,0,0,0,0,0,0,0,0,0,0,0
Cyfair | none at the moment |,0,,0,,,,Cyfair,none at the moment,CVOT,"18 to 75 Years (Adults, Older Adults)",Pipeline,Pre-award,07/01/2026,07/31/2027,,,123,6368,,,,,,,,,,,,,,,,,,,,,,,,,,0,0,0,0,0,0,0,0,0,0,0,0,0,0,0,0,0,0
Cyfair | None at the moment |,0,,0,,,,Cyfair,None at the moment,HSV,adults greater than and equal to 18 years of age,Pipeline,Pre-award,03/01/2026,08/31/2026,,,15,6375,,,,,,,,,,,,,,,,,,,,,,,,,,0,0,0,0,0,0,0,0,0,0,0,0,0,0,0,0,0,0
Cyfair | none at the moment |,0,,0,,,,Cyfair,none at the moment,Epstein Barr,18 to 20 years of age,Pipeline,Pre-award,07/01/2026,07/01/2027,,,50,6460,,,,,,,,,,,,,,,,,,,,,,,,,,0,0,0,0,0,0,0,0,0,0,0,0,0,0,0,0,0,0
Cyfair | none at the moment |,0,,0,,,,Cyfair,none at the moment,colorectal cancer (CRC),"18 to 75 Years (Adults, Older Adults)",Pipeline,Pre-award,04/30/2026,04/30/2027,,,8,6742,,,,,,,,,,,,,,,,,,,,,,,,,,0,0,0,0,0,0,0,0,0,0,0,0,0,0,0,0,0,0
Cyfair | none at the moment |,0,,0,,,,Cyfair,none at the moment,Obesity,adults greater than and equal to 18 years of age,Pipeline,Pre-award,05/01/2026,5/1/2027,,,50,6856,,,,,,,,,,,,,,,,,,,,,,,,,,0,0,0,0,0,0,0,0,0,0,0,0,0,0,0,0,0,0
Cyfair | none at the moment |,0,,0,,,,Cyfair,none at the moment,ST-elevation Myocardial Infarction,"18 to 75 Years (Adults, Older Adults)",Archive,CRO Not Selected,07/01/2026,12/31/2026,,,7,6977,,,,,,,,,,,,,,,,,,,,,,,,,,0,0,0,0,0,0,0,0,0,0,0,0,0,0,0,0,0,0
Cyfair | none at the moment |,0,,0,,,,Cyfair,none at the moment,Type 2 Diabetes,18 to 65 years of age,Pipeline,Potential,04/01/2026,04/01/2027,,,10,7030,,,,,,,,,,,,,,,,,,,,,,,,,,0,0,0,0,0,0,0,0,0,0,0,0,0,0,0,0,0,0
Cyfair | none at the moment |,0,,0,,,,Cyfair,none at the moment,Obesity,adults greater than and equal to 18 years of age,Archive,DM Declined,05/02/2026,02/01/2027,,,8,7045,,,,,,,,,,,,,,,,,,,,,,,,,,0,0,0,0,0,0,0,0,0,0,0,0,0,0,0,0,0,0
Cyfair | none at the moment |,0,,0,,,,Cyfair,none at the moment,Chronic Lower Back Pain,adults greater than and equal to 18 years of age,Pipeline,Potential,04/29/2026,07/26/2026,,,8,7071,,,,,,,,,,,,,,,,,,,,,,,,,,0,0,0,0,0,0,0,0,0,0,0,0,0,0,0,0,0,0
Cyfair | none at the moment |,0,,0,,,,Cyfair,none at the moment,Influenza,adults greater than and equal to 18 years of age,Pipeline,Potential,07/23/2026,11/13/2026,,,175,7124,,,,,,,,,,,,,,,,,,,,,,,,,,0,0,0,0,0,0,0,0,0,0,0,0,0,0,0,0,0,0
Cyfair | none at the tmoment |,0,,0,,,,Cyfair,none at the tmoment,Migraine,"18 to 75 Years (Adults, Older Adults)",Pipeline,Pre-award,02/02/2026,02/02/2027,,,10,6085,,,,,,,,,,,,,,,,,,,,,,,,,,0,0,0,0,0,0,0,0,0,0,0,0,0,0,0,0,0,0
Cyfair | OAB71527 |,50,,18,,,,Cyfair,OAB71527,Shingles,"18 to 75 Years (Adults, Older Adults)",Pipeline,FQ Submitted,03/31/2026,03/31/2027,,,200,5051,,,,,,,,,,,,,,,,,,,,,,,,,,0,0,0,0,0,0,0,0,0,0,0,0,0,0,0,0,0,0
Cyfair | PAB72224 |,0,,0,,,,Cyfair,PAB72224,Glabeller Lines,18 to 65 years of age,Pipeline,Pre-award,05/02/2026,05/29/2026,,,10,6107,,,,,,,,,,,,,,,,,,,,,,,,,,0,0,0,0,0,0,0,0,0,0,0,0,0,0,0,0,0,0
Cyfair | PAB78438 |,0,,0,,,,Cyfair,PAB78438,Type 2 Diabetes,adults greater than and equal to 18 years of age,Pipeline,Pre-award,07/01/2026,7/1/2027,,,10,6051,,,,,,,,,,,,,,,,,,,,,,,,,,0,0,0,0,0,0,0,0,0,0,0,0,0,0,0,0,0,0
Chicago | VYD2311-PREV-002 |,107,,77,,,,Chicago,VYD2311-PREV-002,COVID-19,12 years of age and older,Startup,SIV Completed,01/12/2026,3/3/2026,,,102,6904,,,,,,,,,,,,,,,,,,,,,,,,,,40,10,0,0,0,0,0,0,0,0,0,0,0,0,0,0,0,0
Cyfair | VAX31-104 |,60,,48,,,,Cyfair,VAX31-104,Pneumococcal,18 to 49 years of age,Pipeline,Potential,04/01/2026,4/1/2027,,,60,2508,,,,,,,,,,,,,,,,,,,,,,,,,,0,0,0,4,0,4,0,3,0,5,0,3,0,5,0,3,0,4
Cyfair | 3110-305-002 |,18,,3,,,,Cyfair,3110-305-002,Migraine,18 to 49 years of age,Enrolling,Enrolling,05/01/2022,6/7/2026,,,18,36,,,,,,,,,,,,,,,,,,,,,,,,,,1,0,0,0,1,1,0,0,0,0,0,0,0,0,0,0,0,0
Cyfair | ZP7570-25086 |,8,,5,,,,Cyfair,ZP7570-25086,Obesity,"18 to 75 Years (Adults, Older Adults)",Archive,Not Selected,04/04/2026,7/31/2027,,,8,7021,,,,,,,,,,,,,,,,,,,,,,,,,,0,0,0,0,0,0,0,0,0,0,0,0,0,0,0,0,0,0
Cyfair | 3110-306-002 |,5,,4,,,,Cyfair,3110-306-002,Migraine,12 years of age and older,Enrolling,Enrolling,05/02/2022,5/5/2026,,,10,37,,,,,,,,,,,,,,,,,,,,,,,,,,0,0,0,0,0,0,0,0,0,0,0,0,0,0,0,0,0,0
Dallas-Fort Worth | 218130 |,150,,80,,,,Dallas-Fort Worth,218130,Influenza,> 65 years of age,Pipeline,PSV Completed,09/01/2026,10/29/2026,,,125,4992,,,,,,,,,,,,,,,,,,,,,,,,,,0,0,0,0,0,0,0,0,0,0,0,0,0,0,0,0,0,0
Dallas-Fort Worth | 218132 |,90,,60,,,,Dallas-Fort Worth,218132,Influenza,18 to 49 years of age,Pipeline,PSV Completed,10/01/2026,12/15/2026,,,125,4987,,,,,,,,,,,,,,,,,,,,,,,,,,0,0,0,0,0,0,0,0,0,0,0,0,0,0,0,0,0,0
Dallas-Fort Worth | 221847 |,100,,80,,,,Dallas-Fort Worth,221847,COVID-19,adults greater than and equal to 18 years of age,Pipeline,On Hold/Postponed,10/01/2026,04/16/2027,,,175,5003,,,,,,,,,,,,,,,,,,,,,,,,,,0,0,0,0,0,0,0,0,0,0,0,0,0,0,0,0,0,0
Dallas-Fort Worth | 289318 |,10,,0,,,,Dallas-Fort Worth,289318,Chronic Sinusitis,18 to 49 years of age,Pipeline,Pre-award,04/01/2026,04/01/2027,,,20,4640,,,,,,,,,,,,,,,,,,,,,,,,,,0,0,0,0,0,0,0,0,0,0,0,0,0,0,0,0,0,0
Cyfair | BHV3000-315 |,3,,3,,,,Cyfair,BHV3000-315,Migraine,18 to 49 years of age,Enrolling,Enrolling,01/04/2022,06/30/2026,,,5,172,,,,,,,,,,,,,,,,,,,,,,,,,,0,0,0,0,0,0,0,0,0,0,0,0,0,0,0,0,0,0
Sugarland | C4591081 |,135,,135,,,,Sugarland,C4591081,COVID-19,50 to 65 years of age,Maintenance,Maintenance,01/09/2026,6/15/2026,,,200,6753,,,,,,,,,,,,,,,,,,,,,,,,,,0,0,0,0,0,0,0,0,0,0,0,0,0,0,0,0,0,0
Dallas-Fort Worth | 306938 |,105,,80,,,,Dallas-Fort Worth,306938,Influenza,Elderly Adults (50+),Pipeline,FQ Submitted,04/29/2026,06/28/2026,,,105,7100,,,,,,,,,,,,,,,,,,,,,,,,,,0,0,0,0,0,0,0,0,0,0,0,0,0,0,0,0,0,0
Dallas-Fort Worth | 7076875 |,8,,,,,,Dallas-Fort Worth,7076875,No Information,,Pipeline,Potential,,,,,,7271,,,,,,,,,,,,,,,,,,,,,,,,,,0,0,0,0,0,0,0,0,0,0,0,0,0,0,0,0,0,0
Dallas-Fort Worth | 779690 |,,,,,,,Dallas-Fort Worth,779690,No Information,,Pipeline,Potential,08/03/2026,,,,,7273,,,,,,,,,,,,,,,,,,,,,,,,,,0,0,0,0,0,0,0,0,0,0,0,0,0,0,0,0,0,0
Dallas-Fort Worth | AIC316-01-III-01 |,0,,0,,,,Dallas-Fort Worth,AIC316-01-III-01,HSV Treatment,adults greater than and equal to 18 years of age,Archive,DM Declined,05/28/2026,12/03/2026,,,4,6216,,,,,,,,,,,,,,,,,,,,,,,,,,0,0,1,1,2,2,2,1,2,2,2,1,2,1,2,1,1,1
Dallas-Fort Worth | AV161-G-24-003 |,3,,1,,,,Dallas-Fort Worth,AV161-G-24-003,Pulmonary  Arterial Hypertension,"18 to 75 Years (Adults, Older Adults)",Pipeline,FQ Submitted,08/01/2026,11/30/2027,,,8,5623,,,,,,,,,,,,,,,,,,,,,,,,,,0,0,0,0,0,0,0,0,0,0,0,0,0,0,0,0,0,0
Dallas-Fort Worth | BC #139639-01 |,5,,0,,,,Dallas-Fort Worth,BC #139639-01,UTI,adults greater than and equal to 18 years of age,Pipeline,Pre-award,04/01/2026,04/01/2027,,,10,5459,,,,,,,,,,,,,,,,,,,,,,,,,,0,0,0,0,0,0,0,0,0,0,0,0,0,0,0,0,0,0
Cyfair | D6934C00001 |,3,,2,,,,Cyfair,D6934C00001,Asthma,Teenage (12 to 17),Enrolling,Enrolling,06/03/2024,09/01/2026,,,8,3359,,,,,,,,,,,,,,,,,,,,,,,,,,1,0,1,0,1,0,0,0,0,0,0,0,0,0,0,0,0,0
Dallas-Fort Worth | C4931009 |,75,,60,,,,Dallas-Fort Worth,C4931009,Pneumococcal,adults greater than and equal to 18 years of age,Pipeline,On Hold/Postponed,04/21/2026,08/17/2026,,,212,4937,,,,,,,,,,,,,,,,,,,,,,,,,,0,0,0,0,0,0,0,0,0,0,0,0,0,0,0,0,0,0
Dallas-Fort Worth | C4931014 |,60,,40,,,,Dallas-Fort Worth,C4931014,Pneumococcal,> 65 years of age,Pipeline,On Hold/Postponed,04/03/2026,06/12/2026,,,50,4964,,,,,,,,,,,,,,,,,,,,,,,,,,0,0,0,0,0,0,0,0,0,0,0,0,0,0,0,0,0,0
Dallas-Fort Worth | C6271002 |,145,,128,,,,Dallas-Fort Worth,C6271002,Influenza,adults greater than and equal to 18 years of age,Pipeline,On Hold/Postponed,09/05/2026,09/30/2026,,,340,6144,,,,,,,,,,,,,,,,,,,,,,,,,,0,0,0,0,0,0,0,0,0,0,0,0,0,0,0,0,0,0
Dallas-Fort Worth | D6405C00001 |,5,,3,,,,Dallas-Fort Worth,D6405C00001,Chronic Kidney Disease,"18 to 75 Years (Adults, Older Adults)",Pipeline,On Hold/Postponed,04/27/2026,04/27/2027,,,20,5730,,,,,,,,,,,,,,,,,,,,,,,,,,0,0,0,0,0,0,0,0,0,0,0,0,0,0,0,0,0,0
Dallas-Fort Worth | D7266C00001 |,13,,10,,,,Dallas-Fort Worth,D7266C00001,CVOT,adults greater than and equal to 18 years of age,Pipeline,PSV Requested,07/06/2026,03/15/2027,,,13,6993,,,,,,,,,,,,,,,,,,,,,,,,,,0,0,0,0,0,0,0,0,0,0,0,0,0,0,0,0,0,0
Dallas-Fort Worth | D7960C00012 |,5,,5,,,,Dallas-Fort Worth,D7960C00012,Dyslipidemia,adults greater than and equal to 18 years of age,Maintenance,Maintenance,06/06/2025,04/16/2027,,,50,5330,,,,,,,,,,,,,,,,,,,,,,,,,,0,0,0,0,0,0,0,0,0,0,0,0,0,0,0,0,0,0
Cyfair | J4M-MC-PWMP |,5,,5,,,,Cyfair,J4M-MC-PWMP,Obesity,Teenage (12 to 17),Maintenance,Maintenance,12/09/2024,03/06/2026,,,48,3489,,,,,,,,,,,,,,,,,,,,,,,,,,0,0,0,0,0,0,0,0,0,0,0,0,0,0,0,0,0,0
Dallas-Fort Worth | ELU42 |,10,,8,,,,Dallas-Fort Worth,ELU42,Diabetic Foot Ulcer,"18 to 75 Years (Adults, Older Adults)",Pipeline,Potential,04/01/2026,05/22/2026,,,10,6099,,,,,,,,,,,,,,,,,,,,,,,,,,0,0,0,0,0,0,0,0,0,0,0,0,0,0,0,0,0,0
Dallas-Fort Worth | MAB02735 |,80,,64,,,,Dallas-Fort Worth,MAB02735,RSV Vaccine,18 to 49 years of age,Pipeline,Potential,08/01/2026,08/31/2026,,,100,4215,,,,,,,,,,,,,,,,,,,,,,,,,,0,0,0,0,0,0,0,0,0,64,0,0,0,0,0,0,0,0
Dallas-Fort Worth | MAB39093 |,10,,7,,,,Dallas-Fort Worth,MAB39093,Heart Failure,18 to 49 years of age,Pipeline,Potential,04/01/2026,10/01/2028,,,10,4795,,,,,,,,,,,,,,,,,,,,,,,,,,0,0,0,0,0,0,0,0,0,0,0,0,0,0,0,0,0,0
Dallas-Fort Worth | mRNA-1273_1283-P401 |,150,,100,,,,Dallas-Fort Worth,mRNA-1273_1283-P401,COVID-19,50 to 65 years of age,Archive,Not Selected,04/04/2026,02/16/2026,,,150,6765,,,,,,,,,,,,,,,,,,,,,,,,,,0,0,0,0,0,0,0,0,0,0,0,0,0,0,0,0,0,0
Dallas-Fort Worth | mRNA-1403-P301 | Additional Cohort,75,,45,,,,Dallas-Fort Worth,mRNA-1403-P301,Norovirus,> 60 years of age,Maintenance,Maintenance,11/26/2025,01/28/2026,,,75,6872,,,,,,,,,,,,,,,,,,,,,,,,,,0,0,0,0,0,0,0,0,0,0,0,0,0,0,0,0,0,0
Dallas-Fort Worth | None at the moment |,0,,0,,,,Dallas-Fort Worth,None at the moment,COVID-19,> 65 years of age,Pipeline,Pre-award,09/01/2026,09/01/2027,,,15,5756,,,,,,,,,,,,,,,,,,,,,,,,,,0,0,0,0,0,0,0,0,0,0,0,0,0,0,0,0,0,0
Dallas-Fort Worth | None at the moment |,0,,0,,,,Dallas-Fort Worth,None at the moment,Contraception,18 to 49 years of age,Pipeline,Pre-award,01/01/2026,11/14/2026,,,13,5768,,,,,,,,,,,,,,,,,,,,,,,,,,0,0,0,0,0,0,0,0,0,0,0,0,0,0,0,0,0,0
Dallas-Fort Worth | None at the moment |,0,,0,,,,Dallas-Fort Worth,None at the moment,Herpes Zoster,"18 to 75 Years (Adults, Older Adults)",Pipeline,Pre-award,04/01/2026,04/01/2027,,,10,5808,,,,,,,,,,,,,,,,,,,,,,,,,,0,0,0,0,0,0,0,0,0,0,0,0,0,0,0,0,0,0
Dallas-Fort Worth | None at the moment |,0,,0,,,,Dallas-Fort Worth,None at the moment,Type 2 Diabetes,"18 to 75 Years (Adults, Older Adults)",Pipeline,Pre-award,04/01/2026,04/01/2027,,,8,5820,,,,,,,,,,,,,,,,,,,,,,,,,,0,0,0,0,0,0,0,0,0,0,0,0,0,0,0,0,0,0
Dallas-Fort Worth | None at the moment |,0,,0,,,,Dallas-Fort Worth,None at the moment,Urticaria,"18 to 75 Years (Adults, Older Adults)",Pipeline,Pre-award,04/01/2026,04/01/2027,,,10,5920,,,,,,,,,,,,,,,,,,,,,,,,,,0,0,0,0,0,0,0,0,0,0,0,0,0,0,0,0,0,0
Dallas-Fort Worth | None at the moment |,0,,0,,,,Dallas-Fort Worth,None at the moment,Hypothyroidism,"18 to 75 Years (Adults, Older Adults)",Pipeline,Pre-award,01/01/2026,01/01/2027,,,8,5927,,,,,,,,,,,,,,,,,,,,,,,,,,0,0,0,0,0,0,0,0,0,0,0,0,0,0,0,0,0,0
Dallas-Fort Worth | none at the moment |,0,,0,,,,Dallas-Fort Worth,none at the moment,Pneumococcal,50 to 80 years of age,Pipeline,Pre-award,03/01/2026,05/31/2026,,,75,5963,,,,,,,,,,,,,,,,,,,,,,,,,,0,0,0,0,0,0,0,0,0,0,0,0,0,0,0,0,0,0
Dallas-Fort Worth | none at the moment |,0,,0,,,,Dallas-Fort Worth,none at the moment,Food Allergy,4 to <56 years of age,Pipeline,Pre-award,01/01/2026,11/01/2026,,,10,6015,,,,,,,,,,,,,,,,,,,,,,,,,,0,0,0,0,0,0,0,0,0,0,0,0,0,0,0,0,0,0
Dallas-Fort Worth | none at the moment |,0,,0,,,,Dallas-Fort Worth,none at the moment,Pulmonary Hypertension,"18 to 75 Years (Adults, Older Adults)",Pipeline,Pre-award,01/01/2026,01/01/2027,,,10,6066,,,,,,,,,,,,,,,,,,,,,,,,,,0,0,0,0,0,0,0,0,0,0,0,0,0,0,0,0,0,0
Dallas-Fort Worth | none at the moment |,10,,8,,,,Dallas-Fort Worth,none at the moment,MASH,"18 to 75 Years (Adults, Older Adults)",Pipeline,Potential,04/01/2026,04/01/2027,,,10,6159,,,,,,,,,,,,,,,,,,,,,,,,,,0,0,0,0,0,0,0,0,0,0,0,0,0,0,0,0,0,0
Dallas-Fort Worth | none at the moment |,0,,0,,,,Dallas-Fort Worth,none at the moment,HSV,adults greater than and equal to 18 years of age,Pipeline,Pre-award,03/31/2026,03/31/2027,,,10,6177,,,,,,,,,,,,,,,,,,,,,,,,,,0,0,0,0,0,0,0,0,0,0,0,0,0,0,0,0,0,0
Dallas-Fort Worth | none at the moment |,0,,0,,,,Dallas-Fort Worth,none at the moment,Erectile Dysfunction,"18 to 75 Years (Adults, Older Adults)",Pipeline,Pre-award,01/01/2026,07/31/2026,,,15,6200,,,,,,,,,,,,,,,,,,,,,,,,,,0,0,0,0,0,0,0,0,0,0,0,0,0,0,0,0,0,0
Dallas-Fort Worth | none at the moment |,0,,0,,,,Dallas-Fort Worth,none at the moment,COVID-19,50 to 65 years of age,Pipeline,Pre-award,04/01/2026,06/01/2026,,,50,6228,,,,,,,,,,,,,,,,,,,,,,,,,,0,0,0,0,0,0,0,0,0,0,0,0,0,0,0,0,0,0
Dallas-Fort Worth | none at the moment |,0,,0,,,,Dallas-Fort Worth,none at the moment,CVOT,"18 to 75 Years (Adults, Older Adults)",Pipeline,Pre-award,07/01/2026,07/31/2027,,,125,6361,,,,,,,,,,,,,,,,,,,,,,,,,,0,0,0,0,0,0,0,0,0,0,0,0,0,0,0,0,0,0
Dallas-Fort Worth | None at the moment |,0,,0,,,,Dallas-Fort Worth,None at the moment,HSV,adults greater than and equal to 18 years of age,Pipeline,Pre-award,03/01/2026,08/31/2026,,,14,6377,,,,,,,,,,,,,,,,,,,,,,,,,,0,0,0,0,0,0,0,0,0,0,0,0,0,0,0,0,0,0
Dallas-Fort Worth | none at the moment |,0,,0,,,,Dallas-Fort Worth,none at the moment,Obesity,"18 to 75 Years (Adults, Older Adults)",Pipeline,Pre-award,01/06/2026,01/06/2027,,,15,6404,,,,,,,,,,,,,,,,,,,,,,,,,,0,0,0,0,0,0,0,0,0,0,0,0,0,0,0,0,0,0
Dallas-Fort Worth | none at the moment |,0,,0,,,,Dallas-Fort Worth,none at the moment,Chronic Pain,adults greater than and equal to 18 years of age,Pipeline,Pre-award,04/01/2026,04/01/2027,,,18,6447,,,,,,,,,,,,,,,,,,,,,,,,,,0,0,0,0,0,0,0,0,0,0,0,0,0,0,0,0,0,0
Dallas-Fort Worth | none at the moment |,0,,0,,,,Dallas-Fort Worth,none at the moment,Epstein Barr,18 to 20 years of age,Pipeline,Pre-award,07/01/2026,07/01/2027,,,50,6470,,,,,,,,,,,,,,,,,,,,,,,,,,0,0,0,0,0,0,0,0,0,0,0,0,0,0,0,0,0,0
Dallas-Fort Worth | none at the moment |,0,,0,,,,Dallas-Fort Worth,none at the moment,colorectal cancer (CRC),"18 to 75 Years (Adults, Older Adults)",Pipeline,Pre-award,04/30/2026,04/30/2027,,,8,6730,,,,,,,,,,,,,,,,,,,,,,,,,,0,0,0,0,0,0,0,0,0,0,0,0,0,0,0,0,0,0
Dallas-Fort Worth | none at the moment |,0,,0,,,,Dallas-Fort Worth,none at the moment,Obesity,adults greater than and equal to 18 years of age,Archive,DM Declined,05/02/2026,02/01/2027,,,8,7046,,,,,,,,,,,,,,,,,,,,,,,,,,0,0,0,0,0,0,0,0,0,0,0,0,0,0,0,0,0,0
Dallas-Fort Worth | none at the moment |,0,,0,,,,Dallas-Fort Worth,none at the moment,Chronic Lower Back Pain,adults greater than and equal to 18 years of age,Pipeline,Potential,04/29/2026,07/26/2026,,,8,7072,,,,,,,,,,,,,,,,,,,,,,,,,,0,0,0,0,0,0,0,0,0,0,0,0,0,0,0,0,0,0
Dallas-Fort Worth | none at the moment |,0,,0,,,,Dallas-Fort Worth,none at the moment,Influenza,adults greater than and equal to 18 years of age,Pipeline,Potential,07/23/2026,11/13/2026,,,150,7125,,,,,,,,,,,,,,,,,,,,,,,,,,0,0,0,0,0,0,0,0,0,0,0,0,0,0,0,0,0,0
Dallas-Fort Worth | none at the tmoment |,0,,0,,,,Dallas-Fort Worth,none at the tmoment,Migraine,"18 to 75 Years (Adults, Older Adults)",Pipeline,Pre-award,02/02/2026,02/02/2027,,,10,6073,,,,,,,,,,,,,,,,,,,,,,,,,,0,0,0,0,0,0,0,0,0,0,0,0,0,0,0,0,0,0
Dallas-Fort Worth | OAB71527 |,50,,18,,,,Dallas-Fort Worth,OAB71527,Shingles,"18 to 75 Years (Adults, Older Adults)",Pipeline,FQ Submitted,03/31/2026,03/31/2027,,,175,5057,,,,,,,,,,,,,,,,,,,,,,,,,,0,0,0,0,0,0,0,0,0,0,0,0,0,0,0,0,0,0
Dallas-Fort Worth | PAB72224 |,0,,0,,,,Dallas-Fort Worth,PAB72224,Glabeller Lines,18 to 65 years of age,Pipeline,Pre-award,05/02/2026,05/29/2026,,,10,6106,,,,,,,,,,,,,,,,,,,,,,,,,,0,0,0,0,0,0,0,0,0,0,0,0,0,0,0,0,0,0
Dallas-Fort Worth | PAB78438 |,0,,0,,,,Dallas-Fort Worth,PAB78438,Type 2 Diabetes,adults greater than and equal to 18 years of age,Pipeline,Pre-award,07/01/2026,07/01/2027,,,10,6055,,,,,,,,,,,,,,,,,,,,,,,,,,0,0,0,0,0,0,0,0,0,0,0,0,0,0,0,0,0,0
Dallas-Fort Worth | R3500 |,10,,8,,,,Dallas-Fort Worth,R3500,Asthma,12 years of age and older,Archive,Not Selected,04/03/2026,04/01/2027,,,11,5950,,,,,,,,,,,,,,,,,,,,,,,,,,0,1,0,1,0,1,0,1,0,1,0,0,0,1,0,1,0,0
Tomball | C4591081 |,135,,135,,,,Tomball,C4591081,COVID-19,50 to 65 years of age,Maintenance,Maintenance,01/09/2026,06/15/2026,,,200,6752,,,,,,,,,,,,,,,,,,,,,,,,,,0,0,0,0,0,0,0,0,0,0,0,0,0,0,0,0,0,0
Dallas-Fort Worth | VE303-003 |,10,,8,,,,Dallas-Fort Worth,VE303-003,Clostridium Difficile,12 years of age and older,Pipeline,Potential,04/01/2026,06/28/2026,,,10,5935,,,,,,,,,,,,,,,,,,,,,,,,,,0,0,0,0,0,0,0,0,0,0,0,0,0,0,0,0,0,0
Dallas-Fort Worth | VX24-548-111 |,8,,4,,,,Dallas-Fort Worth,VX24-548-111,Diabetic Neuropathy,adults greater than and equal to 18 years of age,Archive,Not Selected,04/22/2026,04/23/2027,,,8,6937,,,,,,,,,,,,,,,,,,,,,,,,,,0,0,0,0,0,0,0,0,0,0,0,0,0,0,0,0,0,0
Dallas-Fort Worth | VX25-AIS-301 |,8,,5,,,,Dallas-Fort Worth,VX25-AIS-301,Graves Diseases,18-80 years of age,Archive,Not Selected,05/02/2026,07/16/2026,,,8,7083,,,,,,,,,,,,,,,,,,,,,,,,,,0,0,0,0,0,0,0,0,0,0,0,0,0,0,0,0,0,0
Cyfair | NN9838-4968 |,5,,5,,,,Cyfair,NN9838-4968,Obesity,5 to < 18 years of age,Enrolling,Enrollment Paused,01/08/2026,03/06/2026,,,5,6315,,,,,,,,,,,,,,,,,,,,,,,,,,0,0,0,0,0,0,2,2,2,2,0,0,0,0,0,0,0,0
Detroit | 1378-0021 |,4,,4,,,,Detroit,1378-0021,Hypertension,18 to 49 years of age,Pipeline,Potential,04/01/2026,04/01/2027,,,4,4339,,,,,,,,,,,,,,,,,,,,,,,,,,0,0,0,0,0,1,0,0,0,0,0,0,0,0,0,0,0,0
Detroit | 20230219 |,3,,2,,,,Detroit,20230219,Gout,adults greater than and equal to 18 years of age,Archive,DM Declined,03/17/2026,06/17/2027,,,3,6843,,,,,,,,,,,,,,,,,,,,,,,,,,0,0,0,0,0,0,0,0,0,0,0,0,0,0,0,0,0,0
Detroit | 218139 |,200,,140,,,,Detroit,218139,Influenza,18 to 49 years of age,Pipeline,On Hold/Postponed,04/01/2026,04/01/2027,,,200,2643,,,,,,,,,,,,,,,,,,,,,,,,,,0,0,0,0,0,0,0,0,0,0,0,0,0,0,0,0,0,0
Detroit | 218741 |,50,,35,,,,Detroit,218741,RSV_Flu Vaccine,18 to 49 years of age,Pipeline,On Hold/Postponed,04/01/2026,04/01/2027,,,50,3028,,,,,,,,,,,,,,,,,,,,,,,,,,0,0,0,0,0,0,0,0,0,0,0,0,0,0,0,0,0,0
Detroit | 221847 |,200,,160,,,,Detroit,221847,COVID-19,adults greater than and equal to 18 years of age,Pipeline,On Hold/Postponed,10/01/2026,04/16/2027,,,225,5004,,,,,,,,,,,,,,,,,,,,,,,,,,0,0,0,0,0,0,0,0,0,0,0,0,0,0,0,0,0,0
Detroit | 283133 |,10,,10,,,,Detroit,283133,COPD,40 to 80 years of age (inclusive),Pipeline,Potential,04/01/2026,04/01/2028,,,10,4547,,,,,,,,,,,,,,,,,,,,,,,,,,0,0,0,1,0,1,0,0,0,1,0,0,0,1,0,1,0,0
Detroit | 80120522 |,45,,20,,,,Detroit,80120522,Obesity,"18 to 75 Years (Adults, Older Adults)",Pipeline,Potential,04/01/2026,07/01/2026,,,45,4893,,,,,,,,,,,,,,,,,,,,,,,,,,0,0,0,0,0,0,0,0,0,0,0,0,0,0,0,0,0,0
Detroit | AIC316-01-III-01 |,0,,0,,,,Detroit,AIC316-01-III-01,HSV Treatment,adults greater than and equal to 18 years of age,Archive,DM Declined,05/28/2026,12/03/2026,,,4,6224,,,,,,,,,,,,,,,,,,,,,,,,,,0,0,0,0,0,0,0,0,0,0,0,0,0,0,0,0,0,0
Detroit | ALN-AGT01-008 |,10,,5,,,,Detroit,ALN-AGT01-008,Hypertension,18 to 49 years of age,Pipeline,FQ Submitted,05/01/2026,04/01/2027,,,20,5257,,,,,,,,,,,,,,,,,,,,,,,,,,0,0,0,1,0,0,0,0,0,1,0,0,0,1,0,0,0,0
Detroit | BC #139639-01 |,10,,0,,,,Detroit,BC #139639-01,UTI,adults greater than and equal to 18 years of age,Pipeline,Pre-award,04/01/2026,04/01/2027,,,10,5460,,,,,,,,,,,,,,,,,,,,,,,,,,0,0,0,0,0,0,0,0,0,0,0,0,0,0,0,0,0,0
Kool Kids | PSK00031 |,8,,8,,,,Kool Kids,PSK00031,Pneumococcal,Toddler (2 to 5),Maintenance,Maintenance,04/07/2025,02/13/2026,,,8,3142,,,,,,,,,,,,,,,,,,,,,,,,,,0,0,0,0,0,0,0,0,0,0,0,0,0,0,0,0,0,0
Detroit | C4931009 |,75,,60,,,,Detroit,C4931009,Pneumococcal,adults greater than and equal to 18 years of age,Pipeline,On Hold/Postponed,04/21/2026,08/17/2026,,,212,4927,,,,,,,,,,,,,,,,,,,,,,,,,,0,0,0,0,0,0,0,0,0,0,0,0,0,0,0,0,0,0
Detroit | C4931014 |,60,,40,,,,Detroit,C4931014,Pneumococcal,> 65 years of age,Pipeline,On Hold/Postponed,04/03/2026,06/12/2026,,,50,4965,,,,,,,,,,,,,,,,,,,,,,,,,,0,0,0,0,0,0,0,0,0,0,0,0,0,0,0,0,0,0
Detroit | C6271001 | Cohort 2 Sentinel,9,,5,,,,Detroit,C6271001,Combined Covid + Influenza Vaccine,> 65 years of age,Pipeline,Backup Site,01/01/2026,04/28/2026,,,10,5316,,,,,,,,,,,,,,,,,,,,,,,,,,0,0,0,0,0,0,0,0,0,0,0,0,0,0,0,0,0,0
Detroit | C6271001 | Cohort 3,9,,1,,,,Detroit,C6271001,Combined Covid + Influenza Vaccine,> 65 years of age,Pipeline,Backup Site,01/01/2026,04/28/2026,,,10,5319,,,,,,,,,,,,,,,,,,,,,,,,,,0,0,0,0,0,0,0,0,0,0,0,0,0,0,0,0,0,0
Detroit | C6271002 |,205,,173,,,,Detroit,C6271002,Influenza,adults greater than and equal to 18 years of age,Pipeline,On Hold/Postponed,09/05/2026,10/01/2026,,,370,6145,,,,,,,,,,,,,,,,,,,,,,,,,,0,0,0,0,0,0,0,0,0,0,0,0,0,0,0,0,0,0
Detroit | D6405C00001 |,10,,7,,,,Detroit,D6405C00001,Chronic Kidney Disease,"18 to 75 Years (Adults, Older Adults)",Pipeline,On Hold/Postponed,04/27/2026,04/27/2027,,,20,5729,,,,,,,,,,,,,,,,,,,,,,,,,,0,0,0,0,0,0,0,0,0,0,0,0,0,0,0,0,0,0
Detroit | D7266C00001 |,13,,10,,,,Detroit,D7266C00001,CVOT,adults greater than and equal to 18 years of age,Pipeline,FQ Submitted,07/06/2026,03/15/2027,,,13,7002,,,,,,,,,,,,,,,,,,,,,,,,,,0,0,0,0,0,0,0,0,0,0,0,0,0,0,0,0,0,0
Cyfair | VBD00002 |,80,,64,,,,Cyfair,VBD00002,RSV Vaccine,Elderly Adults (50+),Pipeline,On Hold/Postponed,10/02/2027,,,,100,3857,,,,,,,,,,,,,,,,,,,,,,,,,,0,0,0,0,0,0,0,0,0,0,0,0,0,0,0,0,0,0
Detroit | D8750C00010 |,5,,4,,,,Detroit,D8750C00010,Obesity,"18 to 75 Years (Adults, Older Adults)",Pipeline,FQ Submitted,08/01/2026,07/23/2026,,,14,6288,,,,,,,,,,,,,,,,,,,,,,,,,,0,0,0,0,0,0,0,0,0,0,0,0,0,0,0,0,0,0
Detroit | D8750C00011 |,5,,4,,,,Detroit,D8750C00011,Obesity,"18 to 75 Years (Adults, Older Adults)",Pipeline,FQ Submitted,08/01/2026,06/26/2026,,,14,6308,,,,,,,,,,,,,,,,,,,,,,,,,,0,0,0,0,0,0,0,0,0,0,0,0,0,0,0,0,0,0
Detroit | D8750C00012 |,14,,10,,,,Detroit,D8750C00012,Obesity,"18 to 75 Years (Adults, Older Adults)",Pipeline,FQ Submitted,08/01/2026,07/31/2026,,,14,6275,,,,,,,,,,,,,,,,,,,,,,,,,,0,0,0,0,0,0,0,0,0,0,0,0,0,0,0,0,0,0
Detroit | D8750C00014 |,14,,10,,,,Detroit,D8750C00014,Obesity,"18 to 75 Years (Adults, Older Adults)",Pipeline,FQ Submitted,08/01/2026,08/21/2026,,,14,6298,,,,,,,,,,,,,,,,,,,,,,,,,,0,0,0,0,0,0,0,0,0,0,0,0,0,0,0,0,0,0
Detroit | ELU42 |,10,,8,,,,Detroit,ELU42,Diabetic Foot Ulcer,"18 to 75 Years (Adults, Older Adults)",Pipeline,Potential,04/01/2026,05/22/2026,,,10,6029,,,,,,,,,,,,,,,,,,,,,,,,,,0,0,0,0,0,0,0,0,0,0,0,0,0,0,0,0,0,0
Detroit | ENERGI-F703-04 |,8,,5,,,,Detroit,ENERGI-F703-04,Diabetic Foot Ulcer,adults greater than and equal to 18 years of age,Pipeline,FQ Submitted,06/01/2026,,,,8,7025,,,,,,,,,,,,,,,,,,,,,,,,,,0,0,0,0,0,0,0,0,0,0,0,0,0,0,0,0,0,0
Detroit | ERN: 7083 |,50,,35,,,,Detroit,ERN: 7083,COVID-19,18 to 49 years of age,Pipeline,On Hold/Postponed,04/01/2026,04/01/2027,,,50,2310,,,,,,,,,,,,,,,,,,,,,,,,,,0,0,0,0,0,0,0,0,0,0,0,0,0,0,0,0,0,0
Cyfair | VYD2311-PREV-002 |,124,,77,,,,Cyfair,VYD2311-PREV-002,COVID-19,12 years of age and older,Startup,SIV Completed,03/30/2026,02/27/2026,,,125,6905,,,,,,,,,,,,,,,,,,,,,,,,,,40,10,0,0,0,0,0,0,0,0,0,0,0,0,0,0,0,0
D5272C0001 |,0,,0,,,,Avicenna - Affiliate,D5272C0001,Others,≥ 21 and < 65 years of age,Enrolling,Enrolling,01/12/2023,,,,,106,,,,,,,,,,,,,,,,,,,,,,,,,,,,,,,,,,,,,,,,,,,
Detroit | MAB02735 |,120,,100,,,,Detroit,MAB02735,RSV Vaccine,18 to 49 years of age,Pipeline,Potential,08/01/2026,08/31/2026,,,100,4203,,,,,,,,,,,,,,,,,,,,,,,,,,0,0,0,0,0,0,0,0,0,100,0,0,0,0,0,0,0,0
Detroit | MAB39093 |,10,,7,,,,Detroit,MAB39093,Heart Failure,18 to 49 years of age,Pipeline,Potential,04/01/2026,10/01/2028,,,10,4796,,,,,,,,,,,,,,,,,,,,,,,,,,0,0,0,0,0,0,0,0,0,0,0,0,0,0,0,0,0,0
Detroit | MET233-097-25-202 |,N/A,,N/A,,,,N/A,N/A,N/A,N/A,N/A,N/A,N/A,N/A,,,N/A,6815,,,,,,,,,,,,,,,,,,,,,,,,,,1,0,0,1,0,0,1,0,0,0,0,1,1,0,0,0,0,0
Detroit | mRNA-1083-P303 |,50,,40,,,,Detroit,mRNA-1083-P303,Combined Covid + Influenza Vaccine,"18 to 75 Years (Adults, Older Adults)",Archive,Canceled,02/01/2026,02/01/2027,,,50,4627,,,,,,,,,,,,,,,,,,,,,,,,,,0,0,0,0,0,0,0,0,0,0,0,0,0,0,0,0,0,0
Detroit | mRNA-1189-P301 |,15,,12,,,,Detroit,mRNA-1189-P301,Epstein Barr,Teenage (12 to 17),Pipeline,Potential,04/01/2026,04/01/2027,,,15,2844,,,,,,,,,,,,,,,,,,,,,,,,,,0,0,0,1,0,1,0,1,0,1,0,1,0,1,0,1,0,1
D5982C00007 |,0,,0,,,,Test,D5982C00007,Others,≥ 21 and < 65 years of age,Enrolling,Enrolling,,,,,,282,,,,,,,,,,,,,,,,,,,,,,,,,,,,,,,,,,,,,,,,,,,
Detroit | mRNA-1403-P301 | Additional Cohort,87,,52,,,,Detroit,mRNA-1403-P301,Norovirus,> 60 years of age,Maintenance,Maintenance,11/26/2025,01/28/2026,,,87,6873,,,,,,,,,,,,,,,,,,,,,,,,,,0,0,0,0,0,0,0,0,0,0,0,0,0,0,0,0,0,0
Detroit | mRNA-1468-P301 |,150,,120,,,,Detroit,mRNA-1468-P301,Herpes Zoster,Elderly Adults (50+),Pipeline,On Hold/Postponed,06/01/2026,06/01/2027,,,150,2491,,,,,,,,,,,,,,,,,,,,,,,,,,0,0,0,0,0,0,0,0,0,0,0,0,0,0,0,0,0,0
Detroit | None at the moment |,0,,0,,,,Detroit,None at the moment,COVID-19,> 65 years of age,Pipeline,Pre-award,09/01/2026,09/01/2027,,,15,5757,,,,,,,,,,,,,,,,,,,,,,,,,,0,0,0,0,0,0,0,0,0,0,0,0,0,0,0,0,0,0
Detroit | None at the moment |,0,,0,,,,Detroit,None at the moment,Herpes Zoster,"18 to 75 Years (Adults, Older Adults)",Pipeline,Pre-award,04/01/2026,04/01/2027,,,10,5809,,,,,,,,,,,,,,,,,,,,,,,,,,0,0,0,0,0,0,0,0,0,0,0,0,0,0,0,0,0,0
Detroit | None at the moment |,0,,0,,,,Detroit,None at the moment,Hypothyroidism,"18 to 75 Years (Adults, Older Adults)",Pipeline,Pre-award,01/01/2026,01/01/2027,,,8,5928,,,,,,,,,,,,,,,,,,,,,,,,,,0,0,0,0,0,0,0,0,0,0,0,0,0,0,0,0,0,0
Detroit | none at the moment |,0,,0,,,,Detroit,none at the moment,Pneumococcal,50 to 80 years of age,Pipeline,Pre-award,03/01/2026,05/31/2026,,,75,5964,,,,,,,,,,,,,,,,,,,,,,,,,,0,0,0,0,0,0,0,0,0,0,0,0,0,0,0,0,0,0
Detroit | none at the moment |,0,,0,,,,Detroit,none at the moment,HSV,adults greater than and equal to 18 years of age,Pipeline,Pre-award,04/01/2026,04/01/2027,,,10,6178,,,,,,,,,,,,,,,,,,,,,,,,,,0,0,0,0,0,0,0,0,0,0,0,0,0,0,0,0,0,0
Detroit | none at the moment |,0,,0,,,,Detroit,none at the moment,Erectile Dysfunction,"18 to 75 Years (Adults, Older Adults)",Pipeline,Pre-award,01/01/2026,07/31/2026,,,15,6201,,,,,,,,,,,,,,,,,,,,,,,,,,0,0,0,0,0,0,0,0,0,0,0,0,0,0,0,0,0,0
Detroit | none at the moment |,0,,0,,,,Detroit,none at the moment,COVID-19,50 to 65 years of age,Pipeline,Pre-award,04/01/2026,06/01/2026,,,50,6229,,,,,,,,,,,,,,,,,,,,,,,,,,0,0,0,0,0,0,0,0,0,0,0,0,0,0,0,0,0,0
Detroit | none at the moment |,0,,0,,,,Detroit,none at the moment,CVOT,"18 to 75 Years (Adults, Older Adults)",Pipeline,Pre-award,07/01/2026,07/31/2027,,,122,6362,,,,,,,,,,,,,,,,,,,,,,,,,,0,0,0,0,0,0,0,0,0,0,0,0,0,0,0,0,0,0
Detroit | None at the moment |,0,,0,,,,Detroit,None at the moment,HSV,adults greater than and equal to 18 years of age,Pipeline,Pre-award,03/01/2026,08/31/2026,,,15,6376,,,,,,,,,,,,,,,,,,,,,,,,,,0,0,0,0,0,0,0,0,0,0,0,0,0,0,0,0,0,0
Detroit | none at the moment |,0,,0,,,,Detroit,none at the moment,Obesity,"18 to 75 Years (Adults, Older Adults)",Pipeline,Pre-award,01/06/2026,01/06/2027,,,15,6405,,,,,,,,,,,,,,,,,,,,,,,,,,0,0,0,0,0,0,0,0,0,0,0,0,0,0,0,0,0,0
Detroit | none at the moment |,0,,0,,,,Detroit,none at the moment,IBS,adults greater than and equal to 18 years of age,Pipeline,Pre-award,04/01/2026,04/01/2027,,,20,6440,,,,,,,,,,,,,,,,,,,,,,,,,,0,0,0,0,0,0,0,0,0,0,0,0,0,0,0,0,0,0
Detroit | none at the moment |,0,,0,,,,Detroit,none at the moment,Epstein Barr,18 to 20 years of age,Pipeline,Pre-award,07/01/2026,07/01/2027,,,50,6464,,,,,,,,,,,,,,,,,,,,,,,,,,0,0,0,0,0,0,0,0,0,0,0,0,0,0,0,0,0,0
Detroit | none at the moment |,0,,0,,,,Detroit,none at the moment,colorectal cancer (CRC),"18 to 75 Years (Adults, Older Adults)",Pipeline,Pre-award,04/30/2026,04/30/2027,,,8,6731,,,,,,,,,,,,,,,,,,,,,,,,,,0,0,0,0,0,0,0,0,0,0,0,0,0,0,0,0,0,0
Detroit | none at the moment |,0,,0,,,,Detroit,none at the moment,Obesity,adults greater than and equal to 18 years of age,Pipeline,Pre-award,5/1/2026,05/01/2027,,,50,6862,,,,,,,,,,,,,,,,,,,,,,,,,,0,0,0,0,0,0,0,0,0,0,0,0,0,0,0,0,0,0
Detroit | none at the moment |,0,,0,,,,Detroit,none at the moment,ST-elevation Myocardial Infarction,"18 to 75 Years (Adults, Older Adults)",Archive,CRO Not Selected,7/1/2026,12/31/2026,,,7,6978,,,,,,,,,,,,,,,,,,,,,,,,,,0,0,0,0,0,0,0,0,0,0,0,0,0,0,0,0,0,0
Detroit | none at the moment |,0,,0,,,,Detroit,none at the moment,Obesity,adults greater than and equal to 18 years of age,Archive,DM Declined,5/2/2026,02/01/2027,,,8,7047,,,,,,,,,,,,,,,,,,,,,,,,,,0,0,0,0,0,0,0,0,0,0,0,0,0,0,0,0,0,0
Detroit | none at the moment |,0,,0,,,,Detroit,none at the moment,Chronic Lower Back Pain,adults greater than and equal to 18 years of age,Pipeline,Potential,4/29/2026,07/26/2026,,,8,7073,,,,,,,,,,,,,,,,,,,,,,,,,,0,0,0,0,0,0,0,0,0,0,0,0,0,0,0,0,0,0
Detroit | none at the moment |,0,,0,,,,Detroit,none at the moment,Influenza,adults greater than and equal to 18 years of age,Pipeline,Potential,7/23/2026,11/13/2026,,,150,7126,,,,,,,,,,,,,,,,,,,,,,,,,,0,0,0,0,0,0,0,0,0,0,0,0,0,0,0,0,0,0
Detroit | none at the tmoment |,0,,0,,,,Detroit,none at the tmoment,Migraine,"18 to 75 Years (Adults, Older Adults)",Pipeline,Pre-award,2/2/2026,02/02/2027,,,10,6087,,,,,,,,,,,,,,,,,,,,,,,,,,0,0,0,0,0,0,0,0,0,0,0,0,0,0,0,0,0,0
Detroit | OAB71527 |,50,,18,,,,Detroit,OAB71527,Shingles,"18 to 75 Years (Adults, Older Adults)",Pipeline,FQ Submitted,3/31/2026,03/31/2027,,,225,5050,,,,,,,,,,,,,,,,,,,,,,,,,,0,0,0,0,0,0,0,0,0,0,0,0,0,0,0,0,0,0
Detroit | PAB72224 |,0,,0,,,,Detroit,PAB72224,Glabeller Lines,18 to 65 years of age,Pipeline,Pre-award,5/2/2026,05/29/2026,,,10,6109,,,,,,,,,,,,,,,,,,,,,,,,,,0,0,0,0,0,0,0,0,0,0,0,0,0,0,0,0,0,0
Detroit | PAB78438 |,0,,0,,,,Detroit,PAB78438,Type 2 Diabetes,adults greater than and equal to 18 years of age,Pipeline,Pre-award,7/1/2026,07/01/2027,,,10,6058,,,,,,,,,,,,,,,,,,,,,,,,,,0,0,0,0,0,0,0,0,0,0,0,0,0,0,0,0,0,0
Detroit | RAB35102 |,8,,5,,,,Detroit,RAB35102,Lyme,18 to 55 years of age,Pipeline,Potential,05/08/2026,05/30/2026,,,8,7086,,,,,,,,,,,,,,,,,,,,,,,,,,0,0,0,0,0,0,0,0,0,0,0,0,0,0,0,0,0,0
Detroit | ST-1891-301 |,N/A,,N/A,,,,N/A,N/A,N/A,N/A,N/A,N/A,N/A,N/A,,,N/A,4864,,,,,,,,,,,,,,,,,,,,,,,,,,0,0,0,0,0,1,0,1,0,0,0,1,0,0,0,1,0,0
Detroit | US-EPS-24070 |,12,,7,,,,Detroit,US-EPS-24070,Obesity,"18 to 75 Years (Adults, Older Adults)",Pipeline,Potential,04/01/2026,07/28/2026,,,12,4620,,,,,,,,,,,,,,,,,,,,,,,,,,0,0,0,0,0,0,0,0,0,0,0,0,0,0,0,0,0,0
Detroit | V118_24 |,113,,113,,,,Detroit,V118_24,Influenza,> 65 years of age,Maintenance,Maintenance,11/03/2025,11/30/2025,,,250,5616,,,,,,,,,,,,,,,,,,,,,,,,,,0,0,0,0,0,0,0,0,0,0,0,0,0,0,0,0,0,0
Detroit | V201_05 |,250,,0,,,,Detroit,V201_05,Influenza,18 to 49 years of age,Pipeline,On Hold/Postponed,03/01/2027,05/31/2027,,,250,2125,,,,,,,,,,,,,,,,,,,,,,,,,,0,0,0,0,0,0,0,0,0,0,0,0,0,0,0,0,0,0
Detroit | VAX31-104 |,60,,48,,,,Detroit,VAX31-104,Pneumococcal,18 to 49 years of age,Pipeline,Potential,04/01/2026,04/01/2027,,,60,2515,,,,,,,,,,,,,,,,,,,,,,,,,,0,0,0,4,0,4,0,3,0,5,0,3,0,5,0,3,0,4
Dallas-Fort Worth | 1378-0018 |,7,,5,,,,Dallas-Fort Worth,1378-0018,Heart Failure,adults greater than and equal to 18 years of age,Enrolling,Enrolling,05/29/2025,05/29/2028,,,20,5447,,,,,,,,,,,,,,,,,,,,,,,,,,2,0,1,0,0,0,1,1,1,1,1,1,0,0,1,0,0,0
Bellaire | AIC316-01-III-01 |,20,,4,,,,Bellaire,AIC316-01-III-01,HSV Treatment,adults greater than and equal to 18 years of age,Startup,Site Selected,05/28/2026,12/03/2026,,,4,6212,,,,,,,,,,,,,,,,,,,,,,,,,,0,0,0,0,2,1,2,1,2,1,2,0,2,1,2,0,1,0
Cyfair | AIC316-01-III-01 |,20,,4,,,,Cyfair,AIC316-01-III-01,HSV Treatment,adults greater than and equal to 18 years of age,Startup,Site Selected,05/28/2026,12/03/2026,,,4,6215,,,,,,,,,,,,,,,,,,,,,,,,,,0,0,0,0,2,1,2,1,2,1,2,1,2,0,2,0,1,0
Detroit | VRB-101-201 |,20,,20,,,,Detroit,VRB-101-201,Obesity,"18 to 75 Years (Adults, Older Adults)",Maintenance,Maintenance,11/11/2025,01/15/2026,,,21,5489,,,,,,,,,,,,,,,,,,,,,,,,,,0,0,0,0,0,0,0,0,0,0,0,0,0,0,0,0,0,0
Detroit | VX24-548-111 |,8,,4,,,,Detroit,VX24-548-111,Diabetic Neuropathy,adults greater than and equal to 18 years of age,Archive,Not Selected,04/22/2026,04/23/2027,,,8,6938,,,,,,,,,,,,,,,,,,,,,,,,,,0,0,0,0,0,0,0,0,0,0,0,0,0,0,0,0,0,0
Tomball | AIC316-01-III-01 |,20,,10,,,,Tomball,AIC316-01-III-01,HSV Treatment,adults greater than and equal to 18 years of age,Startup,Site Selected,05/28/2026,12/03/2026,,,4,6222,,,,,,,,,,,,,,,,,,,,,,,,,,0,0,0,0,2,2,2,1,2,2,2,1,2,1,2,1,1,1
Dominion (San Antonio) | 20230219 |,3,,2,,,,Dominion (San Antonio),20230219,Gout,adults greater than and equal to 18 years of age,Archive,DM Declined,03/17/2026,06/17/2027,,,3,6844,,,,,,,,,,,,,,,,,,,,,,,,,,0,0,0,0,0,0,0,0,0,0,0,0,0,0,0,0,0,0
Dominion (San Antonio) | 218130 |,105,,75,,,,Dominion (San Antonio),218130,Influenza,> 65 years of age,Startup,Site Selected,09/01/2026,10/30/2026,,,175,4996,,,,,,,,,,,,,,,,,,,,,,,,,,0,0,0,0,0,0,0,0,0,0,0,0,0,0,0,0,0,0
Dominion (San Antonio) | 218132 |,180,,60,,,,Dominion (San Antonio),218132,Influenza,18 to 49 years of age,Pipeline,PSV Scheduled,10/01/2026,12/15/2026,,,180,4989,,,,,,,,,,,,,,,,,,,,,,,,,,0,0,0,0,0,0,0,0,0,0,0,0,0,0,0,0,0,0
Dominion (San Antonio) | 221847 |,75,,60,,,,Dominion (San Antonio),221847,COVID-19,adults greater than and equal to 18 years of age,Pipeline,On Hold/Postponed,10/01/2026,04/16/2027,,,160,5005,,,,,,,,,,,,,,,,,,,,,,,,,,0,0,0,0,0,0,0,0,0,0,0,0,0,0,0,0,0,0
Dominion (San Antonio) | 276498 |,30,,15,,,,Dominion (San Antonio),276498,Combined Covid + Influenza Vaccine,18 to 49 years of age,Pipeline,Potential,04/01/2026,05/01/2027,,,30,4680,,,,,,,,,,,,,,,,,,,,,,,,,,0,0,0,0,0,0,0,0,0,0,0,0,0,0,0,0,0,0
Dominion (San Antonio) | 289318 |,10,,0,,,,Dominion (San Antonio),289318,Chronic Sinusitis,18 to 49 years of age,Pipeline,Pre-award,04/01/2026,04/01/2027,,,20,4647,,,,,,,,,,,,,,,,,,,,,,,,,,0,0,0,0,0,0,0,0,0,0,0,0,0,0,0,0,0,0
Dominion (San Antonio) | BC #139639-01 |,5,,0,,,,Dominion (San Antonio),BC #139639-01,UTI,adults greater than and equal to 18 years of age,Pipeline,Pre-award,04/01/2026,04/01/2027,,,10,5461,,,,,,,,,,,,,,,,,,,,,,,,,,0,0,0,0,0,0,0,0,0,0,0,0,0,0,0,0,0,0
Dominion (San Antonio) | C4931009 |,75,,60,,,,Dominion (San Antonio),C4931009,Pneumococcal,adults greater than and equal to 18 years of age,Pipeline,On Hold/Postponed,04/21/2026,08/17/2026,,,212,4938,,,,,,,,,,,,,,,,,,,,,,,,,,0,0,0,0,0,0,0,0,0,0,0,0,0,0,0,0,0,0
Dominion (San Antonio) | C4931014 |,60,,40,,,,Dominion (San Antonio),C4931014,Pneumococcal,> 65 years of age,Pipeline,On Hold/Postponed,04/03/2026,06/12/2026,,,50,4966,,,,,,,,,,,,,,,,,,,,,,,,,,0,0,0,0,0,0,0,0,0,0,0,0,0,0,0,0,0,0
Dominion (San Antonio) | C5091018 |,30,,15,,,,Dominion (San Antonio),C5091018,COVID-19,18 to 49 years of age,Pipeline,Potential,04/01/2026,01/28/2028,,,30,4473,,,,,,,,,,,,,,,,,,,,,,,,,,0,0,0,0,0,0,0,0,0,0,0,0,0,0,0,0,0,0
Dominion (San Antonio) | D7266C00001 |,13,,11,,,,Dominion (San Antonio),D7266C00001,CVOT,adults greater than and equal to 18 years of age,Pipeline,FQ Submitted,07/06/2026,03/15/2027,,,13,6995,,,,,,,,,,,,,,,,,,,,,,,,,,0,0,0,0,0,0,0,0,0,0,0,0,0,0,0,0,0,0
Dominion (San Antonio) | MAB02735 |,80,,64,,,,Dominion (San Antonio),MAB02735,RSV Vaccine,18 to 49 years of age,Pipeline,Potential,08/01/2026,08/31/2026,,,100,4219,,,,,,,,,,,,,,,,,,,,,,,,,,0,0,0,0,0,0,0,0,0,64,0,0,0,0,0,0,0,0
Dominion (San Antonio) | mRNA-1273_1283-P401 |,150,,100,,,,Dominion (San Antonio),mRNA-1273_1283-P401,COVID-19,50 to 65 years of age,Pipeline,Potential,04/04/2026,02/16/2026,,,150,6887,,,,,,,,,,,,,,,,,,,,,,,,,,0,0,0,0,0,0,0,0,0,0,0,0,0,0,0,0,0,0
Dominion (San Antonio) | None at the moment |,200,,0,,,,Dominion (San Antonio),None at the moment,Cancer Screening,50 to 80 years of age,Pipeline,Pre-award,01/17/2026,01/18/2027,,,200,5634,,,,,,,,,,,,,,,,,,,,,,,,,,0,0,0,0,0,0,0,0,0,0,0,0,0,0,0,0,0,0
Dominion (San Antonio) | None at the moment |,2,,0,,,,Dominion (San Antonio),None at the moment,Acute Respiratory,"18 to 75 Years (Adults, Older Adults)",Pipeline,Pre-award,01/01/2026,01/01/2027,,,2,5713,,,,,,,,,,,,,,,,,,,,,,,,,,0,0,0,0,0,0,0,0,0,0,0,0,0,0,0,0,0,0
Dominion (San Antonio) | None at the moment |,0,,0,,,,Dominion (San Antonio),None at the moment,Herpes Zoster,"18 to 75 Years (Adults, Older Adults)",Pipeline,Pre-award,04/01/2026,04/01/2027,,,10,5810,,,,,,,,,,,,,,,,,,,,,,,,,,0,0,0,0,0,0,0,0,0,0,0,0,0,0,0,0,0,0
Dominion (San Antonio) | none at the moment |,0,,0,,,,Dominion (San Antonio),none at the moment,Pneumococcal,50 to 80 years of age,Pipeline,Pre-award,03/01/2026,05/31/2026,,,75,5976,,,,,,,,,,,,,,,,,,,,,,,,,,0,0,0,0,0,0,0,0,0,0,0,0,0,0,0,0,0,0
Dominion (San Antonio) | none at the moment |,0,,0,,,,Dominion (San Antonio),none at the moment,MASH,"18 to 75 Years (Adults, Older Adults)",Pipeline,Potential,04/01/2026,04/01/2027,,,10,6155,,,,,,,,,,,,,,,,,,,,,,,,,,0,0,0,0,0,0,0,0,0,0,0,0,0,0,0,0,0,0
Dominion (San Antonio) | none at the moment |,0,,0,,,,Dominion (San Antonio),none at the moment,Erectile Dysfunction,"18 to 75 Years (Adults, Older Adults)",Pipeline,Pre-award,01/01/2026,07/31/2026,,,21,6204,,,,,,,,,,,,,,,,,,,,,,,,,,0,0,0,0,0,0,0,0,0,0,0,0,0,0,0,0,0,0
Dominion (San Antonio) | none at the moment |,0,,0,,,,Dominion (San Antonio),none at the moment,CVOT,"18 to 75 Years (Adults, Older Adults)",Pipeline,Pre-award,07/01/2026,07/31/2027,,,125,6365,,,,,,,,,,,,,,,,,,,,,,,,,,0,0,0,0,0,0,0,0,0,0,0,0,0,0,0,0,0,0
Dominion (San Antonio) | none at the moment |,0,,0,,,,Dominion (San Antonio),none at the moment,Chronic Pain,adults greater than and equal to 18 years of age,Pipeline,Pre-award,04/01/2026,04/01/2027,,,16,6446,,,,,,,,,,,,,,,,,,,,,,,,,,0,0,0,0,0,0,0,0,0,0,0,0,0,0,0,0,0,0
Dominion (San Antonio) | none at the moment |,0,,0,,,,Dominion (San Antonio),none at the moment,GBS Maternal Vaccine,18 to 49 years of age,Pipeline,Pre-award,04/01/2026,08/28/2026,,,2,6454,,,,,,,,,,,,,,,,,,,,,,,,,,0,0,0,0,0,0,0,0,0,0,0,0,0,0,0,0,0,0
Dominion (San Antonio) | none at the moment |,0,,0,,,,Dominion (San Antonio),none at the moment,Epstein Barr,18 to 20 years of age,Pipeline,Pre-award,07/01/2026,07/01/2027,,,50,6468,,,,,,,,,,,,,,,,,,,,,,,,,,0,0,0,0,0,0,0,0,0,0,0,0,0,0,0,0,0,0
Dominion (San Antonio) | none at the moment |,0,,0,,,,Dominion (San Antonio),none at the moment,Diabetic Foot Ulcer,adults greater than and equal to 18 years of age,Pipeline,Pre-award,04/01/2026,04/01/2027,,,8,6474,,,,,,,,,,,,,,,,,,,,,,,,,,0,0,0,0,0,0,0,0,0,0,0,0,0,0,0,0,0,0
Dominion (San Antonio) | none at the moment |,5,,0,,,,Dominion (San Antonio),none at the moment,COVID-19,18 to 65 years of age,Pipeline,Pre-award,01/06/2026,03/06/2026,,,6,6495,,,,,,,,,,,,,,,,,,,,,,,,,,0,0,0,0,0,0,0,0,0,0,0,0,0,0,0,0,0,0
Dominion (San Antonio) | none at the moment |,0,,0,,,,Dominion (San Antonio),none at the moment,colorectal cancer (CRC),"18 to 75 Years (Adults, Older Adults)",Pipeline,Pre-award,04/30/2026,04/30/2027,,,8,6732,,,,,,,,,,,,,,,,,,,,,,,,,,0,0,0,0,0,0,0,0,0,0,0,0,0,0,0,0,0,0
Dominion (San Antonio) | none at the moment |,0,,0,,,,Dominion (San Antonio),none at the moment,Pulmonary Hypertension,adults greater than and equal to 18 years of age,Pipeline,Pre-award,01/01/2026,01/01/2027,,,8,6836,,,,,,,,,,,,,,,,,,,,,,,,,,0,0,0,0,0,0,0,0,0,0,0,0,0,0,0,0,0,0
Dominion (San Antonio) | none at the moment |,0,,0,,,,Dominion (San Antonio),none at the moment,Ulcerative Colitis,"18 to 75 Years (Adults, Older Adults)",Pipeline,Pre-award,01/31/2026,01/31/2027,,,8,7017,,,,,,,,,,,,,,,,,,,,,,,,,,0,0,0,0,0,0,0,0,0,0,0,0,0,0,0,0,0,0
Dominion (San Antonio) | none at the moment |,0,,0,,,,Dominion (San Antonio),none at the moment,Type 2 Diabetes,18 to 65 years of age,Pipeline,Potential,04/01/2026,04/01/2027,,,10,7038,,,,,,,,,,,,,,,,,,,,,,,,,,0,0,0,0,0,0,0,0,0,0,0,0,0,0,0,0,0,0
Dominion (San Antonio) | none at the moment |,0,,0,,,,Dominion (San Antonio),none at the moment,Chronic Lower Back Pain,adults greater than and equal to 18 years of age,Pipeline,Potential,04/29/2026,07/26/2026,,,8,7075,,,,,,,,,,,,,,,,,,,,,,,,,,0,0,0,0,0,0,0,0,0,0,0,0,0,0,0,0,0,0
Dominion (San Antonio) | none at the moment |,0,,0,,,,Dominion (San Antonio),none at the moment,Chronic Cough,"18 to 75 Years (Adults, Older Adults)",Pipeline,FQ Submitted,05/02/2026,02/28/2027,,,24,7106,,,,,,,,,,,,,,,,,,,,,,,,,,0,0,0,0,0,0,0,0,0,0,0,0,0,0,0,0,0,0
Dominion (San Antonio) | none at the moment |,0,,0,,,,Dominion (San Antonio),none at the moment,Influenza,adults greater than and equal to 18 years of age,Pipeline,Potential,07/23/2026,11/13/2026,,,150,7127,,,,,,,,,,,,,,,,,,,,,,,,,,0,0,0,0,0,0,0,0,0,0,0,0,0,0,0,0,0,0
Dominion (San Antonio) | none at the tmoment |,0,,0,,,,Dominion (San Antonio),none at the tmoment,Migraine,"18 to 75 Years (Adults, Older Adults)",Pipeline,Pre-award,02/02/2026,02/02/2027,,,10,6074,,,,,,,,,,,,,,,,,,,,,,,,,,0,0,0,0,0,0,0,0,0,0,0,0,0,0,0,0,0,0
Dominion (San Antonio) | OAB71527 |,50,,18,,,,Dominion (San Antonio),OAB71527,Shingles,"18 to 75 Years (Adults, Older Adults)",Pipeline,FQ Submitted,03/31/2026,03/31/2027,,,175,5049,,,,,,,,,,,,,,,,,,,,,,,,,,0,0,0,0,0,0,0,0,0,0,0,0,0,0,0,0,0,0
Dominion (San Antonio) | PAB72224 |,0,,0,,,,Dominion (San Antonio),PAB72224,Glabeller Lines,18 to 65 years of age,Pipeline,Pre-award,05/02/2026,05/29/2026,,,10,6108,,,,,,,,,,,,,,,,,,,,,,,,,,0,0,0,0,0,0,0,0,0,0,0,0,0,0,0,0,0,0
Dominion (San Antonio) | PAB78438 |,0,,0,,,,Dominion (San Antonio),PAB78438,Type 2 Diabetes,adults greater than and equal to 18 years of age,Pipeline,Pre-award,07/01/2026,07/01/2027,,,10,6089,,,,,,,,,,,,,,,,,,,,,,,,,,0,0,0,0,0,0,0,0,0,0,0,0,0,0,0,0,0,0
Dominion (San Antonio) | R3500 |,10,,8,,,,Dominion (San Antonio),R3500,Asthma,12 years of age and older,Archive,Not Selected,04/03/2026,4/1/2027,,,11,5952,,,,,,,,,,,,,,,,,,,,,,,,,,0,1,0,1,0,1,0,1,0,1,0,0,0,1,0,1,0,0
Dominion (San Antonio) | ST-1891-301 |,N/A,,N/A,,,,N/A,N/A,N/A,N/A,N/A,N/A,N/A,N/A,,,N/A,4760,,,,,,,,,,,,,,,,,,,,,,,,,,0,0,0,1,0,1,0,1,0,0,0,1,0,0,0,0,0,0
Dominion (San Antonio) | V118_24 |,113,,113,,,,Dominion (San Antonio),V118_24,Influenza,> 65 years of age,Maintenance,Maintenance,11/03/2025,11/30/2025,,,200,5615,,,,,,,,,,,,,,,,,,,,,,,,,,0,0,0,0,0,0,0,0,0,0,0,0,0,0,0,0,0,0
Dominion (San Antonio) | V201_05 |,250,,0,,,,Dominion (San Antonio),V201_05,Influenza,18 to 49 years of age,Pipeline,On Hold/Postponed,03/01/2027,05/31/2027,,,250,4190,,,,,,,,,,,,,,,,,,,,,,,,,,0,0,0,0,0,0,0,0,0,0,0,0,0,0,0,0,0,0
Dallas-Fort Worth | D7960C00015 |,20,,11,,,,Dallas-Fort Worth,D7960C00015,Dyslipidemia,adults greater than and equal to 18 years of age,Enrolling,Enrolling,11/30/2025,08/15/2027,,,13,5341,,,,,,,,,,,,,,,,,,,,,,,,,,5,1,3,2,2,3,2,3,2,3,2,3,2,3,2,3,0,0
Dominion (San Antonio) | VXB241-002 |,0,,0,,,,Dominion (San Antonio),VXB241-002,RSV Vaccine,> 60 years of age,Pipeline,Pre-award,04/01/2026,04/01/2027,,,8,6989,,,,,,,,,,,,,,,,,,,,,,,,,,0,0,0,0,0,0,0,0,0,0,0,0,0,0,0,0,0,0
ERN 7158 |,50,,30,,,,No Site assigned,ERN 7158,Streptococcus,18 to 49 years of age,Archive,CRO Not Selected,04/01/2026,06/25/2027,,,20,2671,,,,,,,,,,,,,,,,,,,,,,,,,,0,0,0,0,0,0,0,0,0,0,0,0,0,0,0,0,0,0
FSS | D7266C00001 |,13,,11,,,,FSS,D7266C00001,CVOT,adults greater than and equal to 18 years of age,Pipeline,FQ Submitted,07/06/2026,03/15/2027,,,13,6994,,,,,,,,,,,,,,,,,,,,,,,,,,0,0,0,0,0,0,0,0,0,0,0,0,0,0,0,0,0,0
FSS | D8750C00010 |,5,,4,,,,FSS,D8750C00010,Obesity,"18 to 75 Years (Adults, Older Adults)",Pipeline,FQ Submitted,08/01/2026,07/23/2026,,,14,6289,,,,,,,,,,,,,,,,,,,,,,,,,,0,0,0,0,0,0,0,0,0,0,0,0,0,0,0,0,0,0
FSS | D8750C00011 |,5,,4,,,,FSS,D8750C00011,Obesity,"18 to 75 Years (Adults, Older Adults)",Pipeline,FQ Submitted,08/01/2026,06/26/2026,,,14,6309,,,,,,,,,,,,,,,,,,,,,,,,,,0,0,0,0,0,0,0,0,0,0,0,0,0,0,0,0,0,0
FSS | D8750C00012 |,14,,10,,,,FSS,D8750C00012,Obesity,"18 to 75 Years (Adults, Older Adults)",Pipeline,FQ Submitted,08/01/2026,07/31/2026,,,14,6281,,,,,,,,,,,,,,,,,,,,,,,,,,0,0,0,0,0,0,0,0,0,0,0,0,0,0,0,0,0,0
FSS | D8750C00014 |,14,,10,,,,FSS,D8750C00014,Obesity,"18 to 75 Years (Adults, Older Adults)",Pipeline,FQ Submitted,08/01/2026,08/21/2026,,,14,6299,,,,,,,,,,,,,,,,,,,,,,,,,,0,0,0,0,0,0,0,0,0,0,0,0,0,0,0,0,0,0
FSS | MET233-097-25-202 |,N/A,,N/A,,,,N/A,N/A,N/A,N/A,N/A,N/A,N/A,N/A,,,N/A,6816,,,,,,,,,,,,,,,,,,,,,,,,,,1,0,0,1,0,0,1,0,0,0,0,0,0,1,1,0,0,0
FSS | NN9490-8023 |,5,,3,,,,FSS,NN9490-8023,Obesity,adults greater than and equal to 18 years of age,Archive,Not Selected,04/13/2026,11/27/2026,,,5,6721,,,,,,,,,,,,,,,,,,,,,,,,,,0,0,0,0,0,0,0,0,0,0,0,0,0,0,0,0,0,0
Dallas-Fort Worth | VBD00002 |,80,,64,,,,Dallas-Fort Worth,VBD00002,RSV Vaccine,Elderly Adults (50+),Pipeline,On Hold/Postponed,10/02/2027,,,,200,5914,,,,,,,,,,,,,,,,,,,,,,,,,,0,0,0,0,0,0,0,0,0,0,0,0,0,0,0,0,0,0
FSS | None at the moment |,0,,0,,,,FSS,None at the moment,Hypothyroidism,"18 to 75 Years (Adults, Older Adults)",Pipeline,Pre-award,01/01/2026,1/1/2027,,,8,5929,,,,,,,,,,,,,,,,,,,,,,,,,,0,0,0,0,0,0,0,0,0,0,0,0,0,0,0,0,0,0
FSS | none at the moment |,0,,0,,,,FSS,none at the moment,MASH,"18 to 75 Years (Adults, Older Adults)",Pipeline,Potential,04/01/2026,4/1/2027,,,10,6156,,,,,,,,,,,,,,,,,,,,,,,,,,0,0,0,0,0,0,0,0,0,0,0,0,0,0,0,0,0,0
FSS | none at the moment |,0,,0,,,,FSS,none at the moment,Obesity,"18 to 75 Years (Adults, Older Adults)",Pipeline,Pre-award,01/06/2026,01/06/2027,,,15,6406,,,,,,,,,,,,,,,,,,,,,,,,,,0,0,0,0,0,0,0,0,0,0,0,0,0,0,0,0,0,0
FSS | none at the moment |,0,,0,,,,FSS,none at the moment,colorectal cancer (CRC),"18 to 75 Years (Adults, Older Adults)",Pipeline,Pre-award,04/30/2026,04/30/2027,,,8,6733,,,,,,,,,,,,,,,,,,,,,,,,,,0,0,0,0,0,0,0,0,0,0,0,0,0,0,0,0,0,0
FSS | none at the moment |,0,,0,,,,FSS,none at the moment,Obesity,adults greater than and equal to 18 years of age,Pipeline,Pre-award,05/01/2026,05/01/2027,,,58,6864,,,,,,,,,,,,,,,,,,,,,,,,,,0,0,0,0,0,0,0,0,0,0,0,0,0,0,0,0,0,0
FSS | none at the moment |,0,,0,,,,FSS,none at the moment,Others,adults greater than and equal to 18 years of age,Pipeline,FQ Submitted,04/01/2026,10/01/2026,,,1,6866,,,,,,,,,,,,,,,,,,,,,,,,,,0,0,0,0,0,0,0,0,0,0,0,0,0,0,0,0,0,0
FSS | none at the moment |,0,,0,,,,FSS,none at the moment,ST-elevation Myocardial Infarction,"18 to 75 Years (Adults, Older Adults)",Archive,CRO Not Selected,07/01/2026,12/31/2026,,,7,6979,,,,,,,,,,,,,,,,,,,,,,,,,,0,0,0,0,0,0,0,0,0,0,0,0,0,0,0,0,0,0
FSS | none at the moment |,0,,0,,,,FSS,none at the moment,Obesity,adults greater than and equal to 18 years of age,Archive,DM Declined,05/02/2026,02/01/2027,,,8,7048,,,,,,,,,,,,,,,,,,,,,,,,,,0,0,0,0,0,0,0,0,0,0,0,0,0,0,0,0,0,0
FSS | RIV-HU6-2203 |,10,,7,,,,FSS,RIV-HU6-2203,Obesity,"18 to 75 Years (Adults, Older Adults)",Pipeline,On Hold/Postponed,04/01/2026,07/01/2026,,,10,5915,,,,,,,,,,,,,,,,,,,,,,,,,,0,0,0,0,0,0,0,0,0,0,0,0,0,0,0,0,0,0
FSS | VRB-101 |,9,,5,,,,FSS,VRB-101,No Information,adults greater than and equal to 18 years of age,Archive,Not Selected,04/01/2026,07/24/2026,,,9,6966,,,,,,,,,,,,,,,,,,,,,,,,,,0,0,0,0,0,0,0,0,0,0,0,0,0,0,0,0,0,0
Dallas-Fort Worth | VYD2311-PREV-002 |,97,,77,,,,Dallas-Fort Worth,VYD2311-PREV-002,COVID-19,12 years of age and older,Startup,SIV Completed,03/30/2026,02/27/2026,,,97,6916,,,,,,,,,,,,,,,,,,,,,,,,,,40,10,0,0,0,0,0,0,0,0,0,0,0,0,0,0,0,0
Indianapolis | D7260C00015 |,15,,10,,,,Indianapolis,D7260C00015,Obesity,adults greater than and equal to 18 years of age,Startup,Site Selected,06/15/2026,05/01/2027,,,15,7229,,,,,,,,,,,,,,,,,,,,,,,,,,0,0,0,0,1,1,2,2,3,3,3,2,2,1,2,1,1,0
Kool Kids | C4931004 |,10,,8,,,,Kool Kids,C4931004,Others,2 to 18 years of age,Startup,Site Selected,05/28/2026,05/02/2027,,,50,6671,,,,,,,,,,,,,,,,,,,,,,,,,,0,0,0,0,1,1,1,1,2,1,2,2,1,1,2,1,1,1
Indianapolis | ENERGI-F703-04 |,8,,5,,,,Indianapolis,ENERGI-F703-04,Diabetic Foot Ulcer,adults greater than and equal to 18 years of age,Pipeline,FQ Submitted,06/01/2026,,,,8,7094,,,,,,,,,,,,,,,,,,,,,,,,,,0,0,0,0,0,0,0,0,0,0,0,0,0,0,0,0,0,0
Kool Kids | C4931008 |,10,,8,,,,Kool Kids,C4931008,Pneumococcal,Infant (0 to 2),Startup,Site Selected,05/15/2026,12/31/2026,,,24,6669,,,,,,,,,,,,,,,,,,,,,,,,,,1,0,1,1,1,1,1,1,1,1,1,0,1,1,0,1,1,0
Detroit | D7960C00015 |,20,,11,,,,Detroit,D7960C00015,Dyslipidemia,adults greater than and equal to 18 years of age,Enrolling,Enrolling,11/30/2025,08/15/2027,,,13,5342,,,,,,,,,,,,,,,,,,,,,,,,,,3,1,3,1,0,1,3,1,3,1,3,1,3,1,3,1,3,1
Indianapolis | MET233-097-25-202 |,N/A,,N/A,,,,N/A,N/A,N/A,N/A,N/A,N/A,N/A,N/A,,,N/A,6817,,,,,,,,,,,,,,,,,,,,,,,,,,1,0,0,1,0,0,1,0,0,0,0,1,1,0,0,0,0,0
Indianapolis | none at the moment |,0,,0,,,,Indianapolis,none at the moment,colorectal cancer (CRC),"18 to 75 Years (Adults, Older Adults)",Pipeline,Pre-award,04/30/2026,04/30/2027,,,8,6743,,,,,,,,,,,,,,,,,,,,,,,,,,0,0,0,0,0,0,0,0,0,0,0,0,0,0,0,0,0,0
Indianapolis | none at the moment |,0,,0,,,,Indianapolis,none at the moment,Alzheimer's Disease,50 to 80 years of age,Pipeline,Pre-award,01/01/2026,01/01/2027,,,8,6830,,,,,,,,,,,,,,,,,,,,,,,,,,0,0,0,0,0,0,0,0,0,0,0,0,0,0,0,0,0,0
Indianapolis | none at the moment |,0,,0,,,,Indianapolis,none at the moment,Obesity,adults greater than and equal to 18 years of age,Pipeline,Pre-award,05/01/2026,05/01/2027,,,60,6857,,,,,,,,,,,,,,,,,,,,,,,,,,0,0,0,0,0,0,0,0,0,0,0,0,0,0,0,0,0,0
Indianapolis | none at the moment |,0,,0,,,,Indianapolis,none at the moment,Osteoarthritis,"18 to 75 Years (Adults, Older Adults)",Pipeline,Pre-award,01/01/2026,01/29/2027,,,10,6892,,,,,,,,,,,,,,,,,,,,,,,,,,0,0,0,0,0,0,0,0,0,0,0,0,0,0,0,0,0,0
Indianapolis | none at the moment |,0,,0,,,,Indianapolis,none at the moment,ST-elevation Myocardial Infarction,"18 to 75 Years (Adults, Older Adults)",Archive,CRO Not Selected,07/01/2026,12/31/2026,,,7,6980,,,,,,,,,,,,,,,,,,,,,,,,,,0,0,0,0,0,0,0,0,0,0,0,0,0,0,0,0,0,0
Indianapolis | none at the moment |,0,,0,,,,Indianapolis,none at the moment,Obesity,adults greater than and equal to 18 years of age,Archive,DM Declined,05/02/2026,02/01/2027,,,8,7049,,,,,,,,,,,,,,,,,,,,,,,,,,0,0,0,0,0,0,0,0,0,0,0,0,0,0,0,0,0,0
Indianapolis | none at the moment |,0,,0,,,,Indianapolis,none at the moment,Osteoarthritis,30-60 years of age,Pipeline,FQ Submitted,05/02/2026,08/03/2026,,,5,7117,,,,,,,,,,,,,,,,,,,,,,,,,,0,0,0,0,0,0,0,0,0,0,0,0,0,0,0,0,0,0
Indianapolis | RAB35102 |,8,,5,,,,Indianapolis,RAB35102,Lyme,18 to 55 years of age,Pipeline,FQ Submitted,05/08/2026,05/30/2026,,,8,7088,,,,,,,,,,,,,,,,,,,,,,,,,,0,0,0,0,0,0,0,0,0,0,0,0,0,0,0,0,0,0
Indianapolis | VX24-548-111 |,8,,4,,,,Indianapolis,VX24-548-111,Diabetic Neuropathy,adults greater than and equal to 18 years of age,Archive,Not Selected,04/22/2026,04/23/2027,,,8,6939,,,,,,,,,,,,,,,,,,,,,,,,,,0,0,0,0,0,0,0,0,0,0,0,0,0,0,0,0,0,0
Jersey City | 218130 |,125,,90,,,,Jersey City,218130,Influenza,> 65 years of age,Startup,Site Selected,09/01/2026,10/29/2026,,,125,2616,,,,,,,,,,,,,,,,,,,,,,,,,,0,0,0,0,0,0,0,0,0,0,0,0,0,0,0,0,0,0
Jersey City | 218132 |,80,,60,,,,Jersey City,218132,Influenza,18 to 49 years of age,Pipeline,PSV Completed,10/01/2026,12/15/2026,,,125,2627,,,,,,,,,,,,,,,,,,,,,,,,,,0,0,0,0,0,0,0,0,0,0,0,0,0,0,0,0,0,0
Jersey City | 218139 |,200,,140,,,,Jersey City,218139,Influenza,18 to 49 years of age,Pipeline,On Hold/Postponed,04/01/2026,04/01/2027,,,200,2638,,,,,,,,,,,,,,,,,,,,,,,,,,0,0,0,0,0,0,0,0,0,0,0,0,0,0,0,0,0,0
Jersey City | 218741 |,50,,35,,,,Jersey City,218741,RSV_Flu Vaccine,18 to 49 years of age,Pipeline,On Hold/Postponed,04/01/2026,04/01/2027,,,50,3022,,,,,,,,,,,,,,,,,,,,,,,,,,0,0,0,0,0,0,0,0,0,0,0,0,0,0,0,0,0,0
Jersey City | 221847 |,150,,120,,,,Jersey City,221847,COVID-19,adults greater than and equal to 18 years of age,Pipeline,On Hold/Postponed,10/01/2026,04/16/2027,,,225,5006,,,,,,,,,,,,,,,,,,,,,,,,,,0,0,0,0,0,0,0,0,0,0,0,0,0,0,0,0,0,0
Jersey City | 289318 |,20,,0,,,,Jersey City,289318,Chronic Sinusitis,18 to 49 years of age,Pipeline,Pre-award,04/01/2026,04/01/2027,,,20,4641,,,,,,,,,,,,,,,,,,,,,,,,,,0,0,0,0,0,0,0,0,0,0,0,0,0,0,0,0,0,0
Jersey City | 306938 |,102,,80,,,,Jersey City,306938,Influenza,Elderly Adults (50+),Pipeline,FQ Submitted,04/29/2026,06/28/2026,,,102,7096,,,,,,,,,,,,,,,,,,,,,,,,,,0,0,0,0,0,0,0,0,0,0,0,0,0,0,0,0,0,0
Jersey City | AIC316-01-III-01 |,14,,10,,,,Jersey City,AIC316-01-III-01,HSV Treatment,adults greater than and equal to 18 years of age,Startup,Site Selected,05/28/2026,12/03/2026,,,4,6217,,,,,,,,,,,,,,,,,,,,,,,,,,0,0,0,0,2,2,2,1,2,2,2,2,2,1,2,1,1,1
Jersey City | ALN-AGT01-008 |,7,,5,,,,Jersey City,ALN-AGT01-008,Hypertension,18 to 49 years of age,Pipeline,FQ Submitted,05/01/2026,04/01/2027,,,20,5259,,,,,,,,,,,,,,,,,,,,,,,,,,0,0,0,1,0,0,0,0,0,1,0,0,0,1,0,0,0,0
Jersey City | BC #139639-01 |,10,,0,,,,Jersey City,BC #139639-01,UTI,adults greater than and equal to 18 years of age,Pipeline,Pre-award,04/01/2026,04/01/2027,,,10,5462,,,,,,,,,,,,,,,,,,,,,,,,,,0,0,0,0,0,0,0,0,0,0,0,0,0,0,0,0,0,0
Jersey City | BC#136259-01 | Study 3,5,,5,,,,Jersey City,BC#136259-01,Pneumococcal,"Healthy Toddlers, Children & Adolescents",Archive,CRO Not Selected,04/01/2026,01/30/2027,,,5,4616,,,,,,,,,,,,,,,,,,,,,,,,,,0,0,0,0,0,0,0,0,0,0,0,0,0,0,0,0,0,0
Detroit | FYU-981-CRYS-301 |,8,,6,,,,Detroit,FYU-981-CRYS-301,Gout,"18 to 75 Years (Adults, Older Adults)",Closed,Closed,01/29/2026,10/01/2026,,,8,5736,,,,,,,,,,,,,,,,,,,,,,,,,,0,0,0,0,0,0,0,0,0,0,0,0,0,0,0,0,0,0
Jersey City | C4931009 |,75,,60,,,,Jersey City,C4931009,Pneumococcal,adults greater than and equal to 18 years of age,Pipeline,On Hold/Postponed,04/21/2026,08/17/2026,,,212,4933,,,,,,,,,,,,,,,,,,,,,,,,,,0,0,0,0,0,0,0,0,0,0,0,0,0,0,0,0,0,0
Jersey City | C4931014 |,60,,40,,,,Jersey City,C4931014,Pneumococcal,> 65 years of age,Pipeline,On Hold/Postponed,04/03/2026,06/12/2026,,,50,4967,,,,,,,,,,,,,,,,,,,,,,,,,,0,0,0,0,0,0,0,0,0,0,0,0,0,0,0,0,0,0
Jersey City | C6271002 |,182,,153,,,,Jersey City,C6271002,Influenza,adults greater than and equal to 18 years of age,Pipeline,On Hold/Postponed,09/05/2026,10/01/2026,,,349,6168,,,,,,,,,,,,,,,,,,,,,,,,,,0,0,0,0,0,0,0,0,0,0,0,0,0,0,0,0,0,0
Jersey City | D7265C00001 |,8,,6,,,,Jersey City,D7265C00001,Chronic Kidney Disease,adults greater than and equal to 18 years of age,Pipeline,FQ Submitted,06/06/2026,03/01/2028,,,8,7141,,,,,,,,,,,,,,,,,,,,,,,,,,0,0,0,0,0,0,0,0,0,0,0,0,0,0,0,0,0,0
Jersey City | ELU42 |,10,,8,,,,Jersey City,ELU42,Diabetic Foot Ulcer,"18 to 75 Years (Adults, Older Adults)",Pipeline,Potential,04/01/2026,5/22/2026,,,10,6030,,,,,,,,,,,,,,,,,,,,,,,,,,0,0,0,0,0,0,0,0,0,0,0,0,0,0,0,0,0,0
Jersey City | ERN: 7083 |,50,,35,,,,Jersey City,ERN: 7083,COVID-19,18 to 49 years of age,Pipeline,On Hold/Postponed,04/01/2026,4/1/2027,,,50,2313,,,,,,,,,,,,,,,,,,,,,,,,,,0,0,0,0,0,0,0,0,0,0,0,0,0,0,0,0,0,0
Jersey City | MAB02735 |,100,,80,,,,Jersey City,MAB02735,RSV Vaccine,18 to 49 years of age,Pipeline,Potential,08/01/2026,8/31/2026,,,100,4211,,,,,,,,,,,,,,,,,,,,,,,,,,0,0,0,0,0,0,0,0,0,80,0,0,0,0,0,0,0,0
Jersey City | mRNA-1189-P301 |,15,,12,,,,Jersey City,mRNA-1189-P301,Epstein Barr,Teenage (12 to 17),Pipeline,Potential,04/01/2026,4/1/2027,,,15,2838,,,,,,,,,,,,,,,,,,,,,,,,,,0,0,0,1,0,1,0,1,0,1,0,1,0,1,0,1,0,1
Detroit | FYU-981-CRYS-302 |,4,,3,,,,Detroit,FYU-981-CRYS-302,Gout,"18 to 75 Years (Adults, Older Adults)",Closed,Closed,01/29/2026,10/1/2026,,,8,5739,,,,,,,,,,,,,,,,,,,,,,,,,,0,0,0,0,0,0,0,0,0,0,0,0,0,0,0,0,0,0
Jersey City | mRNA-1403-P301 | Additional Cohort,94,,56,,,,Jersey City,mRNA-1403-P301,Norovirus,> 60 years of age,Maintenance,Maintenance,11/26/2025,1/28/2026,,,94,6874,,,,,,,,,,,,,,,,,,,,,,,,,,0,0,0,0,0,0,0,0,0,0,0,0,0,0,0,0,0,0
Jersey City | none at the moment |,65,,40,,,,Jersey City,none at the moment,RSV Vaccine,18 to 49 years of age,Archive,Not Selected,04/01/2026,6/28/2026,,,65,5167,,,,,,,,,,,,,,,,,,,,,,,,,,0,0,0,0,0,0,0,0,0,0,0,0,0,0,0,0,0,0
Jersey City | None at the moment |,0,,0,,,,Jersey City,None at the moment,COVID-19,> 65 years of age,Pipeline,Pre-award,09/01/2026,9/1/2027,,,15,5758,,,,,,,,,,,,,,,,,,,,,,,,,,0,0,0,0,0,0,0,0,0,0,0,0,0,0,0,0,0,0
Jersey City | None at the moment |,0,,0,,,,Jersey City,None at the moment,Contraception,18 to 49 years of age,Pipeline,Pre-award,01/01/2026,11/14/2026,,,13,5769,,,,,,,,,,,,,,,,,,,,,,,,,,0,0,0,0,0,0,0,0,0,0,0,0,0,0,0,0,0,0
Jersey City | None at the moment |,0,,0,,,,Jersey City,None at the moment,Herpes Zoster,"18 to 75 Years (Adults, Older Adults)",Pipeline,Pre-award,04/01/2026,4/1/2027,,,10,5811,,,,,,,,,,,,,,,,,,,,,,,,,,0,0,0,0,0,0,0,0,0,0,0,0,0,0,0,0,0,0
Jersey City | None at the moment |,0,,0,,,,Jersey City,None at the moment,Plague,18 to 55 years of age,Pipeline,Pre-award,01/01/2026,1/1/2027,,,10,5828,,,,,,,,,,,,,,,,,,,,,,,,,,0,0,0,0,0,0,0,0,0,0,0,0,0,0,0,0,0,0
Jersey City | None at the moment |,0,,0,,,,Jersey City,None at the moment,Hypothyroidism,"18 to 75 Years (Adults, Older Adults)",Pipeline,Pre-award,01/01/2026,01/01/2027,,,8,5930,,,,,,,,,,,,,,,,,,,,,,,,,,0,0,0,0,0,0,0,0,0,0,0,0,0,0,0,0,0,0
Jersey City | none at the moment |,0,,0,,,,Jersey City,none at the moment,Pneumococcal,50 to 80 years of age,Pipeline,Pre-award,03/01/2026,05/31/2026,,,100,5965,,,,,,,,,,,,,,,,,,,,,,,,,,0,0,0,0,0,0,0,0,0,0,0,0,0,0,0,0,0,0
Jersey City | none at the moment |,0,,0,,,,Jersey City,none at the moment,HSV,adults greater than and equal to 18 years of age,Pipeline,Pre-award,04/01/2026,04/01/2027,,,8,6179,,,,,,,,,,,,,,,,,,,,,,,,,,0,0,0,0,0,0,0,0,0,0,0,0,0,0,0,0,0,0
Jersey City | none at the moment |,0,,0,,,,Jersey City,none at the moment,Erectile Dysfunction,"18 to 75 Years (Adults, Older Adults)",Pipeline,Pre-award,01/01/2026,07/31/2026,,,15,6202,,,,,,,,,,,,,,,,,,,,,,,,,,0,0,0,0,0,0,0,0,0,0,0,0,0,0,0,0,0,0
Jersey City | none at the moment |,0,,0,,,,Jersey City,none at the moment,COVID-19,50 to 65 years of age,Pipeline,Pre-award,04/01/2026,06/01/2026,,,50,6234,,,,,,,,,,,,,,,,,,,,,,,,,,0,0,0,0,0,0,0,0,0,0,0,0,0,0,0,0,0,0
Jersey City | none at the moment |,0,,0,,,,Jersey City,none at the moment,CVOT,"18 to 75 Years (Adults, Older Adults)",Pipeline,Pre-award,07/01/2026,07/31/2027,,,125,6370,,,,,,,,,,,,,,,,,,,,,,,,,,0,0,0,0,0,0,0,0,0,0,0,0,0,0,0,0,0,0
Jersey City | None at the moment |,0,,0,,,,Jersey City,None at the moment,HSV,adults greater than and equal to 18 years of age,Pipeline,Pre-award,03/01/2026,08/28/2026,,,14,6378,,,,,,,,,,,,,,,,,,,,,,,,,,0,0,0,0,0,0,0,0,0,0,0,0,0,0,0,0,0,0
Jersey City | none at the moment |,0,,0,,,,Jersey City,none at the moment,IBS,adults greater than and equal to 18 years of age,Pipeline,Pre-award,04/01/2026,04/01/2027,,,20,6441,,,,,,,,,,,,,,,,,,,,,,,,,,0,0,0,0,0,0,0,0,0,0,0,0,0,0,0,0,0,0
Jersey City | none at the moment |,0,,0,,,,Jersey City,none at the moment,Epstein Barr,18 to 20 years of age,Pipeline,Pre-award,07/01/2026,07/01/2027,,,50,6466,,,,,,,,,,,,,,,,,,,,,,,,,,0,0,0,0,0,0,0,0,0,0,0,0,0,0,0,0,0,0
Jersey City | none at the moment |,0,,0,,,,Jersey City,none at the moment,colorectal cancer (CRC),"18 to 75 Years (Adults, Older Adults)",Pipeline,Pre-award,04/30/2026,04/30/2027,,,8,6735,,,,,,,,,,,,,,,,,,,,,,,,,,0,0,0,0,0,0,0,0,0,0,0,0,0,0,0,0,0,0
Jersey City | none at the moment |,0,,0,,,,Jersey City,none at the moment,Alzheimer's Disease,50 to 80 years of age,Pipeline,Pre-award,01/01/2026,01/01/2027,,,8,6832,,,,,,,,,,,,,,,,,,,,,,,,,,0,0,0,0,0,0,0,0,0,0,0,0,0,0,0,0,0,0
Jersey City | none at the moment |,0,,0,,,,Jersey City,none at the moment,ST-elevation Myocardial Infarction,"18 to 75 Years (Adults, Older Adults)",Archive,CRO Not Selected,07/01/2026,12/31/2026,,,6,6981,,,,,,,,,,,,,,,,,,,,,,,,,,0,0,0,0,0,0,0,0,0,0,0,0,0,0,0,0,0,0
Jersey City | none at the moment |,10,,5,,,,Jersey City,AAHI-AMVPX-123,Amoebiasis,18 to 55 years of age,Pipeline,Potential,05/02/2026,06/01/2026,,,30,7113,,,,,,,,,,,,,,,,,,,,,,,,,,0,0,0,0,0,0,0,0,0,0,0,0,0,0,0,0,0,0
Jersey City | none at the moment |,0,,0,,,,Jersey City,none at the moment,Influenza,adults greater than and equal to 18 years of age,Pipeline,Potential,07/23/2026,11/13/2026,,,150,7133,,,,,,,,,,,,,,,,,,,,,,,,,,0,0,0,0,0,0,0,0,0,0,0,0,0,0,0,0,0,0
Jersey City | none at the tmoment |,0,,0,,,,Jersey City,none at the tmoment,Migraine,"18 to 75 Years (Adults, Older Adults)",Pipeline,Pre-award,02/02/2026,02/02/2027,,,10,6075,,,,,,,,,,,,,,,,,,,,,,,,,,0,0,0,0,0,0,0,0,0,0,0,0,0,0,0,0,0,0
Jersey City | OAB71527 |,50,,18,,,,Jersey City,OAB71527,Shingles,"18 to 75 Years (Adults, Older Adults)",Pipeline,FQ Submitted,03/31/2026,03/31/2027,,,185,5048,,,,,,,,,,,,,,,,,,,,,,,,,,0,0,0,0,0,0,0,0,0,0,0,0,0,0,0,0,0,0
Jersey City | PAB72224 |,0,,0,,,,Jersey City,PAB72224,Glabeller Lines,18 to 65 years of age,Pipeline,Pre-award,05/02/2026,5/29/2026,,,10,6110,,,,,,,,,,,,,,,,,,,,,,,,,,0,0,0,0,0,0,0,0,0,0,0,0,0,0,0,0,0,0
Jersey City | PAB78438 |,0,,0,,,,Jersey City,PAB78438,Type 2 Diabetes,adults greater than and equal to 18 years of age,Pipeline,Pre-award,07/01/2026,7/1/2027,,,10,6056,,,,,,,,,,,,,,,,,,,,,,,,,,0,0,0,0,0,0,0,0,0,0,0,0,0,0,0,0,0,0
Jersey City | RAB35102 |,8,,5,,,,Jersey City,RAB35102,Lyme,18 to 55 years of age,Pipeline,Potential,05/08/2026,05/30/2026,,,8,7087,,,,,,,,,,,,,,,,,,,,,,,,,,0,0,0,0,0,0,0,0,0,0,0,0,0,0,0,0,0,0
Jersey City | ST-1891-301 |,N/A,,N/A,,,,N/A,N/A,N/A,N/A,N/A,N/A,N/A,N/A,,,N/A,4865,,,,,,,,,,,,,,,,,,,,,,,,,,0,0,0,1,0,0,0,1,0,0,0,1,0,0,0,1,0,0
Jersey City | TRS-018 |,0,,0,,,,Jersey City,TRS-018,Lyme,18 to 65 years of age,Archive,Not Selected,03/07/2026,05/31/2026,,,30,6972,,,,,,,,,,,,,,,,,,,,,,,,,,0,0,0,0,0,0,0,0,0,0,0,0,0,0,0,0,0,0
Tomball | C6481001 |,52,,60,,,,Tomball,C6481001,Influenza,adults greater than and equal to 18 years of age,Enrolling,Greenlight Received,03/13/2026,04/20/2026,,,77,7249,,,,,,,,,,,,,,,,,,,,,,,,,,26,20,0,0,0,0,0,0,0,0,0,0,0,0,0,0,0,0
Jersey City | V118_24 |,113,,113,,,,Jersey City,V118_24,Influenza,> 65 years of age,Maintenance,Maintenance,11/03/2025,11/30/2025,,,250,5622,,,,,,,,,,,,,,,,,,,,,,,,,,0,0,0,0,0,0,0,0,0,0,0,0,0,0,0,0,0,0
Jersey City | V201_05 |,250,,0,,,,Jersey City,V201_05,Influenza,18 to 49 years of age,Pipeline,On Hold/Postponed,03/01/2027,05/31/2027,,,250,2200,,,,,,,,,,,,,,,,,,,,,,,,,,0,0,0,0,0,0,0,0,0,0,0,0,0,0,0,0,0,0
Jersey City | V201-08 |,110,,70,,,,Jersey City,V201-08,Influenza,Adolescent (5 to 12),Pipeline,Potential,04/18/2026,01/15/2027,,,100,4197,,,,,,,,,,,,,,,,,,,,,,,,,,0,0,0,8,0,7,0,4,0,0,0,0,0,0,0,0,0,0
Jersey City | VAX31-104 |,60,,48,,,,Jersey City,VAX31-104,Pneumococcal,18 to 49 years of age,Pipeline,Potential,04/01/2026,04/01/2027,,,60,2510,,,,,,,,,,,,,,,,,,,,,,,,,,0,0,0,3,0,4,0,5,0,3,0,4,0,5,0,3,0,4
Jersey City | VXB241-002 |,0,,0,,,,Jersey City,VXB241-002,RSV Vaccine,> 60 years of age,Pipeline,Pre-award,04/01/2026,04/01/2027,,,8,6991,,,,,,,,,,,,,,,,,,,,,,,,,,0,0,0,0,0,0,0,0,0,0,0,0,0,0,0,0,0,0
Detroit | VAX31-105 |,24,,24,,,,Detroit,VAX31-105,Pneumococcal,Elderly Adults (50+),Enrolling,Enrollment Paused,02/09/2026,05/09/2026,,,65,2524,,,,,,,,,,,,,,,,,,,,,,,,,,0,0,0,0,0,0,0,0,0,0,0,0,0,0,0,0,0,0
Kool Kids | 1404-0051 |,10,,8,,,,Kool Kids,1404-0051,Obesity,Adolescent (5 to 12),Pipeline,Potential,04/11/2026,04/11/2028,,,10,3459,,,,,,,,,,,,,,,,,,,,,,,,,,0,0,0,0,0,0,0,0,0,0,0,0,0,0,0,0,0,0
Kool Kids | 219544 |,10,,8,,,,Kool Kids,219544,Meningococcal,1 to 9 years of age,Pipeline,On Hold/Postponed,01/03/2026,07/01/2026,,,33,6007,,,,,,,,,,,,,,,,,,,,,,,,,,0,1,0,0,0,0,0,0,0,0,0,0,0,0,0,0,0,0
Detroit | VAX31-106 |,50,,50,,,,Detroit,VAX31-106,Pneumococcal,Elderly Adults (50+),Maintenance,Maintenance,01/19/2026,03/06/2026,,,80,2535,,,,,,,,,,,,,,,,,,,,,,,,,,0,0,0,0,0,0,0,0,0,0,0,0,0,0,0,0,0,0
Kool Kids | 289318 |,20,,0,,,,Kool Kids,289318,Chronic Sinusitis,18 to 49 years of age,Pipeline,Pre-award,04/01/2026,04/01/2027,,,20,4642,,,,,,,,,,,,,,,,,,,,,,,,,,0,0,0,0,0,0,0,0,0,0,0,0,0,0,0,0,0,0
Kool Kids | B1971067 |,50,,30,,,,Kool Kids,B1971067,Meningococcal,>12 months to <10 years of age,Pipeline,On Hold/Postponed,04/01/2026,04/01/2027,,,50,6723,,,,,,,,,,,,,,,,,,,,,,,,,,0,0,0,0,0,0,0,0,0,0,0,0,0,0,0,0,0,0
Kool Kids | BC#136259-01 | Study 1,4,,4,,,,Kool Kids,BC#136259-01,Pneumococcal,"Healthy full-terms infants, 42 to 89 days old, inclusive",Archive,CRO Not Selected,04/01/2026,01/30/2027,,,4,4568,,,,,,,,,,,,,,,,,,,,,,,,,,0,0,0,0,0,0,0,0,0,0,0,0,0,0,0,0,0,0
Kool Kids | BC#136259-01 | Study 2,2,,2,,,,Kool Kids,BC#136259-01,Pneumococcal,"Healthy full-term and premature infants, 42 to 89 days old, inclusive",Archive,CRO Not Selected,04/01/2026,01/30/2027,,,2,4609,,,,,,,,,,,,,,,,,,,,,,,,,,0,0,0,0,0,0,0,0,0,0,0,0,0,0,0,0,0,0
Kool Kids | BC#136259-01 | Study 3,5,,5,,,,Kool Kids,BC#136259-01,Pneumococcal,"Healthy Toddlers, Children & Adolescents",Archive,CRO Not Selected,04/01/2026,01/30/2027,,,5,4610,,,,,,,,,,,,,,,,,,,,,,,,,,0,0,0,0,0,0,0,0,0,0,0,0,0,0,0,0,0,0
Detroit | VBD00002 |,80,,64,,,,Detroit,VBD00002,RSV Vaccine,Elderly Adults (50+),Pipeline,On Hold/Postponed,10/02/2027,,,,110,3855,,,,,,,,,,,,,,,,,,,,,,,,,,0,0,0,0,0,0,0,0,0,0,0,0,0,0,0,0,0,0
Kool Kids | C4931007 |,10,,8,,,,Kool Kids,C4931007,Pneumococcal,Infant (0 to 2),Pipeline,PSV Completed,03/07/2026,12/31/2026,,,24,6670,,,,,,,,,,,,,,,,,,,,,,,,,,1,1,1,1,1,1,1,1,1,1,1,0,1,1,0,1,1,0
Tomball | CD_ABX464-202 |,1,,1,,,,Tomball,CD_ABX464-202,Crohn's Disease,"18 to 75 Years (Adults, Older Adults)",Startup,Site Selected,04/17/2026,07/01/2026,,,1,7135,,,,,,,,,,,,,,,,,,,,,,,,,,0,0,0,0,0,0,0,0,0,0,0,0,0,0,0,0,0,0
Kool Kids | LAB15601 |,N/A,,N/A,,,,N/A,N/A,N/A,N/A,N/A,N/A,N/A,N/A,,,N/A,3044,,,,,,,,,,,,,,,,,,,,,,,,,,0,0,0,0,0,0,0,0,0,0,0,0,0,0,0,0,0,0
Kool Kids | MAB07029 |,10,,7,,,,Kool Kids,MAB07029,MMRVNS Vaccine,Toddler (2 to 5),Pipeline,Potential,04/01/2026,01/28/2027,,,10,4448,,,,,,,,,,,,,,,,,,,,,,,,,,0,0,0,1,0,0,0,0,0,0,0,0,0,0,0,0,0,0
Kool Kids | mRNA-1975/1982-P102 |,60,,42,,,,Kool Kids,mRNA-1975/1982-P102,Lyme,Adolescent (5 to 12),Pipeline,On Hold/Postponed,01/01/2026,01/01/2027,,,60,3182,,,,,,,,,,,,,,,,,,,,,,,,,,0,0,0,0,0,0,0,0,0,0,0,0,0,0,0,0,0,0
Kool Kids | none at the moment |,0,,0,,,,Kool Kids,none at the moment,Migraine,6 to 17 years of age,Pipeline,Pre-award,01/01/2026,01/01/2027,,,10,6209,,,,,,,,,,,,,,,,,,,,,,,,,,0,0,0,0,0,0,0,0,0,0,0,0,0,0,0,0,0,0
Kool Kids | PSK00005 |,8,,4,,,,Kool Kids,PSK00005,Pneumococcal,Infant (0 to 2),Pipeline,On Hold/Postponed,01/04/2026,06/21/2026,,,8,3141,,,,,,,,,,,,,,,,,,,,,,,,,,0,0,0,0,0,0,0,0,0,0,0,0,0,0,0,0,0,0
Detroit | VYD2311-PREV-002 |,102,,77,,,,Detroit,VYD2311-PREV-002,COVID-19,12 years of age and older,Closed,Site Not Initiated After Award,02/23/2026,03/30/2026,,,102,6906,,,,,,,,,,,,,,,,,,,,,,,,,,0,0,0,0,0,0,0,0,0,0,0,0,0,0,0,0,0,0
Kool Kids | QHD00014 |,10,,7,,,,Kool Kids,QHD00014,Pneumococcal,Infant (0 to 2),Pipeline,On Hold/Postponed,01/01/2026,02/28/2026,,,10,2742,,,,,,,,,,,,,,,,,,,,,,,,,,0,0,0,0,0,0,0,0,0,0,0,0,0,0,0,0,0,0
Kool Kids | QHD00014 | 2,10,,7,,,,Kool Kids,QHD00014,Pneumococcal,Infant (0 to 2),Pipeline,On Hold/Postponed,01/01/2026,02/28/2026,,,10,2743,,,,,,,,,,,,,,,,,,,,,,,,,,0,0,0,0,0,0,0,0,0,0,0,0,0,0,0,0,0,0
Kool Kids | QHD00014 | 3,10,,7,,,,Kool Kids,QHD00014,Pneumococcal,Infant (0 to 2),Pipeline,On Hold/Postponed,01/01/2026,02/28/2026,,,10,2744,,,,,,,,,,,,,,,,,,,,,,,,,,0,0,0,0,0,0,0,0,0,0,0,0,0,0,0,0,0,0
Kool Kids | V201-08 |,110,,70,,,,Kool Kids,V201-08,Influenza,Adolescent (5 to 12),Pipeline,Potential,04/18/2026,01/15/2027,,,100,4198,,,,,,,,,,,,,,,,,,,,,,,,,,0,0,0,6,0,9,0,3,0,0,0,0,0,0,0,0,0,0
Kool Kids | V350 |,80,,64,,,,Kool Kids,V350,Epstein Barr,14 to 17 years of age,Pipeline,Backup Site,01/01/2026,10/01/2026,,,100,5837,,,,,,,,,,,,,,,,,,,,,,,,,,0,0,0,0,0,0,0,0,0,0,0,0,0,0,0,0,0,0
Kool Kids | VAD00003 |,5,,3,,,,Kool Kids,VAD00003,RSV Vaccine,Infant (0 to 2),Pipeline,On Hold/Postponed,01/01/2026,06/13/2026,,,5,3143,,,,,,,,,,,,,,,,,,,,,,,,,,0,0,0,0,0,0,0,0,0,0,0,0,0,0,0,0,0,0
Kool Kids | VAN00022 |,10,,8,,,,Kool Kids,VAN00022,Meningococcal,10 to 25 years of age,Pipeline,FQ Submitted,04/01/2026,07/01/2026,,,10,5835,,,,,,,,,,,,,,,,,,,,,,,,,,0,0,0,0,0,0,0,0,0,0,0,0,0,0,0,0,0,0
Kool Kids | VAN00025 |,8,,6,,,,Kool Kids,VAN00025,Meningococcal,10 to 25 years of age,Pipeline,FQ Submitted,04/01/2026,7/1/2026,,,10,5836,,,,,,,,,,,,,,,,,,,,,,,,,,0,0,0,0,0,0,0,0,0,0,0,0,0,0,0,0,0,0
Kool Kids | VAX-31-201 |,10,,3,,,,Kool Kids,VAX-31-201,Pneumococcal,Infant (0 to 2),Maintenance,Maintenance,01/06/2025,12/31/2025,,,2,4702,,,,,,,,,,,,,,,,,,,,,,,,,,0,0,0,0,0,0,0,0,0,0,0,0,0,0,0,0,0,0
Kool Kids | VBT00003 |,10,,8,,,,Kool Kids,VBT00003,COVID-19,> 65 years of age,Pipeline,PSV Scheduled,12/01/2026,04/30/2026,,,10,7033,,,,,,,,,,,,,,,,,,,,,,,,,,0,0,0,0,0,0,0,0,0,0,0,0,0,0,0,0,0,0
Dominion (San Antonio) | VBD00002 |,80,,64,,,,Dominion (San Antonio),VBD00002,RSV Vaccine,Elderly Adults (50+),Pipeline,On Hold/Postponed,10/02/2027,,,,130,3948,,,,,,,,,,,,,,,,,,,,,,,,,,0,0,0,0,0,0,0,0,0,0,0,0,0,0,0,0,0,0
MDC | 1378-0021 |,4,,4,,,,MDC,1378-0021,Hypertension,18 to 49 years of age,Pipeline,Potential,04/01/2026,04/01/2027,,,4,4341,,,,,,,,,,,,,,,,,,,,,,,,,,0,0,0,0,0,1,0,0,0,0,0,0,0,0,0,0,0,0
MDC | 1404-0071 |,50,,38,,,,MDC,1404-0071,Obesity,18 to 49 years of age,Pipeline,Potential,04/01/2026,03/31/2028,,,50,3457,,,,,,,,,,,,,,,,,,,,,,,,,,0,0,0,2,0,4,0,3,0,3,0,3,0,3,0,3,0,3
MDC | 218139 |,200,,140,,,,MDC,218139,Influenza,18 to 49 years of age,Pipeline,On Hold/Postponed,04/01/2026,04/01/2027,,,200,2640,,,,,,,,,,,,,,,,,,,,,,,,,,0,0,0,0,0,0,0,0,0,0,0,0,0,0,0,0,0,0
MDC | 218741 |,50,,35,,,,MDC,218741,RSV_Flu Vaccine,18 to 49 years of age,Pipeline,On Hold/Postponed,04/01/2026,04/01/2027,,,50,3025,,,,,,,,,,,,,,,,,,,,,,,,,,0,0,0,0,0,0,0,0,0,0,0,0,0,0,0,0,0,0
MDC | 221847 |,200,,160,,,,MDC,221847,COVID-19,adults greater than and equal to 18 years of age,Archive,DM Declined,10/01/2026,04/16/2027,,,250,5007,,,,,,,,,,,,,,,,,,,,,,,,,,0,0,0,0,0,0,0,0,0,0,0,0,0,0,0,0,0,0
MDC | 23-14695 |,N/A,,8,,,,N/A,N/A,N/A,N/A,N/A,N/A,N/A,N/A,,,N/A,3590,,,,,,,,,,,,,,,,,,,,,,,,,,0,0,0,1,0,0,0,1,0,0,0,0,0,0,0,0,0,0
MDC | 286706 |,10,,,,,,MDC,286706,COPD,18 to 49 years of age,Pipeline,Potential,10/12/2026,10/01/2027,,,10,3764,,,,,,,,,,,,,,,,,,,,,,,,,,0,0,0,0,0,0,0,0,0,0,0,0,0,0,0,0,0,0
MDC | 289318 |,20,,0,,,,MDC,289318,Chronic Sinusitis,18 to 49 years of age,Pipeline,Pre-award,04/01/2026,04/01/2027,,,20,4643,,,,,,,,,,,,,,,,,,,,,,,,,,0,0,0,0,0,0,0,0,0,0,0,0,0,0,0,0,0,0
MDC | BC #139639-01 |,10,,0,,,,MDC,BC #139639-01,UTI,adults greater than and equal to 18 years of age,Pipeline,Pre-award,04/01/2026,04/01/2027,,,10,5470,,,,,,,,,,,,,,,,,,,,,,,,,,0,0,0,0,0,0,0,0,0,0,0,0,0,0,0,0,0,0
MDC | C4931009 |,0,,0,,,,MDC,C4931009,Pneumococcal,adults greater than and equal to 18 years of age,Pipeline,On Hold/Postponed,04/21/2026,08/17/2026,,,212,4934,,,,,,,,,,,,,,,,,,,,,,,,,,0,0,0,0,0,0,0,0,0,0,0,0,0,0,0,0,0,0
MDC | C4931014 |,0,,0,,,,MDC,C4931014,Pneumococcal,> 65 years of age,Pipeline,On Hold/Postponed,04/03/2026,06/12/2026,,,50,4968,,,,,,,,,,,,,,,,,,,,,,,,,,0,0,0,0,0,0,0,0,0,0,0,0,0,0,0,0,0,0
MDC | C5301007/ERN 7053 |,60,,40,,,,MDC,C5301007/ERN 7053,Migraine,18 to 49 years of age,Pipeline,On Hold/Postponed,01/01/2026,06/17/2029,,,60,2377,,,,,,,,,,,,,,,,,,,,,,,,,,0,0,0,0,0,0,0,0,0,0,0,0,0,0,0,0,0,0
MDC | D6972C00002/D6972C00003 |,N/A,,N/A,,,,N/A,N/A,N/A,N/A,N/A,N/A,N/A,N/A,,,N/A,3125,,,,,,,,,,,,,,,,,,,,,,,,,,0,0,0,0,0,0,0,0,0,0,0,0,0,0,0,0,0,0
MDC | ERN: 7083 |,50,,35,,,,MDC,ERN: 7083,COVID-19,18 to 49 years of age,Pipeline,On Hold/Postponed,04/01/2026,04/01/2027,,,50,2307,,,,,,,,,,,,,,,,,,,,,,,,,,0,0,0,0,0,0,0,0,0,0,0,0,0,0,0,0,0,0
MDC | J3L-MC-EZEF |,15,,12,,,,MDC,J3L-MC-EZEF,Atherosclerotic cardiovascular disease,adults greater than and equal to 18 years of age,Pipeline,Potential,04/01/2026,11/28/2026,,,15,6012,,,,,,,,,,,,,,,,,,,,,,,,,,0,0,0,2,0,0,0,0,0,0,0,0,0,0,0,0,0,0
MDC | mRNA-1189-P301 |,15,,12,,,,MDC,mRNA-1189-P301,Epstein Barr,Teenage (12 to 17),Pipeline,Potential,04/01/2026,04/01/2027,,,15,2841,,,,,,,,,,,,,,,,,,,,,,,,,,0,0,0,1,0,1,0,1,0,1,0,1,0,1,0,1,0,1
MDC | mRNA-1468-P301 |,150,,120,,,,MDC,mRNA-1468-P301,Herpes Zoster,Elderly Adults (50+),Pipeline,On Hold/Postponed,06/01/2026,06/01/2027,,,150,2487,,,,,,,,,,,,,,,,,,,,,,,,,,0,0,0,0,0,0,0,0,0,0,0,0,0,0,0,0,0,0
MDC | No information |,50,,0,,,,MDC,No information,Obesity,18 to 49 years of age,Pipeline,Pre-award,01/05/2026,02/03/2027,,,50,5090,,,,,,,,,,,,,,,,,,,,,,,,,,0,0,0,0,0,0,0,0,0,0,0,0,0,0,0,0,0,0
MDC | No information |,50,,0,,,,MDC,No information,Obesity,18 to 49 years of age,Pipeline,Pre-award,01/05/2026,01/05/2027,,,50,5097,,,,,,,,,,,,,,,,,,,,,,,,,,0,0,0,0,0,0,0,0,0,0,0,0,0,0,0,0,0,0
MDC | No information |,50,,0,,,,MDC,No information,Obesity,18 to 49 years of age,Pipeline,Pre-award,01/05/2026,01/05/2027,,,50,5104,,,,,,,,,,,,,,,,,,,,,,,,,,0,0,0,0,0,0,0,0,0,0,0,0,0,0,0,0,0,0
MDC | No information |,50,,0,,,,MDC,No information,Obesity,18 to 49 years of age,Pipeline,Pre-award,01/05/2026,01/05/2027,,,50,5111,,,,,,,,,,,,,,,,,,,,,,,,,,0,0,0,0,0,0,0,0,0,0,0,0,0,0,0,0,0,0
MDC | No information |,50,,0,,,,MDC,No information,Obesity,18 to 49 years of age,Pipeline,Pre-award,01/05/2026,01/05/2027,,,50,5121,,,,,,,,,,,,,,,,,,,,,,,,,,0,0,0,0,0,0,0,0,0,0,0,0,0,0,0,0,0,0
MDC | No information |,50,,0,,,,MDC,No information,Obesity,18 to 49 years of age,Pipeline,Pre-award,01/05/2026,01/05/2027,,,50,5125,,,,,,,,,,,,,,,,,,,,,,,,,,0,0,0,0,0,0,0,0,0,0,0,0,0,0,0,0,0,0
MDC | No information |,50,,0,,,,MDC,No information,Obesity,18 to 49 years of age,Pipeline,Pre-award,01/05/2026,01/05/2027,,,50,5132,,,,,,,,,,,,,,,,,,,,,,,,,,0,0,0,0,0,0,0,0,0,0,0,0,0,0,0,0,0,0
MDC | No information |,50,,0,,,,MDC,No information,Obesity,18 to 49 years of age,Pipeline,Pre-award,01/05/2026,01/05/2027,,,50,5139,,,,,,,,,,,,,,,,,,,,,,,,,,0,0,0,0,0,0,0,0,0,0,0,0,0,0,0,0,0,0
MDC | No information |,50,,0,,,,MDC,No information,Obesity,18 to 49 years of age,Pipeline,Pre-award,01/05/2026,01/05/2027,,,50,5146,,,,,,,,,,,,,,,,,,,,,,,,,,0,0,0,0,0,0,0,0,0,0,0,0,0,0,0,0,0,0
MDC | No information |,50,,0,,,,MDC,No information,Obesity,18 to 49 years of age,Pipeline,Pre-award,01/05/2026,01/05/2027,,,50,5153,,,,,,,,,,,,,,,,,,,,,,,,,,0,0,0,0,0,0,0,0,0,0,0,0,0,0,0,0,0,0
MDC | No information |,50,,0,,,,MDC,No information,Obesity,18 to 49 years of age,Pipeline,Pre-award,01/05/2026,01/05/2027,,,50,5160,,,,,,,,,,,,,,,,,,,,,,,,,,0,0,0,0,0,0,0,0,0,0,0,0,0,0,0,0,0,0
MDC | No information |,10,,0,,,,MDC,No information,Obesity,18 to 49 years of age,Pipeline,On Hold/Postponed,01/02/2026,01/02/2027,,,10,5236,,,,,,,,,,,,,,,,,,,,,,,,,,0,0,0,0,0,0,0,0,0,0,0,0,0,0,0,0,0,0
MDC | none at the moment |,65,,40,,,,MDC,none at the moment,RSV Vaccine,18 to 49 years of age,Archive,DM Declined,04/01/2026,06/28/2026,,,65,5166,,,,,,,,,,,,,,,,,,,,,,,,,,0,0,0,0,0,0,0,0,0,0,0,0,0,0,0,0,0,0
MDC | None at the moment |,0,,0,,,,MDC,None at the moment,COVID-19,> 65 years of age,Pipeline,Pre-award,09/01/2026,09/01/2027,,,15,5759,,,,,,,,,,,,,,,,,,,,,,,,,,0,0,0,0,0,0,0,0,0,0,0,0,0,0,0,0,0,0
MDC | None at the moment |,0,,0,,,,MDC,None at the moment,Cardiovascular Disease,"18 to 75 Years (Adults, Older Adults)",Pipeline,Pre-award,01/01/2026,07/01/2027,,,10,5778,,,,,,,,,,,,,,,,,,,,,,,,,,0,0,0,0,0,0,0,0,0,0,0,0,0,0,0,0,0,0
MDC | None at the moment |,0,,0,,,,MDC,None at the moment,Obesity,"18 to 75 Years (Adults, Older Adults)",Pipeline,Pre-award,01/01/2026,01/01/2027,,,8,5787,,,,,,,,,,,,,,,,,,,,,,,,,,0,0,0,0,0,0,0,0,0,0,0,0,0,0,0,0,0,0
MDC | None at the moment |,0,,0,,,,MDC,None at the moment,Herpes Zoster,"18 to 75 Years (Adults, Older Adults)",Pipeline,Pre-award,04/01/2026,04/01/2027,,,10,5812,,,,,,,,,,,,,,,,,,,,,,,,,,0,0,0,0,0,0,0,0,0,0,0,0,0,0,0,0,0,0
MDC | None at the moment |,0,,0,,,,MDC,None at the moment,Type 2 Diabetes,"18 to 75 Years (Adults, Older Adults)",Pipeline,Pre-award,04/01/2026,04/01/2027,,,8,5821,,,,,,,,,,,,,,,,,,,,,,,,,,0,0,0,0,0,0,0,0,0,0,0,0,0,0,0,0,0,0
MDC | none at the moment |,0,,0,,,,MDC,none at the moment,Pneumococcal,50 to 80 years of age,Pipeline,Pre-award,03/01/2026,05/31/2026,,,75,5966,,,,,,,,,,,,,,,,,,,,,,,,,,0,0,0,0,0,0,0,0,0,0,0,0,0,0,0,0,0,0
MDC | none at the moment |,0,,0,,,,MDC,none at the moment,GBS Maternal Vaccine,18 to 49 years of age,Pipeline,Pre-award,04/01/2026,08/28/2026,,,2,6455,,,,,,,,,,,,,,,,,,,,,,,,,,0,0,0,0,0,0,0,0,0,0,0,0,0,0,0,0,0,0
MDC | none at the tmoment |,0,,0,,,,MDC,none at the tmoment,Migraine,"18 to 75 Years (Adults, Older Adults)",Pipeline,Pre-award,02/02/2026,02/02/2027,,,10,6077,,,,,,,,,,,,,,,,,,,,,,,,,,0,0,0,0,0,0,0,0,0,0,0,0,0,0,0,0,0,0
MDC | OAB58677 |,50,,0,,,,MDC,OAB58677,HPV Vaccine,"18 to 75 Years (Adults, Older Adults)",Pipeline,Pre-award,01/01/2026,01/01/2027,,,50,5025,,,,,,,,,,,,,,,,,,,,,,,,,,0,0,0,0,0,0,0,0,0,0,0,0,0,0,0,0,0,0
MDC | OAB71527 |,50,,18,,,,MDC,OAB71527,Shingles,"18 to 75 Years (Adults, Older Adults)",Pipeline,FQ Submitted,03/31/2026,03/31/2027,,,200,5056,,,,,,,,,,,,,,,,,,,,,,,,,,0,0,0,0,0,0,0,0,0,0,0,0,0,0,0,0,0,0
MDC | RIV-HU6-2203 |,10,,7,,,,MDC,RIV-HU6-2203,Obesity,"18 to 75 Years (Adults, Older Adults)",Pipeline,On Hold/Postponed,04/01/2026,07/01/2026,,,10,5241,,,,,,,,,,,,,,,,,,,,,,,,,,0,0,0,0,0,0,0,0,0,0,0,0,0,0,0,0,0,0
MDC | ST-1891-301 |,N/A,,N/A,,,,N/A,N/A,N/A,N/A,N/A,N/A,N/A,N/A,,,N/A,3703,,,,,,,,,,,,,,,,,,,,,,,,,,0,0,0,1,0,1,0,0,0,1,0,1,0,0,0,0,0,0
MDC | VAX31-104 |,0,,0,,,,MDC,VAX31-104,Pneumococcal,18 to 49 years of age,Pipeline,Potential,04/01/2026,04/01/2027,,,60,2512,,,,,,,,,,,,,,,,,,,,,,,,,,0,0,0,0,0,0,0,0,0,0,0,0,0,0,0,0,0,0
Miami | 00303915 |,0,,0,,,,Miami,303915,Type 1 Diabetes,"18 to 75 Years (Adults, Older Adults)",Pipeline,Pre-award,01/01/2026,03/31/2026,,,6,6838,,,,,,,,,,,,,,,,,,,,,,,,,,0,0,0,0,0,0,0,0,0,0,0,0,0,0,0,0,0,0
Miami | BHV1300-301 |,2,,1,,,,Miami,BHV1300-301,No Information,18 to 65 years of age,Pipeline,Potential,04/30/2026,04/30/2027,,,2,6962,,,,,,,,,,,,,,,,,,,,,,,,,,0,0,0,0,0,0,0,0,0,0,0,0,0,0,0,0,0,0
Miami | BHV1300-302 |,2,,1,,,,Miami,BHV1300-302,No Information,18 to 65 years of age,Pipeline,Potential,05/02/2026,02/02/2027,,,2,6964,,,,,,,,,,,,,,,,,,,,,,,,,,0,0,0,0,0,0,0,0,0,0,0,0,0,0,0,0,0,0
Miami | D7266C00001 |,13,,11,,,,Miami,D7266C00001,CVOT,adults greater than and equal to 18 years of age,Pipeline,FQ Submitted,07/06/2026,03/15/2027,,,13,7000,,,,,,,,,,,,,,,,,,,,,,,,,,0,0,0,0,0,0,0,0,0,0,0,0,0,0,0,0,0,0
Miami | D8750C00010 |,5,,4,,,,Miami,D8750C00010,Obesity,"18 to 75 Years (Adults, Older Adults)",Pipeline,FQ Submitted,08/01/2026,07/23/2026,,,13,6290,,,,,,,,,,,,,,,,,,,,,,,,,,0,0,0,0,0,0,0,0,0,0,0,0,0,0,0,0,0,0
Miami | D8750C00011 |,5,,4,,,,Miami,D8750C00011,Obesity,"18 to 75 Years (Adults, Older Adults)",Pipeline,FQ Submitted,08/01/2026,06/26/2026,,,13,6310,,,,,,,,,,,,,,,,,,,,,,,,,,0,0,0,0,0,0,0,0,0,0,0,0,0,0,0,0,0,0
Miami | D8750C00012 |,13,,10,,,,Miami,D8750C00012,Obesity,"18 to 75 Years (Adults, Older Adults)",Pipeline,FQ Submitted,08/01/2026,07/31/2026,,,13,6283,,,,,,,,,,,,,,,,,,,,,,,,,,0,0,0,0,0,0,0,0,0,0,0,0,0,0,0,0,0,0
Miami | D8750C00014 |,13,,10,,,,Miami,D8750C00014,Obesity,"18 to 75 Years (Adults, Older Adults)",Pipeline,FQ Submitted,08/01/2026,08/21/2026,,,13,6300,,,,,,,,,,,,,,,,,,,,,,,,,,0,0,0,0,0,0,0,0,0,0,0,0,0,0,0,0,0,0
FRNM-004 |,0,,0,,,,Avicenna - Affiliate,FRNM-004,Others,"18 to 75 Years (Adults, Older Adults)",Enrolling,Enrolling,01/17/2023,,,,,1714,,,,,,,,,,,,,,,,,,,,,,,,,,,,,,,,,,,,,,,,,,,
FRNM004 |,0,,0,,,,Avicenna - Affiliate,FRNM004,COVID-19,"18 to 75 Years (Adults, Older Adults)",Enrolling,Enrolling,01/24/2023,,,,,370,,,,,,,,,,,,,,,,,,,,,,,,,,,,,,,,,,,,,,,,,,,
Indianapolis | D7266C00001 |,15,,10,,,,Indianapolis,D7266C00001,CVOT,adults greater than and equal to 18 years of age,Startup,Site Selected,06/15/2026,03/15/2027,,,13,6996,,,,,,,,,,,,,,,,,,,,,,,,,,0,0,0,0,1,0,3,2,3,2,3,2,2,2,2,1,1,1
Miami | MET233-097-25-202 |,N/A,,N/A,,,,N/A,N/A,N/A,N/A,N/A,N/A,N/A,N/A,,,N/A,6822,,,,,,,,,,,,,,,,,,,,,,,,,,1,0,0,1,0,0,1,0,0,0,0,0,0,1,1,0,0,0
Miami | None at the moment |,0,,0,,,,Miami,None at the moment,Hypothyroidism,"18 to 75 Years (Adults, Older Adults)",Pipeline,Pre-award,01/01/2026,01/01/2027,,,8,5931,,,,,,,,,,,,,,,,,,,,,,,,,,0,0,0,0,0,0,0,0,0,0,0,0,0,0,0,0,0,0
Miami | none at the moment |,0,,0,,,,Miami,none at the moment,Obesity,"18 to 75 Years (Adults, Older Adults)",Pipeline,Pre-award,01/06/2026,01/06/2027,,,15,6407,,,,,,,,,,,,,,,,,,,,,,,,,,0,0,0,0,0,0,0,0,0,0,0,0,0,0,0,0,0,0
Miami | none at the moment |,0,,0,,,,Miami,none at the moment,colorectal cancer (CRC),"18 to 75 Years (Adults, Older Adults)",Pipeline,Pre-award,04/30/2026,04/30/2027,,,8,6737,,,,,,,,,,,,,,,,,,,,,,,,,,0,0,0,0,0,0,0,0,0,0,0,0,0,0,0,0,0,0
Miami | none at the moment |,0,,0,,,,Miami,none at the moment,Obesity,adults greater than and equal to 18 years of age,Pipeline,Pre-award,05/01/2026,05/01/2027,,,60,6863,,,,,,,,,,,,,,,,,,,,,,,,,,0,0,0,0,0,0,0,0,0,0,0,0,0,0,0,0,0,0
Miami | none at the moment |,0,,0,,,,Miami,none at the moment,Type 2 Diabetes,18 to 65 years of age,Pipeline,Potential,04/01/2026,04/01/2027,,,10,7040,,,,,,,,,,,,,,,,,,,,,,,,,,0,0,0,0,0,0,0,0,0,0,0,0,0,0,0,0,0,0
Miami | none at the moment |,0,,0,,,,Miami,none at the moment,Obesity,adults greater than and equal to 18 years of age,Archive,DM Declined,05/02/2026,02/01/2027,,,8,7051,,,,,,,,,,,,,,,,,,,,,,,,,,0,0,0,0,0,0,0,0,0,0,0,0,0,0,0,0,0,0
Miami | PAB78438 |,0,,0,,,,Miami,PAB78438,Type 2 Diabetes,adults greater than and equal to 18 years of age,Pipeline,Pre-award,07/01/2026,07/01/2027,,,10,6062,,,,,,,,,,,,,,,,,,,,,,,,,,0,0,0,0,0,0,0,0,0,0,0,0,0,0,0,0,0,0
Miami | RIV-HU6-2203 |,10,,5,,,,Miami,RIV-HU6-2203,Obesity,"18 to 75 Years (Adults, Older Adults)",Pipeline,On Hold/Postponed,04/01/2026,07/01/2026,,,10,5227,,,,,,,,,,,,,,,,,,,,,,,,,,0,0,0,0,0,0,0,0,0,0,0,0,0,0,0,0,0,0
Tomball Rheumatology | D9640C00003 |,14,,13,,,,Tomball Rheumatology,D9640C00003,Rheumatoid Arthritis,"18 to 75 Years (Adults, Older Adults)",Enrolling,Greenlight Received,03/27/2026,07/16/2027,,,14,5874,,,,,,,,,,,,,,,,,,,,,,,,,,1,1,1,1,2,2,2,1,1,1,1,1,1,1,1,1,1,1
NOVA (Dallas) | D8750C00010 |,5,,4,,,,NOVA (Dallas),D8750C00010,Obesity,"18 to 75 Years (Adults, Older Adults)",Pipeline,FQ Submitted,08/01/2026,07/23/2026,,,14,6291,,,,,,,,,,,,,,,,,,,,,,,,,,0,0,0,0,0,0,0,0,0,0,0,0,0,0,0,0,0,0
NOVA (Dallas) | D8750C00011 |,5,,4,,,,NOVA (Dallas),D8750C00011,Obesity,"18 to 75 Years (Adults, Older Adults)",Pipeline,FQ Submitted,08/01/2026,06/26/2026,,,14,6311,,,,,,,,,,,,,,,,,,,,,,,,,,0,0,0,0,0,0,0,0,0,0,0,0,0,0,0,0,0,0
NOVA (Dallas) | D8750C00012 |,14,,10,,,,NOVA (Dallas),D8750C00012,Obesity,"18 to 75 Years (Adults, Older Adults)",Pipeline,FQ Submitted,08/01/2026,07/31/2026,,,14,6278,,,,,,,,,,,,,,,,,,,,,,,,,,0,0,0,0,0,0,0,0,0,0,0,0,0,0,0,0,0,0
NOVA (Dallas) | D8750C00014 |,14,,10,,,,NOVA (Dallas),D8750C00014,Obesity,"18 to 75 Years (Adults, Older Adults)",Pipeline,FQ Submitted,08/01/2026,08/21/2026,,,14,6301,,,,,,,,,,,,,,,,,,,,,,,,,,0,0,0,0,0,0,0,0,0,0,0,0,0,0,0,0,0,0
NOVA (Dallas) | MAB02735 |,80,,64,,,,NOVA (Dallas),MAB02735,RSV Vaccine,18 to 49 years of age,Pipeline,Potential,08/01/2026,08/31/2026,,,100,4216,,,,,,,,,,,,,,,,,,,,,,,,,,0,0,0,0,0,0,0,0,0,64,0,0,0,0,0,0,0,0
NOVA (Dallas) | MET233-097-25-202 |,N/A,,N/A,,,,N/A,N/A,N/A,N/A,N/A,N/A,N/A,N/A,,,N/A,6821,,,,,,,,,,,,,,,,,,,,,,,,,,1,0,0,1,0,0,1,0,0,0,0,0,0,1,1,0,0,0
NOVA (Dallas) | NN9838-4968 |,5,,5,,,,NOVA (Dallas),NN9838-4968,Obesity,5 to < 18 years of age,Archive,Not Selected,03/07/2026,01/01/2028,,,14,6316,,,,,,,,,,,,,,,,,,,,,,,,,,0,0,0,0,0,0,0,0,0,0,0,0,0,0,0,0,0,0
NOVA (Dallas) | No information |,50,,0,,,,NOVA (Dallas),No information,Obesity,18 to 49 years of age,Pipeline,Pre-award,01/05/2026,01/05/2027,,,50,5172,,,,,,,,,,,,,,,,,,,,,,,,,,0,0,0,0,0,0,0,0,0,0,0,0,0,0,0,0,0,0
NOVA (Dallas) | No information |,50,,0,,,,NOVA (Dallas),No information,Obesity,18 to 49 years of age,Pipeline,Pre-award,01/05/2026,01/05/2027,,,50,5176,,,,,,,,,,,,,,,,,,,,,,,,,,0,0,0,0,0,0,0,0,0,0,0,0,0,0,0,0,0,0
NOVA (Dallas) | No information |,50,,0,,,,NOVA (Dallas),No information,Obesity,18 to 49 years of age,Pipeline,Pre-award,01/05/2026,01/05/2027,,,50,5177,,,,,,,,,,,,,,,,,,,,,,,,,,0,0,0,0,0,0,0,0,0,0,0,0,0,0,0,0,0,0
NOVA (Dallas) | No information |,50,,0,,,,NOVA (Dallas),No information,Obesity,18 to 49 years of age,Pipeline,Pre-award,01/01/2026,01/01/2027,,,50,5180,,,,,,,,,,,,,,,,,,,,,,,,,,0,0,0,0,0,0,0,0,0,0,0,0,0,0,0,0,0,0
NOVA (Dallas) | No information |,50,,0,,,,NOVA (Dallas),No information,Obesity,18 to 49 years of age,Pipeline,Pre-award,01/05/2026,02/03/2027,,,50,5183,,,,,,,,,,,,,,,,,,,,,,,,,,0,0,0,0,0,0,0,0,0,0,0,0,0,0,0,0,0,0
NOVA (Dallas) | No information |,50,,0,,,,NOVA (Dallas),No information,Obesity,18 to 49 years of age,Pipeline,Pre-award,01/05/2026,02/03/2027,,,50,5186,,,,,,,,,,,,,,,,,,,,,,,,,,0,0,0,0,0,0,0,0,0,0,0,0,0,0,0,0,0,0
NOVA (Dallas) | No information |,50,,0,,,,NOVA (Dallas),No information,Obesity,18 to 49 years of age,Pipeline,Pre-award,01/05/2026,01/05/2027,,,50,5189,,,,,,,,,,,,,,,,,,,,,,,,,,0,0,0,0,0,0,0,0,0,0,0,0,0,0,0,0,0,0
NOVA (Dallas) | No information |,50,,0,,,,NOVA (Dallas),No information,Obesity,18 to 49 years of age,Pipeline,Pre-award,01/05/2026,01/05/2027,,,50,5192,,,,,,,,,,,,,,,,,,,,,,,,,,0,0,0,0,0,0,0,0,0,0,0,0,0,0,0,0,0,0
NOVA (Dallas) | No information |,50,,0,,,,NOVA (Dallas),No information,Obesity,18 to 49 years of age,Pipeline,Pre-award,01/05/2026,01/05/2027,,,50,5196,,,,,,,,,,,,,,,,,,,,,,,,,,0,0,0,0,0,0,0,0,0,0,0,0,0,0,0,0,0,0
NOVA (Dallas) | No information |,50,,0,,,,NOVA (Dallas),No information,Obesity,18 to 49 years of age,Pipeline,Pre-award,01/05/2026,01/05/2027,,,50,5198,,,,,,,,,,,,,,,,,,,,,,,,,,0,0,0,0,0,0,0,0,0,0,0,0,0,0,0,0,0,0
NOVA (Dallas) | No information |,50,,0,,,,NOVA (Dallas),No information,Obesity,18 to 49 years of age,Pipeline,Pre-award,01/05/2026,01/05/2027,,,50,5201,,,,,,,,,,,,,,,,,,,,,,,,,,0,0,0,0,0,0,0,0,0,0,0,0,0,0,0,0,0,0
NOVA (Dallas) | No information |,50,,0,,,,NOVA (Dallas),No information,Obesity,18 to 49 years of age,Pipeline,Pre-award,01/05/2026,01/05/2027,,,50,5204,,,,,,,,,,,,,,,,,,,,,,,,,,0,0,0,0,0,0,0,0,0,0,0,0,0,0,0,0,0,0
NOVA (Dallas) | No information |,50,,0,,,,NOVA (Dallas),No information,Obesity,18 to 49 years of age,Pipeline,Pre-award,01/05/2026,01/05/2027,,,50,5207,,,,,,,,,,,,,,,,,,,,,,,,,,0,0,0,0,0,0,0,0,0,0,0,0,0,0,0,0,0,0
NOVA (Dallas) | No information |,10,,0,,,,NOVA (Dallas),No information,Obesity,18 to 49 years of age,Pipeline,On Hold/Postponed,01/02/2026,01/02/2027,,,10,5235,,,,,,,,,,,,,,,,,,,,,,,,,,0,0,0,0,0,0,0,0,0,0,0,0,0,0,0,0,0,0
NOVA (Dallas) | None at the moment |,0,,0,,,,NOVA (Dallas),None at the moment,Herpes Zoster,"18 to 75 Years (Adults, Older Adults)",Pipeline,Pre-award,04/01/2026,04/01/2027,,,10,5813,,,,,,,,,,,,,,,,,,,,,,,,,,0,0,0,0,0,0,0,0,0,0,0,0,0,0,0,0,0,0
NOVA (Dallas) | none at the moment |,0,,0,,,,NOVA (Dallas),none at the moment,Pneumococcal,50 to 80 years of age,Pipeline,Pre-award,03/01/2026,05/31/2026,,,75,5973,,,,,,,,,,,,,,,,,,,,,,,,,,0,0,0,0,0,0,0,0,0,0,0,0,0,0,0,0,0,0
NOVA (Dallas) | none at the moment |,0,,0,,,,NOVA (Dallas),none at the moment,MASH,"18 to 75 Years (Adults, Older Adults)",Pipeline,Potential,04/01/2026,04/01/2027,,,10,6157,,,,,,,,,,,,,,,,,,,,,,,,,,0,0,0,0,0,0,0,0,0,0,0,0,0,0,0,0,0,0
NOVA (Dallas) | none at the moment |,0,,0,,,,NOVA (Dallas),none at the moment,Obesity,"18 to 75 Years (Adults, Older Adults)",Pipeline,Pre-award,01/06/2026,01/06/2027,,,15,6410,,,,,,,,,,,,,,,,,,,,,,,,,,0,0,0,0,0,0,0,0,0,0,0,0,0,0,0,0,0,0
NOVA (Dallas) | none at the moment |,0,,0,,,,NOVA (Dallas),none at the moment,Epstein Barr,18 to 20 years of age,Pipeline,Pre-award,07/01/2026,07/01/2027,,,50,6469,,,,,,,,,,,,,,,,,,,,,,,,,,0,0,0,0,0,0,0,0,0,0,0,0,0,0,0,0,0,0
NOVA (Dallas) | none at the moment |,0,,0,,,,NOVA (Dallas),none at the moment,colorectal cancer (CRC),"18 to 75 Years (Adults, Older Adults)",Pipeline,Pre-award,04/30/2026,04/30/2027,,,8,6744,,,,,,,,,,,,,,,,,,,,,,,,,,0,0,0,0,0,0,0,0,0,0,0,0,0,0,0,0,0,0
NOVA (Dallas) | none at the moment |,0,,0,,,,NOVA (Dallas),none at the moment,Obesity,adults greater than and equal to 18 years of age,Pipeline,Pre-award,05/01/2026,05/01/2027,,,50,6861,,,,,,,,,,,,,,,,,,,,,,,,,,0,0,0,0,0,0,0,0,0,0,0,0,0,0,0,0,0,0
NOVA (Dallas) | none at the moment |,0,,0,,,,NOVA (Dallas),none at the moment,Obesity,adults greater than and equal to 18 years of age,Archive,DM Declined,05/02/2026,2/1/2027,,,8,7050,,,,,,,,,,,,,,,,,,,,,,,,,,0,0,0,0,0,0,0,0,0,0,0,0,0,0,0,0,0,0
NOVA (Dallas) | none at the tmoment |,0,,0,,,,NOVA (Dallas),none at the tmoment,Migraine,"18 to 75 Years (Adults, Older Adults)",Pipeline,Pre-award,02/02/2026,02/02/2027,,,10,6076,,,,,,,,,,,,,,,,,,,,,,,,,,0,0,0,0,0,0,0,0,0,0,0,0,0,0,0,0,0,0
NOVA (Dallas) | RIV-HU6-2203 |,10,,5,,,,NOVA (Dallas),RIV-HU6-2203,Obesity,"18 to 75 Years (Adults, Older Adults)",Pipeline,On Hold/Postponed,04/01/2026,07/01/2026,,,10,5242,,,,,,,,,,,,,,,,,,,,,,,,,,0,0,0,0,0,0,0,0,0,0,0,0,0,0,0,0,0,0
NOVA (Dallas) | ZP7570-25086 |,8,,5,,,,NOVA (Dallas),ZP7570-25086,Obesity,"18 to 75 Years (Adults, Older Adults)",Archive,Not Selected,04/04/2026,07/31/2027,,,8,7022,,,,,,,,,,,,,,,,,,,,,,,,,,0,0,0,0,0,0,0,0,0,0,0,0,0,0,0,0,0,0
Philadelphia | 1404-0051 |,10,,8,,,,Philadelphia,1404-0051,Obesity,Adolescent (5 to 12),Pipeline,Potential,04/11/2026,04/11/2028,,,10,3461,,,,,,,,,,,,,,,,,,,,,,,,,,0,0,0,0,0,0,0,0,0,0,0,0,0,0,0,0,0,0
Philadelphia | 20230219 |,3,,2,,,,Philadelphia,20230219,Gout,adults greater than and equal to 18 years of age,Archive,DM Declined,03/17/2026,06/17/2027,,,3,6845,,,,,,,,,,,,,,,,,,,,,,,,,,0,0,0,0,0,0,0,0,0,0,0,0,0,0,0,0,0,0
Philadelphia | 218130 |,120,,100,,,,Philadelphia,218130,Influenza,> 65 years of age,Startup,Site Selected,09/01/2026,10/30/2026,,,150,2618,,,,,,,,,,,,,,,,,,,,,,,,,,0,0,0,0,0,0,0,0,0,0,0,0,0,0,0,0,0,0
Philadelphia | 218132 |,120,,90,,,,Philadelphia,218132,Influenza,18 to 49 years of age,Pipeline,PSV Completed,10/01/2026,12/15/2026,,,150,2630,,,,,,,,,,,,,,,,,,,,,,,,,,0,0,0,0,0,0,0,0,0,0,0,0,0,0,0,0,0,0
Philadelphia | 218139 |,200,,140,,,,Philadelphia,218139,Influenza,18 to 49 years of age,Pipeline,On Hold/Postponed,04/01/2026,04/01/2027,,,200,2641,,,,,,,,,,,,,,,,,,,,,,,,,,0,0,0,0,0,0,0,0,0,0,0,0,0,0,0,0,0,0
Philadelphia | 218741 |,50,,35,,,,Philadelphia,218741,RSV_Flu Vaccine,18 to 49 years of age,Pipeline,On Hold/Postponed,04/01/2026,04/01/2027,,,50,3026,,,,,,,,,,,,,,,,,,,,,,,,,,0,0,0,0,0,0,0,0,0,0,0,0,0,0,0,0,0,0
GA29144 |,0,,0,,,,Avicenna - Affiliate,GA29144,Others,"18 to 75 Years (Adults, Older Adults)",Enrolling,Enrolling,01/17/2023,,,,,1715,,,,,,,,,,,,,,,,,,,,,,,,,,,,,,,,,,,,,,,,,,,
Philadelphia | 221531 |,4,,2,,,,Philadelphia,221531,COPD,40 to 75 years of old,Maintenance,Maintenance,11/03/2025,04/01/2026,,,5,4759,,,,,,,,,,,,,,,,,,,,,,,,,,0,0,0,0,0,0,0,0,0,0,0,0,0,0,0,0,0,0
Philadelphia | 221847 |,200,,160,,,,Philadelphia,221847,COVID-19,adults greater than and equal to 18 years of age,Pipeline,On Hold/Postponed,10/01/2026,04/16/2027,,,250,5008,,,,,,,,,,,,,,,,,,,,,,,,,,0,0,0,0,0,0,0,0,0,0,0,0,0,0,0,0,0,0
Philadelphia | 223960 |,8,,5,,,,Philadelphia,223960,RSV Vaccine,60-80 years of age,Pipeline,Potential,06/03/2026,09/03/2026,,,8,7144,,,,,,,,,,,,,,,,,,,,,,,,,,0,0,0,0,0,0,0,0,0,0,0,0,0,0,0,0,0,0
Philadelphia | 283133 |,10,,10,,,,Philadelphia,283133,COPD,40 to 80 years of age (inclusive),Pipeline,Potential,04/01/2026,04/01/2028,,,10,4546,,,,,,,,,,,,,,,,,,,,,,,,,,0,0,0,1,0,1,0,0,0,1,0,0,0,1,0,1,0,0
Philadelphia | 286706 |,10,,7,,,,Philadelphia,286706,COPD,18 to 49 years of age,Pipeline,Potential,10/12/2026,10/01/2027,,,10,3762,,,,,,,,,,,,,,,,,,,,,,,,,,0,0,0,0,0,0,0,0,0,0,0,0,0,0,0,0,0,0
Philadelphia | 289318 |,20,,0,,,,Philadelphia,289318,Chronic Sinusitis,18 to 49 years of age,Pipeline,Pre-award,04/01/2026,04/01/2027,,,20,4644,,,,,,,,,,,,,,,,,,,,,,,,,,0,0,0,0,0,0,0,0,0,0,0,0,0,0,0,0,0,0
Philadelphia | 306938 |,105,,80,,,,Philadelphia,306938,Influenza,Elderly Adults (50+),Pipeline,FQ Submitted,04/29/2026,06/28/2026,,,105,7098,,,,,,,,,,,,,,,,,,,,,,,,,,0,0,0,0,0,0,0,0,0,0,0,0,0,0,0,0,0,0
Philadelphia | AIC316-01-III-01 |,20,,0,,,,Philadelphia,AIC316-01-III-01,HSV Treatment,adults greater than and equal to 18 years of age,Startup,Site Selected,05/29/2026,12/04/2026,,,4,6218,,,,,,,,,,,,,,,,,,,,,,,,,,0,0,0,0,2,2,2,1,2,2,2,2,2,1,2,1,1,1
Philadelphia | BC#128160-04 |,7,,4,,,,Philadelphia,BC#128160-04,COPD,40 to 80 years of age (inclusive),Pipeline,Potential,4/1/2026,04/01/2027,,,10,5326,,,,,,,,,,,,,,,,,,,,,,,,,,0,0,0,0,0,0,0,0,0,0,0,0,0,0,0,0,0,0
Philadelphia | BC#136259-01 | Study 3,5,,5,,,,Philadelphia,BC#136259-01,Pneumococcal,"Healthy Toddlers, Children & Adolescents",Archive,CRO Not Selected,04/01/2026,01/30/2027,,,5,4611,,,,,,,,,,,,,,,,,,,,,,,,,,0,0,0,0,0,0,0,0,0,0,0,0,0,0,0,0,0,0
GO44296 |,15,,0,,,,Avicenna - Affiliate,GO44296,Others,"18 to 75 Years (Adults, Older Adults)",Enrolling,Enrolling,01/17/2023,01/17/2024,,,15,1706,,,,,,,,,,,,,,,,,,,,,,,,,,,,,,,,,,,,,,,,,,,
Philadelphia | C4931009 |,75,,60,,,,Philadelphia,C4931009,Pneumococcal,adults greater than and equal to 18 years of age,Pipeline,On Hold/Postponed,04/21/2026,08/17/2026,,,212,4928,,,,,,,,,,,,,,,,,,,,,,,,,,0,0,0,0,0,0,0,0,0,0,0,0,0,0,0,0,0,0
Philadelphia | C4931014 |,60,,40,,,,Philadelphia,C4931014,Pneumococcal,> 65 years of age,Pipeline,On Hold/Postponed,04/03/2026,06/12/2026,,,50,4969,,,,,,,,,,,,,,,,,,,,,,,,,,0,0,0,0,0,0,0,0,0,0,0,0,0,0,0,0,0,0
Philadelphia | C6271002 |,182,,153,,,,Philadelphia,C6271002,Influenza,adults greater than and equal to 18 years of age,Pipeline,On Hold/Postponed,09/05/2026,10/01/2026,,,365,6169,,,,,,,,,,,,,,,,,,,,,,,,,,0,0,0,0,0,0,0,0,0,0,0,0,0,0,0,0,0,0
I6T-MC-AMBZ |,10,,0,,,,Avicenna - Affiliate,I6T-MC-AMBZ,Ulcerative Colitis,"18 to 75 Years (Adults, Older Adults)",Enrolling,Enrolling,06/15/2023,,,,,1692,,,,,,,,,,,,,,,,,,,,,,,,,,,,,,,,,,,,,,,,,,,
Philadelphia | CLI-10196AA1-02 |,8,,6,,,,Philadelphia,CLI-10196AA1-02,Bronchiectasis,12 years of age and older,Pipeline,Potential,08/02/2026,08/02/2027,,,8,7111,,,,,,,,,,,,,,,,,,,,,,,,,,0,0,0,0,0,0,0,0,0,0,0,0,0,0,0,0,0,0
Philadelphia | CV2 SARS-COV2-014/123336-01/220749 |,40,,20,,,,Philadelphia,CV2 SARS-COV2-014/123336-01/220749,COVID-19,18 to 49 years of age,Pipeline,On Hold/Postponed,01/01/2026,06/01/2026,,,40,2724,,,,,,,,,,,,,,,,,,,,,,,,,,0,0,0,0,0,0,0,0,0,0,0,0,0,0,0,0,0,0
Philadelphia | D6405C00001 |,10,,7,,,,Philadelphia,D6405C00001,Chronic Kidney Disease,"18 to 75 Years (Adults, Older Adults)",Pipeline,On Hold/Postponed,04/27/2026,04/27/2027,,,20,5728,,,,,,,,,,,,,,,,,,,,,,,,,,0,0,0,0,0,0,0,0,0,0,0,0,0,0,0,0,0,0
Philadelphia | D7265C00001 |,8,,6,,,,Philadelphia,D7265C00001,Chronic Kidney Disease,adults greater than and equal to 18 years of age,Pipeline,FQ Submitted,06/06/2026,03/01/2028,,,8,7142,,,,,,,,,,,,,,,,,,,,,,,,,,0,0,0,0,0,0,0,0,0,0,0,0,0,0,0,0,0,0
Philadelphia | ELU42 |,10,,8,,,,Philadelphia,ELU42,Diabetic Foot Ulcer,"18 to 75 Years (Adults, Older Adults)",Pipeline,Potential,04/01/2026,05/22/2026,,,10,6031,,,,,,,,,,,,,,,,,,,,,,,,,,0,0,0,0,0,0,0,0,0,0,0,0,0,0,0,0,0,0
Philadelphia | ERN: 7083 |,50,,35,,,,Philadelphia,ERN: 7083,COVID-19,18 to 49 years of age,Pipeline,On Hold/Postponed,04/01/2026,04/01/2027,,,50,2308,,,,,,,,,,,,,,,,,,,,,,,,,,0,0,0,0,0,0,0,0,0,0,0,0,0,0,0,0,0,0
Philadelphia | EXPD-101-201 |,4,,4,,,,Philadelphia,EXPD-101-201,COPD,,Startup,Site Selected,05/01/2026,03/02/2027,,,4,7276,,,,,,,,,,,,,,,,,,,,,,,,,,0,0,0,0,1,1,1,0,1,1,1,0,1,1,1,0,1,1
Indianapolis | BHV2000-202 |,5,,5,,,,Indianapolis,BHV2000-202,Obesity,18 to 65 years of age,Maintenance,Maintenance,11/24/2025,03/13/2026,,,12,6921,,,,,,,,,,,,,,,,,,,,,,,,,,0,0,0,0,0,0,0,0,0,0,0,0,0,0,0,0,0,0
Philadelphia | MAB02735 |,120,,100,,,,Philadelphia,MAB02735,RSV Vaccine,18 to 49 years of age,Pipeline,Potential,08/01/2026,08/31/2026,,,100,4209,,,,,,,,,,,,,,,,,,,,,,,,,,0,0,0,0,0,0,0,0,0,100,0,0,0,0,0,0,0,0
Philadelphia | mRNA-1083-P303 |,50,,40,,,,Philadelphia,mRNA-1083-P303,Combined Covid + Influenza Vaccine,"18 to 75 Years (Adults, Older Adults)",Archive,Canceled,02/01/2026,02/01/2027,,,50,4629,,,,,,,,,,,,,,,,,,,,,,,,,,0,0,0,0,0,0,0,0,0,0,0,0,0,0,0,0,0,0
Philadelphia | mRNA-1189-P301 |,15,,12,,,,Philadelphia,mRNA-1189-P301,Epstein Barr,Teenage (12 to 17),Pipeline,Potential,04/01/2026,04/01/2027,,,15,2842,,,,,,,,,,,,,,,,,,,,,,,,,,0,0,0,1,0,1,0,1,0,1,0,1,0,1,0,1,0,1
Indianapolis | J3R-MC-YDAF |,16,,10,,,,Indianapolis,J3R-MC-YDAF,Obesity,adults greater than and equal to 18 years of age,Maintenance,Maintenance,02/27/2026,05/29/2026,,,16,6950,,,,,,,,,,,,,,,,,,,,,,,,,,7,2,6,0,0,0,0,0,0,0,0,0,0,0,0,0,0,0
Philadelphia | mRNA-1403-P301 | Additional Cohort,61,,39,,,,Philadelphia,mRNA-1403-P301,Norovirus,> 60 years of age,Maintenance,Maintenance,11/26/2025,01/28/2026,,,61,6875,,,,,,,,,,,,,,,,,,,,,,,,,,0,0,0,0,0,0,0,0,0,0,0,0,0,0,0,0,0,0
Philadelphia | mRNA-1468-P301 |,150,,120,,,,Philadelphia,mRNA-1468-P301,Herpes Zoster,Elderly Adults (50+),Pipeline,On Hold/Postponed,06/01/2026,06/01/2027,,,150,2488,,,,,,,,,,,,,,,,,,,,,,,,,,0,0,0,0,0,0,0,0,0,0,0,0,0,0,0,0,0,0
Philadelphia | mRNA-1975/1982-P102 |,60,,42,,,,Philadelphia,mRNA-1975/1982-P102,Lyme,Adolescent (5 to 12),Pipeline,On Hold/Postponed,01/01/2026,01/01/2027,,,60,3183,,,,,,,,,,,,,,,,,,,,,,,,,,0,0,0,0,0,0,0,0,0,0,0,0,0,0,0,0,0,0
Philadelphia | No information |,0,,0,,,,Philadelphia,No information,Obesity,18 to 49 years of age,Pipeline,Pre-award,01/01/2026,01/01/2027,,,50,5073,,,,,,,,,,,,,,,,,,,,,,,,,,0,0,0,0,0,0,0,0,0,0,0,0,0,0,0,0,0,0
Philadelphia | No information |,50,,0,,,,Philadelphia,No information,Obesity,18 to 49 years of age,Pipeline,Pre-award,01/05/2026,02/03/2027,,,50,5084,,,,,,,,,,,,,,,,,,,,,,,,,,0,0,0,0,0,0,0,0,0,0,0,0,0,0,0,0,0,0
Philadelphia | No information |,50,,0,,,,Philadelphia,No information,Obesity,18 to 49 years of age,Pipeline,Pre-award,01/05/2026,02/03/2027,,,50,5091,,,,,,,,,,,,,,,,,,,,,,,,,,0,0,0,0,0,0,0,0,0,0,0,0,0,0,0,0,0,0
Philadelphia | No information |,50,,0,,,,Philadelphia,No information,Obesity,18 to 49 years of age,Pipeline,Pre-award,01/05/2026,1/5/2027,,,50,5098,,,,,,,,,,,,,,,,,,,,,,,,,,0,0,0,0,0,0,0,0,0,0,0,0,0,0,0,0,0,0
Philadelphia | No information |,50,,0,,,,Philadelphia,No information,Obesity,18 to 49 years of age,Pipeline,Pre-award,01/05/2026,01/05/2027,,,50,5105,,,,,,,,,,,,,,,,,,,,,,,,,,0,0,0,0,0,0,0,0,0,0,0,0,0,0,0,0,0,0
Philadelphia | No information |,50,,0,,,,Philadelphia,No information,Obesity,18 to 49 years of age,Pipeline,Pre-award,01/05/2026,01/05/2027,,,50,5112,,,,,,,,,,,,,,,,,,,,,,,,,,0,0,0,0,0,0,0,0,0,0,0,0,0,0,0,0,0,0
Philadelphia | No information |,50,,0,,,,Philadelphia,No information,Obesity,18 to 49 years of age,Pipeline,Pre-award,01/05/2026,01/05/2027,,,50,5118,,,,,,,,,,,,,,,,,,,,,,,,,,0,0,0,0,0,0,0,0,0,0,0,0,0,0,0,0,0,0
Philadelphia | No information |,50,,0,,,,Philadelphia,No information,Obesity,18 to 49 years of age,Pipeline,Pre-award,01/05/2026,01/05/2027,,,50,5126,,,,,,,,,,,,,,,,,,,,,,,,,,0,0,0,0,0,0,0,0,0,0,0,0,0,0,0,0,0,0
Philadelphia | No information |,50,,0,,,,Philadelphia,No information,Obesity,18 to 49 years of age,Pipeline,Pre-award,01/05/2026,01/05/2027,,,50,5133,,,,,,,,,,,,,,,,,,,,,,,,,,0,0,0,0,0,0,0,0,0,0,0,0,0,0,0,0,0,0
Philadelphia | No information |,50,,0,,,,Philadelphia,No information,Obesity,18 to 49 years of age,Pipeline,Pre-award,01/05/2026,01/05/2027,,,50,5140,,,,,,,,,,,,,,,,,,,,,,,,,,0,0,0,0,0,0,0,0,0,0,0,0,0,0,0,0,0,0
Philadelphia | No information |,50,,0,,,,Philadelphia,No information,Obesity,18 to 49 years of age,Pipeline,Pre-award,01/05/2026,01/05/2027,,,50,5147,,,,,,,,,,,,,,,,,,,,,,,,,,0,0,0,0,0,0,0,0,0,0,0,0,0,0,0,0,0,0
Philadelphia | No information |,50,,0,,,,Philadelphia,No information,Obesity,18 to 49 years of age,Pipeline,Pre-award,01/05/2026,01/05/2027,,,50,5154,,,,,,,,,,,,,,,,,,,,,,,,,,0,0,0,0,0,0,0,0,0,0,0,0,0,0,0,0,0,0
Philadelphia | No information |,50,,0,,,,Philadelphia,No information,Obesity,18 to 49 years of age,Pipeline,Pre-award,01/05/2026,01/05/2027,,,50,5161,,,,,,,,,,,,,,,,,,,,,,,,,,0,0,0,0,0,0,0,0,0,0,0,0,0,0,0,0,0,0
Philadelphia | No information |,10,,0,,,,Philadelphia,No information,Obesity,18 to 49 years of age,Pipeline,On Hold/Postponed,01/02/2026,01/02/2027,,,10,5233,,,,,,,,,,,,,,,,,,,,,,,,,,0,0,0,0,0,0,0,0,0,0,0,0,0,0,0,0,0,0
Philadelphia | none at the moment |,65,,40,,,,Philadelphia,none at the moment,RSV Vaccine,18 to 49 years of age,Archive,Not Selected,04/01/2026,06/28/2026,,,65,5168,,,,,,,,,,,,,,,,,,,,,,,,,,0,0,0,0,0,0,0,0,0,0,0,0,0,0,0,0,0,0
Philadelphia | None at the moment |,5,,0,,,,Philadelphia,None at the moment,COPD,"18 to 75 Years (Adults, Older Adults)",Pipeline,Pre-award,01/01/2026,01/01/2027,,,8,5691,,,,,,,,,,,,,,,,,,,,,,,,,,0,0,0,0,0,0,0,0,0,0,0,0,0,0,0,0,0,0
Philadelphia | None at the moment |,5,,0,,,,Philadelphia,None at the moment,COPD,40 to 75 years of old,Pipeline,Pre-award,01/01/2026,04/30/2026,,,7,5711,,,,,,,,,,,,,,,,,,,,,,,,,,0,0,0,0,0,0,0,0,0,0,0,0,0,0,0,0,0,0
Philadelphia | None at the moment |,0,,0,,,,Philadelphia,None at the moment,COVID-19,"18 to 75 Years (Adults, Older Adults)",Pipeline,Pre-award,03/01/2026,03/01/2027,,,10,5718,,,,,,,,,,,,,,,,,,,,,,,,,,0,0,0,0,0,0,0,0,0,0,0,0,0,0,0,0,0,0
Philadelphia | None at the moment |,0,,0,,,,Philadelphia,None at the moment,COVID-19,> 65 years of age,Pipeline,Pre-award,09/01/2026,09/01/2027,,,15,5760,,,,,,,,,,,,,,,,,,,,,,,,,,0,0,0,0,0,0,0,0,0,0,0,0,0,0,0,0,0,0
Philadelphia | None at the moment |,0,,0,,,,Philadelphia,None at the moment,Contraception,18 to 49 years of age,Pipeline,Pre-award,01/01/2026,11/14/2026,,,13,5770,,,,,,,,,,,,,,,,,,,,,,,,,,0,0,0,0,0,0,0,0,0,0,0,0,0,0,0,0,0,0
Philadelphia | None at the moment |,0,,0,,,,Philadelphia,None at the moment,Herpes Zoster,"18 to 75 Years (Adults, Older Adults)",Pipeline,Pre-award,04/01/2026,04/01/2027,,,10,5814,,,,,,,,,,,,,,,,,,,,,,,,,,0,0,0,0,0,0,0,0,0,0,0,0,0,0,0,0,0,0
Philadelphia | None at the moment |,0,,0,,,,Philadelphia,None at the moment,Hypothyroidism,"18 to 75 Years (Adults, Older Adults)",Pipeline,Pre-award,01/01/2026,01/01/2027,,,8,5932,,,,,,,,,,,,,,,,,,,,,,,,,,0,0,0,0,0,0,0,0,0,0,0,0,0,0,0,0,0,0
Philadelphia | none at the moment |,0,,0,,,,Philadelphia,none at the moment,Pneumococcal,50 to 80 years of age,Pipeline,Pre-award,03/01/2026,05/31/2026,,,75,5974,,,,,,,,,,,,,,,,,,,,,,,,,,0,0,0,0,0,0,0,0,0,0,0,0,0,0,0,0,0,0
Philadelphia | none at the moment |,0,,0,,,,Philadelphia,none at the moment,HSV,adults greater than and equal to 18 years of age,Pipeline,Pre-award,04/01/2026,04/01/2027,,,10,6180,,,,,,,,,,,,,,,,,,,,,,,,,,0,0,0,0,0,0,0,0,0,0,0,0,0,0,0,0,0,0
Philadelphia | none at the moment |,0,,0,,,,Philadelphia,none at the moment,Erectile Dysfunction,"18 to 75 Years (Adults, Older Adults)",Pipeline,Pre-award,01/01/2026,07/31/2026,,,15,6203,,,,,,,,,,,,,,,,,,,,,,,,,,0,0,0,0,0,0,0,0,0,0,0,0,0,0,0,0,0,0
Philadelphia | none at the moment |,0,,0,,,,Philadelphia,none at the moment,COVID-19,50 to 65 years of age,Pipeline,Pre-award,04/01/2026,06/01/2026,,,50,6230,,,,,,,,,,,,,,,,,,,,,,,,,,0,0,0,0,0,0,0,0,0,0,0,0,0,0,0,0,0,0
Philadelphia | none at the moment |,0,,0,,,,Philadelphia,none at the moment,CVOT,"18 to 75 Years (Adults, Older Adults)",Pipeline,Pre-award,07/01/2026,07/31/2027,,,123,6366,,,,,,,,,,,,,,,,,,,,,,,,,,0,0,0,0,0,0,0,0,0,0,0,0,0,0,0,0,0,0
Philadelphia | None at the moment |,0,,0,,,,Philadelphia,None at the moment,HSV,adults greater than and equal to 18 years of age,Pipeline,Pre-award,03/01/2026,08/31/2026,,,15,6379,,,,,,,,,,,,,,,,,,,,,,,,,,0,0,0,0,0,0,0,0,0,0,0,0,0,0,0,0,0,0
Philadelphia | none at the moment |,0,,0,,,,Philadelphia,none at the moment,IBS,adults greater than and equal to 18 years of age,Pipeline,Pre-award,04/01/2026,04/01/2027,,,20,6442,,,,,,,,,,,,,,,,,,,,,,,,,,0,0,0,0,0,0,0,0,0,0,0,0,0,0,0,0,0,0
Philadelphia | none at the moment |,0,,0,,,,Philadelphia,none at the moment,Epstein Barr,18 to 20 years of age,Pipeline,Pre-award,07/01/2026,07/01/2027,,,50,6463,,,,,,,,,,,,,,,,,,,,,,,,,,0,0,0,0,0,0,0,0,0,0,0,0,0,0,0,0,0,0
Philadelphia | none at the moment |,0,,0,,,,Philadelphia,none at the moment,colorectal cancer (CRC),"18 to 75 Years (Adults, Older Adults)",Pipeline,Pre-award,04/30/2026,04/30/2027,,,8,6738,,,,,,,,,,,,,,,,,,,,,,,,,,0,0,0,0,0,0,0,0,0,0,0,0,0,0,0,0,0,0
Philadelphia | none at the moment |,0,,0,,,,Philadelphia,none at the moment,COPD,"18 to 75 Years (Adults, Older Adults)",Pipeline,Pre-award,04/30/2026,04/30/2027,,,8,6746,,,,,,,,,,,,,,,,,,,,,,,,,,0,0,0,0,0,0,0,0,0,0,0,0,0,0,0,0,0,0
Philadelphia | none at the moment |,0,,0,,,,Philadelphia,none at the moment,Osteoarthritis,"18 to 75 Years (Adults, Older Adults)",Pipeline,Pre-award,01/01/2026,01/29/2027,,,10,6893,,,,,,,,,,,,,,,,,,,,,,,,,,0,0,0,0,0,0,0,0,0,0,0,0,0,0,0,0,0,0
Philadelphia | none at the moment |,0,,0,,,,Philadelphia,none at the moment,ST-elevation Myocardial Infarction,"18 to 75 Years (Adults, Older Adults)",Archive,CRO Not Selected,07/01/2026,12/31/2026,,,7,6982,,,,,,,,,,,,,,,,,,,,,,,,,,0,0,0,0,0,0,0,0,0,0,0,0,0,0,0,0,0,0
Philadelphia | none at the moment |,0,,0,,,,Philadelphia,none at the moment,Chronic Lower Back Pain,adults greater than and equal to 18 years of age,Pipeline,Potential,04/29/2026,07/26/2026,,,8,7074,,,,,,,,,,,,,,,,,,,,,,,,,,0,0,0,0,0,0,0,0,0,0,0,0,0,0,0,0,0,0
Philadelphia | none at the moment |,0,,0,,,,Philadelphia,none at the moment,Chronic Cough,"18 to 75 Years (Adults, Older Adults)",Pipeline,FQ Submitted,05/02/2026,02/28/2027,,,36,7104,,,,,,,,,,,,,,,,,,,,,,,,,,0,0,0,0,0,0,0,0,0,0,0,0,0,0,0,0,0,0
Philadelphia | none at the moment |,10,,5,,,,Philadelphia,AAHI-AMVPX-123,Amoebiasis,18 to 55 years of age,Pipeline,Potential,05/02/2026,06/01/2026,,,30,7114,,,,,,,,,,,,,,,,,,,,,,,,,,0,0,0,0,0,0,0,0,0,0,0,0,0,0,0,0,0,0
Philadelphia | none at the moment |,0,,0,,,,Philadelphia,none at the moment,Asthma,18 to 65 years of age,Pipeline,Potential,03/01/2026,06/01/2026,,,3,7119,,,,,,,,,,,,,,,,,,,,,,,,,,0,0,0,0,0,0,0,0,0,0,0,0,0,0,0,0,0,0
Philadelphia | none at the moment |,0,,0,,,,Philadelphia,none at the moment,Influenza,adults greater than and equal to 18 years of age,Pipeline,Potential,07/23/2026,11/13/2026,,,200,7128,,,,,,,,,,,,,,,,,,,,,,,,,,0,0,0,0,0,0,0,0,0,0,0,0,0,0,0,0,0,0
Philadelphia | none at the tmoment |,0,,0,,,,Philadelphia,none at the tmoment,Migraine,"18 to 75 Years (Adults, Older Adults)",Pipeline,Pre-award,02/02/2026,02/02/2027,,,10,6080,,,,,,,,,,,,,,,,,,,,,,,,,,0,0,0,0,0,0,0,0,0,0,0,0,0,0,0,0,0,0
Philadelphia | OAB71527 |,50,,18,,,,Philadelphia,OAB71527,Shingles,"18 to 75 Years (Adults, Older Adults)",Pipeline,FQ Submitted,03/31/2026,03/31/2027,,,200,5047,,,,,,,,,,,,,,,,,,,,,,,,,,0,0,0,0,0,0,0,0,0,0,0,0,0,0,0,0,0,0
Philadelphia | PAB72224 |,10,,8,,,,Philadelphia,PAB72224,Glabeller Lines,18 to 65 years of age,Pipeline,Potential,05/02/2026,05/29/2026,,,10,6111,,,,,,,,,,,,,,,,,,,,,,,,,,0,2,0,0,0,0,0,0,0,0,0,0,0,0,0,0,0,0
Philadelphia | QAB77426 |,2,,1,,,,Philadelphia,QAB77426,Aeruginosa in the lungs,"18 to 75 Years (Adults, Older Adults)",Archive,Not Selected,03/01/2026,03/07/2026,,,2,6672,,,,,,,,,,,,,,,,,,,,,,,,,,0,0,0,0,0,0,0,0,0,0,0,0,0,0,0,0,0,0
Philadelphia | RAB35102 |,8,,5,,,,Philadelphia,RAB35102,Lyme,18 to 55 years of age,Pipeline,FQ Submitted,05/08/2026,05/30/2026,,,8,7089,,,,,,,,,,,,,,,,,,,,,,,,,,0,0,0,0,0,0,0,0,0,0,0,0,0,0,0,0,0,0
Philadelphia | RPL554-CO-210 |,7,,5,,,,Philadelphia,RPL554-CO-210,COPD,40 to 80 years of age (inclusive),Archive,Not Selected,04/01/2026,07/28/2026,,,9,5430,,,,,,,,,,,,,,,,,,,,,,,,,,0,0,0,0,0,0,0,0,0,0,0,0,0,0,0,0,0,0
Tomball | DQB104CT |,3,,2,,,,Tomball,DQB104CT,Celiac Disease,"18 to 75 Years (Adults, Older Adults)",Enrolling,Greenlight Received,03/24/2026,12/21/2026,,,2,5419,,,,,,,,,,,,,,,,,,,,,,,,,,0,0,2,1,1,1,0,0,0,0,1,0,0,0,0,0,0,0
Philadelphia | US-EPS-24070 |,12,,7,,,,Philadelphia,US-EPS-24070,Obesity,"18 to 75 Years (Adults, Older Adults)",Pipeline,Potential,04/01/2026,07/28/2026,,,12,4623,,,,,,,,,,,,,,,,,,,,,,,,,,0,0,0,0,0,0,0,0,0,0,0,0,0,0,0,0,0,0
Philadelphia | V201_05 |,250,,0,,,,Philadelphia,V201_05,Influenza,18 to 49 years of age,Pipeline,On Hold/Postponed,03/01/2027,05/31/2027,,,250,2124,,,,,,,,,,,,,,,,,,,,,,,,,,0,0,0,0,0,0,0,0,0,0,0,0,0,0,0,0,0,0
Philadelphia | V201-08 |,110,,70,,,,Philadelphia,V201-08,Influenza,Adolescent (5 to 12),Pipeline,Potential,4/18/2026,01/15/2027,,,100,4199,,,,,,,,,,,,,,,,,,,,,,,,,,0,0,0,6,0,9,0,3,0,0,0,0,0,0,0,0,0,0
Philadelphia | VAX31-104 |,60,,48,,,,Philadelphia,VAX31-104,Pneumococcal,18 to 49 years of age,Pipeline,Potential,4/1/2026,04/01/2027,,,60,2513,,,,,,,,,,,,,,,,,,,,,,,,,,0,0,0,4,0,4,0,3,0,5,0,3,0,5,0,3,0,4
Jersey City | VBD00002 |,80,,64,,,,Jersey City,VBD00002,RSV Vaccine,Elderly Adults (50+),Pipeline,On Hold/Postponed,10/2/2027,,,,100,3858,,,,,,,,,,,,,,,,,,,,,,,,,,0,0,0,0,0,0,0,0,0,0,0,0,0,0,0,0,0,0
Jersey City | VYD2311-PREV-002 |,128,,77,,,,Jersey City,VYD2311-PREV-002,COVID-19,12 years of age and older,Startup,SIV Completed,3/30/2026,02/27/2026,,,128,6908,,,,,,,,,,,,,,,,,,,,,,,,,,40,10,0,0,0,0,0,0,0,0,0,0,0,0,0,0,0,0
Phoenix | 218130 |,150,,100,,,,Phoenix,218130,Influenza,> 65 years of age,Pipeline,PSV Completed,9/1/2026,10/29/2026,,,125,4995,,,,,,,,,,,,,,,,,,,,,,,,,,0,0,0,0,0,0,0,0,0,0,0,0,0,0,0,0,0,0
Phoenix | 218132 |,80,,60,,,,Phoenix,218132,Influenza,18 to 49 years of age,Pipeline,PSV Completed,10/1/2026,12/15/2026,,,150,4990,,,,,,,,,,,,,,,,,,,,,,,,,,0,0,0,0,0,0,0,0,0,0,0,0,0,0,0,0,0,0
Phoenix | 218741 |,50,,35,,,,Phoenix,218741,RSV_Flu Vaccine,18 to 49 years of age,Pipeline,On Hold/Postponed,4/1/2026,04/01/2027,,,50,3023,,,,,,,,,,,,,,,,,,,,,,,,,,0,0,0,0,0,0,0,0,0,0,0,0,0,0,0,0,0,0
Phoenix | 221847 |,175,,140,,,,Phoenix,221847,COVID-19,adults greater than and equal to 18 years of age,Pipeline,On Hold/Postponed,10/1/2026,04/16/2027,,,175,5009,,,,,,,,,,,,,,,,,,,,,,,,,,0,0,0,0,0,0,0,0,0,0,0,0,0,0,0,0,0,0
Phoenix | 223957 |,12,,5,,,,Phoenix,223957,Asthma,adults greater than and equal to 18 years of age,Archive,Not Selected,6/25/2026,12/11/2026,,,,7281,,,,,,,,,,,,,,,,,,,,,,,,,,0,0,0,0,0,0,0,0,0,0,0,0,0,0,0,0,0,0
Phoenix | 289318 |,15,,0,,,,Phoenix,289318,Chronic Sinusitis,18 to 49 years of age,Pipeline,Pre-award,4/1/2026,04/01/2027,,,20,4645,,,,,,,,,,,,,,,,,,,,,,,,,,0,0,0,0,0,0,0,0,0,0,0,0,0,0,0,0,0,0
Phoenix | 306938 |,102,,80,,,,Phoenix,306938,Influenza,Elderly Adults (50+),Pipeline,FQ Submitted,4/29/2026,06/28/2026,,,102,7099,,,,,,,,,,,,,,,,,,,,,,,,,,0,0,0,0,0,0,0,0,0,0,0,0,0,0,0,0,0,0
Phoenix | AIC316-01-III-01 |,0,,0,,,,Phoenix,AIC316-01-III-01,HSV Treatment,adults greater than and equal to 18 years of age,Archive,Not Adding Sites,5/28/2026,12/03/2026,,,14,6223,,,,,,,,,,,,,,,,,,,,,,,,,,0,0,1,1,2,2,2,1,2,2,2,1,2,1,2,1,1,1
Phoenix | BC #139639-01 |,7,,0,,,,Phoenix,BC #139639-01,UTI,adults greater than and equal to 18 years of age,Pipeline,Pre-award,4/1/2026,04/01/2027,,,10,5464,,,,,,,,,,,,,,,,,,,,,,,,,,0,0,0,0,0,0,0,0,0,0,0,0,0,0,0,0,0,0
Phoenix | BC#136259-01 | Study 3,5,,5,,,,Phoenix,BC#136259-01,Pneumococcal,"Healthy Toddlers, Children & Adolescents",Archive,CRO Not Selected,4/1/2026,01/30/2027,,,5,4613,,,,,,,,,,,,,,,,,,,,,,,,,,0,0,0,0,0,0,0,0,0,0,0,0,0,0,0,0,0,0
Phoenix | C4931009 |,75,,60,,,,Phoenix,C4931009,Pneumococcal,adults greater than and equal to 18 years of age,Pipeline,On Hold/Postponed,04/21/2026,08/17/2026,,,212,4935,,,,,,,,,,,,,,,,,,,,,,,,,,0,0,0,0,0,0,0,0,0,0,0,0,0,0,0,0,0,0
Phoenix | C4931014 |,60,,40,,,,Phoenix,C4931014,Pneumococcal,> 65 years of age,Pipeline,On Hold/Postponed,04/03/2026,06/12/2026,,,50,4970,,,,,,,,,,,,,,,,,,,,,,,,,,0,0,0,0,0,0,0,0,0,0,0,0,0,0,0,0,0,0
Phoenix | C6271002 |,145,,121,,,,Phoenix,C6271002,Influenza,adults greater than and equal to 18 years of age,Pipeline,On Hold/Postponed,09/05/2026,10/01/2026,,,354,6350,,,,,,,,,,,,,,,,,,,,,,,,,,0,0,0,0,0,0,0,0,0,0,0,0,0,0,0,0,0,0
Rheumatology Clinic of Houston | ELV001-201 |,8,,4,,,,Rheumatology Clinic of Houston,ELV001-201,Rheumatoid Arthritis,adults greater than and equal to 18 years of age,Enrolling,Greenlight Received,04/01/2026,04/15/2027,,,3,6945,,,,,,,,,,,,,,,,,,,,,,,,,,0,0,1,0,1,1,1,0,1,1,1,0,1,1,1,1,1,0
Phoenix | D7266C00001 |,5,,10,,,,Phoenix,D7266C00001,CVOT,adults greater than and equal to 18 years of age,Pipeline,PSV Completed,07/06/2026,03/15/2027,,,13,6997,,,,,,,,,,,,,,,,,,,,,,,,,,0,0,0,0,0,0,0,0,0,0,0,0,0,0,0,0,0,0
Phoenix | ELU42 |,10,,8,,,,Phoenix,ELU42,Diabetic Foot Ulcer,"18 to 75 Years (Adults, Older Adults)",Pipeline,Potential,04/01/2026,05/22/2026,,,10,6101,,,,,,,,,,,,,,,,,,,,,,,,,,0,0,0,0,0,0,0,0,0,0,0,0,0,0,0,0,0,0
Phoenix | ERN: 7083 |,50,,35,,,,Phoenix,ERN: 7083,COVID-19,18 to 49 years of age,Pipeline,On Hold/Postponed,04/01/2026,04/01/2027,,,50,2305,,,,,,,,,,,,,,,,,,,,,,,,,,0,0,0,0,0,0,0,0,0,0,0,0,0,0,0,0,0,0
Kool Kids | VNS 20-001 |,10,,7,,,,Kool Kids,VNS 20-001,Varicella,Infant (0 to 2),Enrolling,Enrolling,11/28/2024,05/23/2026,,,40,3088,,,,,,,,,,,,,,,,,,,,,,,,,,1,1,0,0,0,0,0,0,0,0,0,0,0,0,0,0,0,0
Kool Kids | VYD2311-PREV-002 |,90,,77,,,,Kool Kids,VYD2311-PREV-002,COVID-19,12 years of age and older,Startup,SIV Completed,03/30/2026,02/27/2026,,,110,6909,,,,,,,,,,,,,,,,,,,,,,,,,,0,0,0,0,0,0,0,0,0,0,0,0,0,0,0,0,0,0
M20-259 |,0,,0,,,,Avicenna - Affiliate,M20-259,Others,≥ 21 and < 65 years of age,Enrolling,Enrolling,01/12/2023,,,,,630,,,,,,,,,,,,,,,,,,,,,,,,,,,,,,,,,,,,,,,,,,,
Phoenix | MAB02735 |,90,,72,,,,Phoenix,MAB02735,RSV Vaccine,18 to 49 years of age,Pipeline,Potential,08/01/2026,08/31/2026,,,100,4213,,,,,,,,,,,,,,,,,,,,,,,,,,0,0,0,0,0,0,0,0,0,72,0,0,0,0,0,0,0,0
Phoenix | mRNA-1189-P301 |,15,,12,,,,Phoenix,mRNA-1189-P301,Epstein Barr,Teenage (12 to 17),Pipeline,Potential,04/01/2026,04/01/2027,,,15,2839,,,,,,,,,,,,,,,,,,,,,,,,,,0,0,0,1,0,1,0,1,0,1,0,1,0,1,0,1,0,1
Phoenix | mRNA-1273_1283-P401 |,150,,100,,,,Phoenix,mRNA-1273_1283-P401,COVID-19,50 to 65 years of age,Archive,Not Selected,04/04/2026,02/16/2026,,,150,6773,,,,,,,,,,,,,,,,,,,,,,,,,,0,0,0,0,0,0,0,0,0,0,0,0,0,0,0,0,0,0
Phoenix | No information |,0,,0,,,,Phoenix,No information,Obesity,18 to 49 years of age,Pipeline,Pre-award,01/01/2026,01/01/2027,,,50,5075,,,,,,,,,,,,,,,,,,,,,,,,,,0,0,0,0,0,0,0,0,0,0,0,0,0,0,0,0,0,0
Phoenix | No information |,50,,0,,,,Phoenix,No information,Obesity,18 to 49 years of age,Pipeline,Pre-award,01/05/2026,02/03/2027,,,50,5085,,,,,,,,,,,,,,,,,,,,,,,,,,0,0,0,0,0,0,0,0,0,0,0,0,0,0,0,0,0,0
Phoenix | No information |,50,,0,,,,Phoenix,No information,Obesity,18 to 49 years of age,Pipeline,Pre-award,01/05/2026,02/03/2027,,,50,5092,,,,,,,,,,,,,,,,,,,,,,,,,,0,0,0,0,0,0,0,0,0,0,0,0,0,0,0,0,0,0
Phoenix | No information |,50,,0,,,,Phoenix,No information,Obesity,18 to 49 years of age,Pipeline,Pre-award,01/05/2026,01/05/2027,,,50,5099,,,,,,,,,,,,,,,,,,,,,,,,,,0,0,0,0,0,0,0,0,0,0,0,0,0,0,0,0,0,0
Phoenix | No information |,50,,0,,,,Phoenix,No information,Obesity,18 to 49 years of age,Pipeline,Pre-award,01/05/2026,01/05/2027,,,50,5106,,,,,,,,,,,,,,,,,,,,,,,,,,0,0,0,0,0,0,0,0,0,0,0,0,0,0,0,0,0,0
Phoenix | No information |,50,,0,,,,Phoenix,No information,Obesity,18 to 49 years of age,Pipeline,Pre-award,01/05/2026,01/05/2027,,,50,5113,,,,,,,,,,,,,,,,,,,,,,,,,,0,0,0,0,0,0,0,0,0,0,0,0,0,0,0,0,0,0
Phoenix | No information |,50,,0,,,,Phoenix,No information,Obesity,18 to 49 years of age,Pipeline,Pre-award,01/05/2026,01/05/2027,,,50,5119,,,,,,,,,,,,,,,,,,,,,,,,,,0,0,0,0,0,0,0,0,0,0,0,0,0,0,0,0,0,0
Phoenix | No information |,50,,0,,,,Phoenix,No information,Obesity,18 to 49 years of age,Pipeline,Pre-award,01/05/2026,01/05/2027,,,50,5127,,,,,,,,,,,,,,,,,,,,,,,,,,0,0,0,0,0,0,0,0,0,0,0,0,0,0,0,0,0,0
Phoenix | No information |,50,,0,,,,Phoenix,No information,Obesity,18 to 49 years of age,Pipeline,Pre-award,01/05/2026,01/05/2027,,,50,5134,,,,,,,,,,,,,,,,,,,,,,,,,,0,0,0,0,0,0,0,0,0,0,0,0,0,0,0,0,0,0
Phoenix | No information |,50,,0,,,,Phoenix,No information,Obesity,18 to 49 years of age,Pipeline,Pre-award,01/05/2026,01/05/2027,,,50,5141,,,,,,,,,,,,,,,,,,,,,,,,,,0,0,0,0,0,0,0,0,0,0,0,0,0,0,0,0,0,0
Phoenix | No information |,50,,0,,,,Phoenix,No information,Obesity,18 to 49 years of age,Pipeline,Pre-award,01/05/2026,01/05/2027,,,50,5148,,,,,,,,,,,,,,,,,,,,,,,,,,0,0,0,0,0,0,0,0,0,0,0,0,0,0,0,0,0,0
Phoenix | No information |,50,,0,,,,Phoenix,No information,Obesity,18 to 49 years of age,Pipeline,Pre-award,01/05/2026,01/05/2027,,,50,5155,,,,,,,,,,,,,,,,,,,,,,,,,,0,0,0,0,0,0,0,0,0,0,0,0,0,0,0,0,0,0
Phoenix | No information |,50,,0,,,,Phoenix,No information,Obesity,18 to 49 years of age,Pipeline,Pre-award,01/05/2026,01/05/2027,,,50,5162,,,,,,,,,,,,,,,,,,,,,,,,,,0,0,0,0,0,0,0,0,0,0,0,0,0,0,0,0,0,0
Phoenix | No information |,10,,0,,,,Phoenix,No information,Obesity,18 to 49 years of age,Pipeline,On Hold/Postponed,01/02/2026,01/02/2027,,,10,5232,,,,,,,,,,,,,,,,,,,,,,,,,,0,0,0,0,0,0,0,0,0,0,0,0,0,0,0,0,0,0
Phoenix | None at the moment |,0,,0,,,,Phoenix,None at the moment,Contraception,18 to 49 years of age,Pipeline,Pre-award,01/01/2026,11/14/2026,,,13,5771,,,,,,,,,,,,,,,,,,,,,,,,,,0,0,0,0,0,0,0,0,0,0,0,0,0,0,0,0,0,0
Phoenix | None at the moment |,0,,0,,,,Phoenix,None at the moment,Herpes Zoster,"18 to 75 Years (Adults, Older Adults)",Pipeline,Pre-award,04/01/2026,04/01/2027,,,10,5815,,,,,,,,,,,,,,,,,,,,,,,,,,0,0,0,0,0,0,0,0,0,0,0,0,0,0,0,0,0,0
Phoenix | None at the moment |,0,,0,,,,Phoenix,None at the moment,Type 2 Diabetes,"18 to 75 Years (Adults, Older Adults)",Pipeline,Pre-award,04/01/2026,04/01/2027,,,8,5822,,,,,,,,,,,,,,,,,,,,,,,,,,0,0,0,0,0,0,0,0,0,0,0,0,0,0,0,0,0,0
Phoenix | None at the moment |,0,,0,,,,Phoenix,None at the moment,Urticaria,"18 to 75 Years (Adults, Older Adults)",Pipeline,Pre-award,04/01/2026,04/01/2027,,,10,5921,,,,,,,,,,,,,,,,,,,,,,,,,,0,0,0,0,0,0,0,0,0,0,0,0,0,0,0,0,0,0
Phoenix | None at the moment |,0,,0,,,,Phoenix,None at the moment,Hypothyroidism,"18 to 75 Years (Adults, Older Adults)",Pipeline,Pre-award,01/01/2026,01/01/2027,,,8,5934,,,,,,,,,,,,,,,,,,,,,,,,,,0,0,0,0,0,0,0,0,0,0,0,0,0,0,0,0,0,0
Phoenix | none at the moment |,0,,0,,,,Phoenix,none at the moment,Pneumococcal,50 to 80 years of age,Pipeline,Pre-award,03/01/2026,05/31/2026,,,75,5979,,,,,,,,,,,,,,,,,,,,,,,,,,0,0,0,0,0,0,0,0,0,0,0,0,0,0,0,0,0,0
Phoenix | none at the moment |,0,,0,,,,Phoenix,none at the moment,Pulmonary Hypertension,"18 to 75 Years (Adults, Older Adults)",Pipeline,Pre-award,01/01/2026,01/01/2027,,,10,6067,,,,,,,,,,,,,,,,,,,,,,,,,,0,0,0,0,0,0,0,0,0,0,0,0,0,0,0,0,0,0
Phoenix | none at the moment |,0,,0,,,,Phoenix,none at the moment,MASH,"18 to 75 Years (Adults, Older Adults)",Pipeline,Potential,04/01/2026,04/01/2027,,,10,6158,,,,,,,,,,,,,,,,,,,,,,,,,,0,0,0,0,0,0,0,0,0,0,0,0,0,0,0,0,0,0
Phoenix | none at the moment |,0,,0,,,,Phoenix,none at the moment,HSV,adults greater than and equal to 18 years of age,Pipeline,Pre-award,04/01/2026,04/01/2027,,,8,6181,,,,,,,,,,,,,,,,,,,,,,,,,,0,0,0,0,0,0,0,0,0,0,0,0,0,0,0,0,0,0
Phoenix | none at the moment |,0,,0,,,,Phoenix,none at the moment,Erectile Dysfunction,"18 to 75 Years (Adults, Older Adults)",Pipeline,Pre-award,01/01/2026,07/31/2026,,,15,6205,,,,,,,,,,,,,,,,,,,,,,,,,,0,0,0,0,0,0,0,0,0,0,0,0,0,0,0,0,0,0
Phoenix | None at the moment |,0,,0,,,,Phoenix,None at the moment,HSV,adults greater than and equal to 18 years of age,Pipeline,Pre-award,03/01/2026,08/31/2026,,,14,6380,,,,,,,,,,,,,,,,,,,,,,,,,,0,0,0,0,0,0,0,0,0,0,0,0,0,0,0,0,0,0
Phoenix | none at the moment |,0,,0,,,,Phoenix,none at the moment,Obesity,"18 to 75 Years (Adults, Older Adults)",Pipeline,Pre-award,01/06/2026,01/06/2027,,,15,6411,,,,,,,,,,,,,,,,,,,,,,,,,,0,0,0,0,0,0,0,0,0,0,0,0,0,0,0,0,0,0
Phoenix | none at the moment |,0,,0,,,,Phoenix,none at the moment,ST-elevation Myocardial Infarction,"18 to 75 Years (Adults, Older Adults)",Archive,CRO Not Selected,07/01/2026,12/31/2026,,,6,6983,,,,,,,,,,,,,,,,,,,,,,,,,,0,0,0,0,0,0,0,0,0,0,0,0,0,0,0,0,0,0
Phoenix | none at the moment |,0,,0,,,,Phoenix,none at the moment,Influenza,adults greater than and equal to 18 years of age,Pipeline,Potential,07/23/2026,11/13/2026,,,150,7134,,,,,,,,,,,,,,,,,,,,,,,,,,0,0,0,0,0,0,0,0,0,0,0,0,0,0,0,0,0,0
Phoenix | none at the tmoment |,0,,0,,,,Phoenix,none at the tmoment,Migraine,"18 to 75 Years (Adults, Older Adults)",Pipeline,Pre-award,02/02/2026,02/02/2027,,,10,6082,,,,,,,,,,,,,,,,,,,,,,,,,,0,0,0,0,0,0,0,0,0,0,0,0,0,0,0,0,0,0
Phoenix | OAB71527 |,50,,18,,,,Phoenix,OAB71527,Shingles,"18 to 75 Years (Adults, Older Adults)",Pipeline,FQ Submitted,03/31/2026,03/31/2027,,,175,5046,,,,,,,,,,,,,,,,,,,,,,,,,,0,0,0,0,0,0,0,0,0,0,0,0,0,0,0,0,0,0
Phoenix | PAB72224 |,0,,0,,,,Phoenix,PAB72224,Glabeller Lines,18 to 65 years of age,Pipeline,Pre-award,5/2/2026,5/29/2026,,,10,6112,,,,,,,,,,,,,,,,,,,,,,,,,,0,0,0,0,0,0,0,0,0,0,0,0,0,0,0,0,0,0
Phoenix | PAB78438 |,0,,0,,,,Phoenix,PAB78438,Type 2 Diabetes,adults greater than and equal to 18 years of age,Pipeline,Pre-award,7/1/2026,7/1/2027,,,10,6059,,,,,,,,,,,,,,,,,,,,,,,,,,0,0,0,0,0,0,0,0,0,0,0,0,0,0,0,0,0,0
Phoenix | V118_24 |,113,,113,,,,Phoenix,V118_24,Influenza,> 65 years of age,Maintenance,Maintenance,11/3/2025,11/30/2025,,,200,5614,,,,,,,,,,,,,,,,,,,,,,,,,,0,0,0,0,0,0,0,0,0,0,0,0,0,0,0,0,0,0
Phoenix | V201_05 |,250,,0,,,,Phoenix,V201_05,Influenza,18 to 49 years of age,Pipeline,On Hold/Postponed,3/1/2027,5/31/2027,,,250,4191,,,,,,,,,,,,,,,,,,,,,,,,,,0,0,0,0,0,0,0,0,0,0,0,0,0,0,0,0,0,0
M20-371 | N/A,0,,0,,,,Digestive Health - Affiliate,M20-371,Crohn's Disease,18 to 49 years of age,Enrolling,Enrolling,12/30/2022,,,,,23,,,,,,,,,,,,,,,,,,,,,,,,,,,,,,,,,,,,,,,,,,,
Phoenix | VXB241-002 |,0,,0,,,,Phoenix,VXB241-002,RSV Vaccine,> 60 years of age,Pipeline,Pre-award,04/01/2026,4/1/2027,,,8,6990,,,,,,,,,,,,,,,,,,,,,,,,,,0,0,0,0,0,0,0,0,0,0,0,0,0,0,0,0,0,0
Phoenix | ZP7570-25086 |,8,,5,,,,Phoenix,ZP7570-25086,Obesity,"18 to 75 Years (Adults, Older Adults)",Archive,Not Selected,04/04/2026,07/31/2027,,,8,7023,,,,,,,,,,,,,,,,,,,,,,,,,,0,0,0,0,0,0,0,0,0,0,0,0,0,0,0,0,0,0
Pupila | ICY-AKC-301 |,10,,8,,,,Pupila,ICY-AKC-301,Atopic Dermatitis,18 to 65 years of age,Pipeline,FQ Submitted,04/01/2026,04/01/2027,,,3,6047,,,,,,,,,,,,,,,,,,,,,,,,,,0,0,0,0,0,0,0,0,0,0,0,0,0,0,0,0,0,0
Pupila | none at the moment |,0,,0,,,,Pupila,none at the moment,Macular Degeneration,"18 to 75 Years (Adults, Older Adults)",Pipeline,Pre-award,01/01/2026,01/01/2027,,,15,6094,,,,,,,,,,,,,,,,,,,,,,,,,,0,0,0,0,0,0,0,0,0,0,0,0,0,0,0,0,0,0
Pupila | none at the moment |,0,,0,,,,Pupila,none at the moment,Acute Bacterial Conjunctivitis,adults greater than and equal to 18 years of age,Pipeline,Potential,03/02/2026,03/02/2027,,,8,7109,,,,,,,,,,,,,,,,,,,,,,,,,,0,0,0,0,0,0,0,0,0,0,0,0,0,0,0,0,0,0
Pupila | SUM-191-01 |,0,,0,,,,Pupila,SUM-191-01,Bacterial Conjunctivitis,adults greater than and equal to 18 years of age,Pipeline,Pre-award,03/01/2026,03/06/2026,,,1,6703,,,,,,,,,,,,,,,,,,,,,,,,,,0,0,0,0,0,0,0,0,0,0,0,0,0,0,0,0,0,0
Pupila | VX24-548-111 |,8,,4,,,,Pupila,VX24-548-111,Diabetic Neuropathy,adults greater than and equal to 18 years of age,Archive,Not Selected,04/22/2026,04/23/2027,,,8,6944,,,,,,,,,,,,,,,,,,,,,,,,,,0,0,0,0,0,0,0,0,0,0,0,0,0,0,0,0,0,0
Rheumatology Clinic of Houston | 293925 |,10,,7,,,,Rheumatology Clinic of Houston,293925,Rheumatoid Arthritis,18 to 49 years of age,Pipeline,Potential,04/01/2026,01/30/2027,,,10,4984,,,,,,,,,,,,,,,,,,,,,,,,,,0,0,0,0,0,0,0,0,0,0,0,0,0,0,0,0,0,0
Rheumatology Clinic of Houston | 7061759 |,4,,0,,,,Rheumatology Clinic of Houston,7061759,Immunoglobulin G4-Related Disease,"18 to 75 Years (Adults, Older Adults)",Pipeline,Pre-award,04/01/2026,7/28/2027,,,5,5477,,,,,,,,,,,,,,,,,,,,,,,,,,0,0,0,0,0,0,0,0,0,0,0,0,0,0,0,0,0,0
Miami | IMVT-1402-2503 |,3,,2,,,,Miami,IMVT-1402-2503,Graves Diseases,"18 to 75 Years (Adults, Older Adults)",Enrolling,Enrolling,04/01/2026,4/1/2027,,,3,6048,,,,,,,,,,,,,,,,,,,,,,,,,,0,0,0,0,0,0,0,0,0,0,0,0,0,0,0,0,0,0
Rheumatology Clinic of Houston | D6940C00002 |,8,,6,,,,Rheumatology Clinic of Houston,D6940C00002,Rheumatoid Arthritis,"18 to 75 Years (Adults, Older Adults)",Pipeline,Potential,04/01/2026,04/01/2027,,,8,5783,,,,,,,,,,,,,,,,,,,,,,,,,,0,0,0,0,0,0,0,0,0,0,0,0,0,0,0,0,0,0
Rheumatology Clinic of Houston | D7130C00002 |,8,,6,,,,Rheumatology Clinic of Houston,D7130C00002,Rheumatoid Arthritis,"18 to 75 Years (Adults, Older Adults)",Pipeline,Potential,04/01/2026,04/01/2027,,,8,5780,,,,,,,,,,,,,,,,,,,,,,,,,,0,0,0,0,0,0,0,0,0,0,0,0,0,0,0,0,0,0
Indianapolis | EXPD-101-201 |,4,,4,,,,Indianapolis,EXPD-101-201,COPD,,Startup,Site Selected,05/01/2026,03/02/2027,,,4,7275,,,,,,,,,,,,,,,,,,,,,,,,,,0,0,0,0,3,1,3,1,1,1,0,0,0,0,0,0,0,0
Rheumatology Clinic of Houston | IMVT-1402-2601 |,3,,2,,,,Rheumatology Clinic of Houston,IMVT-1402-2601,Rheumatoid Arthritis,"18 to 75 Years (Adults, Older Adults)",Maintenance,Maintenance,03/17/2025,12/15/2025,,,20,4986,,,,,,,,,,,,,,,,,,,,,,,,,,0,0,0,0,0,0,0,0,0,0,0,0,0,0,0,0,0,0
Rheumatology Clinic of Houston | MK7240-014 |,8,,6,,,,Rheumatology Clinic of Houston,MK7240-014,Rheumatoid Arthritis,adults greater than and equal to 18 years of age,Archive,Not Selected,04/14/2026,06/01/2027,,,8,5800,,,,,,,,,,,,,,,,,,,,,,,,,,0,0,0,0,0,0,0,0,0,0,0,0,0,0,0,0,0,0
Rheumatology Clinic of Houston | None at the moment |,7,,0,,,,Rheumatology Clinic of Houston,None at the moment,Sjogren's Syndrome,18 to 65 years of age,Pipeline,Pre-award,01/01/2026,01/01/2027,,,10,5687,,,,,,,,,,,,,,,,,,,,,,,,,,0,0,0,0,0,0,0,0,0,0,0,0,0,0,0,0,0,0
Rheumatology Clinic of Houston | none at the moment |,0,,0,,,,Rheumatology Clinic of Houston,none at the moment,Rheumatoid Arthritis,adults greater than and equal to 18 years of age,Pipeline,Potential,04/01/2026,04/01/2027,,,10,6152,,,,,,,,,,,,,,,,,,,,,,,,,,0,0,0,0,0,0,0,0,0,0,0,0,0,0,0,0,0,0
Rheumatology Clinic of Houston | none at the moment |,0,,0,,,,Rheumatology Clinic of Houston,none at the moment,Others,adults greater than and equal to 18 years of age,Pipeline,Potential,06/16/2026,08/26/2027,,,8,7029,,,,,,,,,,,,,,,,,,,,,,,,,,0,0,0,0,0,0,0,0,0,0,0,0,0,0,0,0,0,0
Rheumatology Clinic of Houston | none at the moment |,0,,0,,,,Rheumatology Clinic of Houston,none at the moment,Sjogren's Syndrome,adults greater than and equal to 18 years of age,Pipeline,Potential,05/02/2026,04/29/2027,,,3,7034,,,,,,,,,,,,,,,,,,,,,,,,,,0,0,0,0,0,0,0,0,0,0,0,0,0,0,0,0,0,0
Rheumatology Clinic of Houston | none at the moment |,0,,0,,,,Rheumatology Clinic of Houston,none at the moment,Systemic Lupus Erythematosus (SLE),"18 to 75 Years (Adults, Older Adults)",Archive,DM Declined,05/02/2026,,,,8,7081,,,,,,,,,,,,,,,,,,,,,,,,,,0,0,0,0,0,0,0,0,0,0,0,0,0,0,0,0,0,0
Rheumatology Clinic of Houston | none at the moment |,0,,0,,,,Rheumatology Clinic of Houston,none at the moment,Rheumatoid Arthritis,"18 to 75 Years (Adults, Older Adults)",Pipeline,FQ Submitted,03/01/2026,03/01/2027,,,10,7091,,,,,,,,,,,,,,,,,,,,,,,,,,0,0,0,0,0,0,0,0,0,0,0,0,0,0,0,0,0,0
Rheumatology Clinic of Houston | none at the moment |,0,,0,,,,Rheumatology Clinic of Houston,none at the moment,Giant Cell Arteritis and Behcet Diseases,,Pipeline,Potential,05/01/2026,01/01/2027,,,8,7115,,,,,,,,,,,,,,,,,,,,,,,,,,0,0,0,0,0,0,0,0,0,0,0,0,0,0,0,0,0,0
Rheumatology Clinic of Houston | DRI19694 | Part A,3,,2,,,,Rheumatology Clinic of Houston,DRI19694,Rheumatoid Arthritis,adults greater than and equal to 18 years of age,Pipeline,PSV Completed,07/06/2026,,,,3,7352,,,,,,,,,,,,,,,,,,,,,,,,,,0,0,0,0,0,0,0,0,0,0,0,0,0,0,0,0,0,0
Rheumatology Clinic of Houston | DRI19694 | Part B,10,,3,,,,Rheumatology Clinic of Houston,DRI19694,Rheumatoid Arthritis,adults greater than and equal to 18 years of age,Pipeline,PSV Completed,07/06/2026,,,,10,7363,,,,,,,,,,,,,,,,,,,,,,,,,,0,0,0,0,0,0,0,0,0,0,0,0,0,0,0,0,0,0
Miami | MET233-097-25-201 |,60,,4,,,,Miami,C6511002,Obesity,"18 to 75 Years (Adults, Older Adults)",Archive,Not Selected,06/01/2026,02/23/2027,,,20,6806,,,,,,,,,,,,,,,,,,,,,,,,,,0,1,1,0,0,0,0,1,1,0,0,0,1,1,0,0,0,0
Miami | V2000103 |,30,,15,,,,Miami,V2000103,Obesity,"18 to 75 Years (Adults, Older Adults)",Enrolling,Greenlight Received,03/10/2026,07/24/2026,,,30,7102,,,,,,,,,,,,,,,,,,,,,,,,,,10,3,10,5,10,6,10,6,0,0,0,0,0,0,0,0,0,0
Philadelphia | 219685 | Part 2,8,,5,,,,Philadelphia,219685,UTI,18 to 49 years of age,Maintenance,Maintenance,08/25/2025,02/28/2026,,,40,3727,,,,,,,,,,,,,,,,,,,,,,,,,,0,0,0,0,0,0,0,0,0,0,0,0,0,0,0,0,0,0
San Antonio | 1378-0021 |,4,,4,,,,San Antonio,1378-0021,Hypertension,18 to 49 years of age,Pipeline,Potential,04/01/2026,04/01/2027,,,4,4335,,,,,,,,,,,,,,,,,,,,,,,,,,0,0,0,0,0,1,0,0,0,0,0,0,0,0,0,0,0,0
San Antonio | 1404-0071 |,50,,38,,,,San Antonio,1404-0071,Obesity,18 to 49 years of age,Pipeline,Potential,04/01/2026,03/31/2028,,,50,4543,,,,,,,,,,,,,,,,,,,,,,,,,,0,0,0,3,0,3,0,3,0,3,0,3,0,3,0,3,0,4
San Antonio | 20230219 |,3,,2,,,,San Antonio,20230219,Gout,adults greater than and equal to 18 years of age,Archive,DM Declined,03/17/2026,06/17/2027,,,3,6846,,,,,,,,,,,,,,,,,,,,,,,,,,0,0,0,0,0,0,0,0,0,0,0,0,0,0,0,0,0,0
San Antonio | 221847 |,100,,80,,,,San Antonio,221847,COVID-19,adults greater than and equal to 18 years of age,Archive,DM Declined,10/01/2026,04/16/2027,,,250,5010,,,,,,,,,,,,,,,,,,,,,,,,,,0,0,0,0,0,0,0,0,0,0,0,0,0,0,0,0,0,0
San Antonio | 289318 |,10,,0,,,,San Antonio,289318,Chronic Sinusitis,18 to 49 years of age,Pipeline,Pre-award,04/01/2026,04/01/2027,,,20,4646,,,,,,,,,,,,,,,,,,,,,,,,,,0,0,0,0,0,0,0,0,0,0,0,0,0,0,0,0,0,0
San Antonio | 777806 |,10,,0,,,,San Antonio,777806,Diabetic Neuropathy,18 to 49 years of age,Pipeline,Pre-award,04/01/2026,04/01/2027,,,10,4745,,,,,,,,,,,,,,,,,,,,,,,,,,0,0,0,0,0,0,0,0,0,0,0,0,0,0,0,0,0,0
San Antonio | 80120522 |,45,,20,,,,San Antonio,80120522,Obesity,"18 to 75 Years (Adults, Older Adults)",Pipeline,Potential,04/01/2026,07/01/2026,,,45,4894,,,,,,,,,,,,,,,,,,,,,,,,,,0,0,0,0,0,0,0,0,0,0,0,0,0,0,0,0,0,0
San Antonio | BC #139639-01 |,5,,0,,,,San Antonio,BC #139639-01,UTI,adults greater than and equal to 18 years of age,Pipeline,Pre-award,04/01/2026,04/01/2027,,,10,5465,,,,,,,,,,,,,,,,,,,,,,,,,,0,0,0,0,0,0,0,0,0,0,0,0,0,0,0,0,0,0
San Antonio | C4931009 |,75,,60,,,,San Antonio,C4931009,Pneumococcal,adults greater than and equal to 18 years of age,Pipeline,On Hold/Postponed,04/21/2026,08/17/2026,,,212,4939,,,,,,,,,,,,,,,,,,,,,,,,,,0,0,0,0,0,0,0,0,0,0,0,0,0,0,0,0,0,0
San Antonio | C4931014 |,60,,40,,,,San Antonio,C4931014,Pneumococcal,> 65 years of age,Pipeline,On Hold/Postponed,04/03/2026,06/12/2026,,,50,4971,,,,,,,,,,,,,,,,,,,,,,,,,,0,0,0,0,0,0,0,0,0,0,0,0,0,0,0,0,0,0
San Antonio | C6271002 |,145,,128,,,,San Antonio,C6271002,Influenza,adults greater than and equal to 18 years of age,Pipeline,On Hold/Postponed,09/05/2026,10/01/2026,,,375,6150,,,,,,,,,,,,,,,,,,,,,,,,,,0,0,0,0,0,0,0,0,0,0,0,0,0,0,0,0,0,0
San Antonio | D6405C00001 |,10,,7,,,,San Antonio,D6405C00001,Chronic Kidney Disease,"18 to 75 Years (Adults, Older Adults)",Pipeline,On Hold/Postponed,04/27/2026,04/27/2027,,,20,5727,,,,,,,,,,,,,,,,,,,,,,,,,,0,0,0,0,0,0,0,0,0,0,0,0,0,0,0,0,0,0
Philadelphia | C6481001 |,52,,52,,,,Philadelphia,C6481001,Influenza,adults greater than and equal to 18 years of age,Enrolling,Enrolling,04/15/2026,04/20/2026,,,77,7250,,,,,,,,,,,,,,,,,,,,,,,,,,26,20,0,0,0,0,0,0,0,0,0,0,0,0,0,0,0,0
San Antonio | D8750C00010 |,5,,4,,,,San Antonio,D8750C00010,Obesity,"18 to 75 Years (Adults, Older Adults)",Pipeline,FQ Submitted,08/01/2026,7/23/2026,,,14,6292,,,,,,,,,,,,,,,,,,,,,,,,,,0,0,0,0,0,0,0,0,0,0,0,0,0,0,0,0,0,0
San Antonio | D8750C00011 |,5,,4,,,,San Antonio,D8750C00011,Obesity,"18 to 75 Years (Adults, Older Adults)",Pipeline,FQ Submitted,08/01/2026,6/26/2026,,,14,6312,,,,,,,,,,,,,,,,,,,,,,,,,,0,0,0,0,0,0,0,0,0,0,0,0,0,0,0,0,0,0
San Antonio | D8750C00012 |,14,,10,,,,San Antonio,D8750C00012,Obesity,"18 to 75 Years (Adults, Older Adults)",Pipeline,FQ Submitted,08/01/2026,7/31/2026,,,14,6280,,,,,,,,,,,,,,,,,,,,,,,,,,0,0,0,0,0,0,0,0,0,0,0,0,0,0,0,0,0,0
San Antonio | MAB02735 |,90,,72,,,,San Antonio,MAB02735,RSV Vaccine,18 to 49 years of age,Pipeline,Potential,08/01/2026,08/31/2026,,,100,4205,,,,,,,,,,,,,,,,,,,,,,,,,,0,0,0,0,0,0,0,0,0,80,0,0,0,0,0,0,0,0
San Antonio | MAB39093 |,10,,7,,,,San Antonio,MAB39093,Heart Failure,18 to 49 years of age,Pipeline,Potential,04/01/2026,10/01/2028,,,10,4797,,,,,,,,,,,,,,,,,,,,,,,,,,0,0,0,0,0,0,0,0,0,0,0,0,0,0,0,0,0,0
Philadelphia | FpA-AS-30093 |,12,,6,,,,Philadelphia,FpA-AS-30093,Asthma,"18 to 75 Years (Adults, Older Adults)",Enrolling,Enrolling,02/28/2025,09/30/2026,,,,4572,,,,,,,,,,,,,,,,,,,,,,,,,,1,0,1,0,1,1,0,0,0,0,0,0,0,0,0,0,0,0
San Antonio | mRNA-1403-P301 | Additional Cohort,94,,56,,,,San Antonio,mRNA-1403-P301,Norovirus,> 60 years of age,Maintenance,Maintenance,11/26/2025,01/28/2026,,,94,6877,,,,,,,,,,,,,,,,,,,,,,,,,,0,0,0,0,0,0,0,0,0,0,0,0,0,0,0,0,0,0
San Antonio | NN9388-7864 |,3,,3,,,,San Antonio,NN9388-7864,Diabetic Neuropathy,18 to 49 years of age,Maintenance,Maintenance,08/15/2025,11/07/2025,,,4,4475,,,,,,,,,,,,,,,,,,,,,,,,,,0,0,0,0,0,0,0,0,0,0,0,0,0,0,0,0,0,0
San Antonio | No information |,0,,0,,,,San Antonio,No information,Obesity,18 to 49 years of age,Pipeline,Pre-award,01/01/2026,01/01/2027,,,50,5078,,,,,,,,,,,,,,,,,,,,,,,,,,0,0,0,0,0,0,0,0,0,0,0,0,0,0,0,0,0,0
San Antonio | No information |,50,,0,,,,San Antonio,No information,Obesity,18 to 49 years of age,Pipeline,Pre-award,01/05/2026,02/03/2027,,,50,5086,,,,,,,,,,,,,,,,,,,,,,,,,,0,0,0,0,0,0,0,0,0,0,0,0,0,0,0,0,0,0
San Antonio | No information |,50,,0,,,,San Antonio,No information,Obesity,18 to 49 years of age,Pipeline,Pre-award,01/05/2026,02/03/2027,,,50,5093,,,,,,,,,,,,,,,,,,,,,,,,,,0,0,0,0,0,0,0,0,0,0,0,0,0,0,0,0,0,0
San Antonio | No information |,50,,0,,,,San Antonio,No information,Obesity,18 to 49 years of age,Pipeline,Pre-award,01/05/2026,01/05/2027,,,50,5100,,,,,,,,,,,,,,,,,,,,,,,,,,0,0,0,0,0,0,0,0,0,0,0,0,0,0,0,0,0,0
San Antonio | No information |,50,,0,,,,San Antonio,No information,Obesity,18 to 49 years of age,Pipeline,Pre-award,01/05/2026,01/05/2027,,,50,5107,,,,,,,,,,,,,,,,,,,,,,,,,,0,0,0,0,0,0,0,0,0,0,0,0,0,0,0,0,0,0
San Antonio | No information |,50,,0,,,,San Antonio,No information,Obesity,18 to 49 years of age,Pipeline,Pre-award,01/05/2026,01/05/2027,,,50,5114,,,,,,,,,,,,,,,,,,,,,,,,,,0,0,0,0,0,0,0,0,0,0,0,0,0,0,0,0,0,0
San Antonio | No information |,50,,0,,,,San Antonio,No information,Obesity,18 to 49 years of age,Pipeline,Pre-award,01/05/2026,01/05/2027,,,50,5120,,,,,,,,,,,,,,,,,,,,,,,,,,0,0,0,0,0,0,0,0,0,0,0,0,0,0,0,0,0,0
San Antonio | No information |,50,,0,,,,San Antonio,No information,Obesity,18 to 49 years of age,Pipeline,Pre-award,01/05/2026,01/05/2027,,,50,5128,,,,,,,,,,,,,,,,,,,,,,,,,,0,0,0,0,0,0,0,0,0,0,0,0,0,0,0,0,0,0
San Antonio | No information |,50,,0,,,,San Antonio,No information,Obesity,18 to 49 years of age,Pipeline,Pre-award,01/05/2026,01/05/2027,,,50,5135,,,,,,,,,,,,,,,,,,,,,,,,,,0,0,0,0,0,0,0,0,0,0,0,0,0,0,0,0,0,0
San Antonio | No information |,50,,0,,,,San Antonio,No information,Obesity,18 to 49 years of age,Pipeline,Pre-award,01/05/2026,01/05/2027,,,50,5142,,,,,,,,,,,,,,,,,,,,,,,,,,0,0,0,0,0,0,0,0,0,0,0,0,0,0,0,0,0,0
San Antonio | No information |,50,,0,,,,San Antonio,No information,Obesity,18 to 49 years of age,Pipeline,Pre-award,01/05/2026,01/05/2027,,,50,5149,,,,,,,,,,,,,,,,,,,,,,,,,,0,0,0,0,0,0,0,0,0,0,0,0,0,0,0,0,0,0
San Antonio | No information |,50,,0,,,,San Antonio,No information,Obesity,18 to 49 years of age,Pipeline,Pre-award,01/05/2026,01/05/2027,,,50,5156,,,,,,,,,,,,,,,,,,,,,,,,,,0,0,0,0,0,0,0,0,0,0,0,0,0,0,0,0,0,0
San Antonio | No information |,50,,0,,,,San Antonio,No information,Obesity,18 to 49 years of age,Pipeline,Pre-award,01/05/2026,01/05/2027,,,50,5163,,,,,,,,,,,,,,,,,,,,,,,,,,0,0,0,0,0,0,0,0,0,0,0,0,0,0,0,0,0,0
San Antonio | No information |,10,,0,,,,San Antonio,No information,Obesity,18 to 49 years of age,Pipeline,On Hold/Postponed,01/02/2026,01/02/2027,,,10,5228,,,,,,,,,,,,,,,,,,,,,,,,,,0,0,0,0,0,0,0,0,0,0,0,0,0,0,0,0,0,0
San Antonio | None at the moment |,5,,0,,,,San Antonio,None at the moment,NASH,"18 to 75 Years (Adults, Older Adults)",Pipeline,Pre-award,01/01/2026,01/01/2027,,,10,5689,,,,,,,,,,,,,,,,,,,,,,,,,,0,0,0,0,0,0,0,0,0,0,0,0,0,0,0,0,0,0
San Antonio | None at the moment |,0,,0,,,,San Antonio,None at the moment,COVID-19,> 65 years of age,Pipeline,Pre-award,09/01/2026,9/1/2027,,,15,5761,,,,,,,,,,,,,,,,,,,,,,,,,,0,0,0,0,0,0,0,0,0,0,0,0,0,0,0,0,0,0
San Antonio | None at the moment |,0,,0,,,,San Antonio,None at the moment,Obesity,"18 to 75 Years (Adults, Older Adults)",Pipeline,Pre-award,01/01/2026,1/1/2027,,,8,5788,,,,,,,,,,,,,,,,,,,,,,,,,,0,0,0,0,0,0,0,0,0,0,0,0,0,0,0,0,0,0
San Antonio | None at the moment |,0,,0,,,,San Antonio,None at the moment,Herpes Zoster,"18 to 75 Years (Adults, Older Adults)",Pipeline,Pre-award,04/01/2026,04/01/2027,,,10,5816,,,,,,,,,,,,,,,,,,,,,,,,,,0,0,0,0,0,0,0,0,0,0,0,0,0,0,0,0,0,0
San Antonio | none at the moment |,0,,0,,,,San Antonio,none at the moment,Pneumococcal,50 to 80 years of age,Pipeline,Pre-award,03/01/2026,05/31/2026,,,75,5978,,,,,,,,,,,,,,,,,,,,,,,,,,0,0,0,0,0,0,0,0,0,0,0,0,0,0,0,0,0,0
San Antonio | none at the moment |,0,,0,,,,San Antonio,none at the moment,Food Allergy,4 to <56 years of age,Pipeline,Pre-award,01/01/2026,11/01/2026,,,10,6016,,,,,,,,,,,,,,,,,,,,,,,,,,0,0,0,0,0,0,0,0,0,0,0,0,0,0,0,0,0,0
San Antonio | none at the moment |,0,,0,,,,San Antonio,none at the moment,HSV,adults greater than and equal to 18 years of age,Pipeline,Pre-award,04/01/2026,04/01/2027,,,10,6183,,,,,,,,,,,,,,,,,,,,,,,,,,0,0,0,0,0,0,0,0,0,0,0,0,0,0,0,0,0,0
San Antonio | none at the moment |,0,,0,,,,San Antonio,none at the moment,COVID-19,50 to 65 years of age,Pipeline,Pre-award,04/01/2026,06/01/2026,,,50,6231,,,,,,,,,,,,,,,,,,,,,,,,,,0,0,0,0,0,0,0,0,0,0,0,0,0,0,0,0,0,0
San Antonio | None at the moment |,0,,0,,,,San Antonio,None at the moment,HSV,adults greater than and equal to 18 years of age,Pipeline,Pre-award,03/01/2026,08/31/2026,,,15,6384,,,,,,,,,,,,,,,,,,,,,,,,,,0,0,0,0,0,0,0,0,0,0,0,0,0,0,0,0,0,0
San Antonio | none at the moment |,0,,0,,,,San Antonio,none at the moment,Obesity,"18 to 75 Years (Adults, Older Adults)",Pipeline,Pre-award,01/06/2026,01/06/2027,,,15,6408,,,,,,,,,,,,,,,,,,,,,,,,,,0,0,0,0,0,0,0,0,0,0,0,0,0,0,0,0,0,0
San Antonio | none at the moment |,0,,0,,,,San Antonio,none at the moment,IBS,adults greater than and equal to 18 years of age,Pipeline,Pre-award,04/01/2026,04/01/2027,,,20,6444,,,,,,,,,,,,,,,,,,,,,,,,,,0,0,0,0,0,0,0,0,0,0,0,0,0,0,0,0,0,0
San Antonio | none at the moment |,0,,0,,,,San Antonio,none at the moment,Epstein Barr,18 to 20 years of age,Pipeline,Pre-award,07/01/2026,07/01/2027,,,50,6471,,,,,,,,,,,,,,,,,,,,,,,,,,0,0,0,0,0,0,0,0,0,0,0,0,0,0,0,0,0,0
San Antonio | none at the moment |,0,,0,,,,San Antonio,none at the moment,colorectal cancer (CRC),"18 to 75 Years (Adults, Older Adults)",Pipeline,Pre-award,04/30/2026,04/30/2027,,,8,6739,,,,,,,,,,,,,,,,,,,,,,,,,,0,0,0,0,0,0,0,0,0,0,0,0,0,0,0,0,0,0
San Antonio | none at the moment |,0,,0,,,,San Antonio,none at the moment,Pulmonary Hypertension,adults greater than and equal to 18 years of age,Pipeline,Pre-award,01/01/2026,01/01/2027,,,8,6837,,,,,,,,,,,,,,,,,,,,,,,,,,0,0,0,0,0,0,0,0,0,0,0,0,0,0,0,0,0,0
San Antonio | none at the moment |,0,,0,,,,San Antonio,none at the moment,Obesity,adults greater than and equal to 18 years of age,Pipeline,Pre-award,05/01/2026,05/01/2027,,,50,6860,,,,,,,,,,,,,,,,,,,,,,,,,,0,0,0,0,0,0,0,0,0,0,0,0,0,0,0,0,0,0
San Antonio | none at the moment |,0,,0,,,,San Antonio,none at the moment,Influenza,adults greater than and equal to 18 years of age,Pipeline,Potential,07/23/2026,11/13/2026,,,175,7129,,,,,,,,,,,,,,,,,,,,,,,,,,0,0,0,0,0,0,0,0,0,0,0,0,0,0,0,0,0,0
San Antonio | none at the tmoment |,0,,0,,,,San Antonio,none at the tmoment,Migraine,"18 to 75 Years (Adults, Older Adults)",Pipeline,Pre-award,02/02/2026,02/02/2027,,,10,6078,,,,,,,,,,,,,,,,,,,,,,,,,,0,0,0,0,0,0,0,0,0,0,0,0,0,0,0,0,0,0
San Antonio | OAB18033 |,10,,0,,,,San Antonio,OAB18033,Atopic Dermatitis,18 to 49 years of age,Pipeline,Pre-award,01/01/2026,01/01/2027,,,10,4564,,,,,,,,,,,,,,,,,,,,,,,,,,0,0,0,0,0,0,0,0,0,0,0,0,0,0,0,0,0,0
San Antonio | OAB71527 |,50,,18,,,,San Antonio,OAB71527,Shingles,"18 to 75 Years (Adults, Older Adults)",Pipeline,FQ Submitted,03/31/2026,3/31/2027,,,200,5045,,,,,,,,,,,,,,,,,,,,,,,,,,0,0,0,0,0,0,0,0,0,0,0,0,0,0,0,0,0,0
San Antonio | PAB78438 |,0,,0,,,,San Antonio,PAB78438,Type 2 Diabetes,adults greater than and equal to 18 years of age,Pipeline,Pre-award,07/01/2026,07/01/2027,,,10,6061,,,,,,,,,,,,,,,,,,,,,,,,,,0,0,0,0,0,0,0,0,0,0,0,0,0,0,0,0,0,0
San Antonio | RIV-HU6-2203 |,10,,5,,,,San Antonio,RIV-HU6-2203,Obesity,"18 to 75 Years (Adults, Older Adults)",Pipeline,On Hold/Postponed,04/01/2026,07/01/2026,,,10,5245,,,,,,,,,,,,,,,,,,,,,,,,,,0,0,0,0,0,0,0,0,0,0,0,0,0,0,0,0,0,0
San Antonio | Steel-101 |,7,,4,,,,San Antonio,Steel-101,SAD/MAD,"18 to 75 Years (Adults, Older Adults)",Pipeline,Potential,04/01/2026,04/01/2027,,,10,5627,,,,,,,,,,,,,,,,,,,,,,,,,,0,0,0,0,0,0,0,0,0,0,0,0,0,0,0,0,0,0
San Antonio | US-EPS-24070 |,12,,7,,,,San Antonio,US-EPS-24070,Obesity,"18 to 75 Years (Adults, Older Adults)",Pipeline,Potential,04/01/2026,07/28/2026,,,12,4618,,,,,,,,,,,,,,,,,,,,,,,,,,0,0,0,0,0,0,0,0,0,0,0,0,0,0,0,0,0,0
San Antonio | V201-08 |,70,,50,,,,San Antonio,V201-08,Influenza,Adolescent (5 to 12),Pipeline,Potential,04/18/2026,01/15/2027,,,100,4553,,,,,,,,,,,,,,,,,,,,,,,,,,0,0,0,5,0,6,0,3,0,0,0,0,0,0,0,0,0,0
Seattle | 223957 |,10,,5,,,,Seattle,223957,Asthma,adults greater than and equal to 18 years of age,Archive,Not Selected,06/25/2026,12/11/2026,,,,7282,,,,,,,,,,,,,,,,,,,,,,,,,,0,0,0,0,0,0,0,0,0,0,0,0,0,0,0,0,0,0
Seattle | AIC316-01-III-01 |,0,,0,,,,Seattle,AIC316-01-III-01,HSV Treatment,adults greater than and equal to 18 years of age,Archive,Not Adding Sites,05/28/2026,12/03/2026,,,4,6220,,,,,,,,,,,,,,,,,,,,,,,,,,0,0,1,1,2,2,2,1,2,2,2,1,2,1,2,1,1,1
Seattle | BC #139639-01 |,5,,0,,,,Seattle,BC #139639-01,UTI,adults greater than and equal to 18 years of age,Pipeline,Pre-award,04/01/2026,04/01/2027,,,10,5466,,,,,,,,,,,,,,,,,,,,,,,,,,0,0,0,0,0,0,0,0,0,0,0,0,0,0,0,0,0,0
Seattle | C4931009 |,75,,60,,,,Seattle,C4931009,Pneumococcal,adults greater than and equal to 18 years of age,Pipeline,On Hold/Postponed,04/21/2026,08/17/2026,,,212,4940,,,,,,,,,,,,,,,,,,,,,,,,,,0,0,0,0,0,0,0,0,0,0,0,0,0,0,0,0,0,0
Seattle | C4931014 |,60,,40,,,,Seattle,C4931014,Pneumococcal,> 65 years of age,Pipeline,On Hold/Postponed,04/03/2026,06/12/2026,,,50,4972,,,,,,,,,,,,,,,,,,,,,,,,,,0,0,0,0,0,0,0,0,0,0,0,0,0,0,0,0,0,0
Seattle | C6271002 |,145,,121,,,,Seattle,C6271002,Influenza,adults greater than and equal to 18 years of age,Pipeline,On Hold/Postponed,09/05/2026,10/01/2026,,,215,6349,,,,,,,,,,,,,,,,,,,,,,,,,,0,0,0,0,0,0,0,0,0,0,0,0,0,0,0,0,0,0
Seattle | D7265C00001 |,8,,6,,,,Seattle,D7265C00001,Chronic Kidney Disease,adults greater than and equal to 18 years of age,Pipeline,FQ Submitted,06/06/2026,03/01/2028,,,8,7139,,,,,,,,,,,,,,,,,,,,,,,,,,0,0,0,0,0,0,0,0,0,0,0,0,0,0,0,0,0,0
Seattle | None at the moment |,0,,0,,,,Seattle,None at the moment,COVID-19,> 65 years of age,Pipeline,Pre-award,09/01/2026,09/01/2027,,,15,5763,,,,,,,,,,,,,,,,,,,,,,,,,,0,0,0,0,0,0,0,0,0,0,0,0,0,0,0,0,0,0
Seattle | None at the moment |,0,,0,,,,Seattle,None at the moment,Contraception,18 to 49 years of age,Pipeline,Pre-award,01/01/2026,11/14/2026,,,13,5772,,,,,,,,,,,,,,,,,,,,,,,,,,0,0,0,0,0,0,0,0,0,0,0,0,0,0,0,0,0,0
Seattle | None at the moment |,0,,0,,,,Seattle,None at the moment,Herpes Zoster,"18 to 75 Years (Adults, Older Adults)",Pipeline,Pre-award,04/01/2026,04/01/2027,,,10,5817,,,,,,,,,,,,,,,,,,,,,,,,,,0,0,0,0,0,0,0,0,0,0,0,0,0,0,0,0,0,0
Seattle | None at the moment |,0,,0,,,,Seattle,None at the moment,Type 2 Diabetes,"18 to 75 Years (Adults, Older Adults)",Pipeline,Pre-award,04/01/2026,04/01/2027,,,8,5823,,,,,,,,,,,,,,,,,,,,,,,,,,0,0,0,0,0,0,0,0,0,0,0,0,0,0,0,0,0,0
Seattle | None at the moment |,0,,0,,,,Seattle,None at the moment,Urticaria,"18 to 75 Years (Adults, Older Adults)",Pipeline,Pre-award,04/01/2026,04/01/2027,,,10,5922,,,,,,,,,,,,,,,,,,,,,,,,,,0,0,0,0,0,0,0,0,0,0,0,0,0,0,0,0,0,0
Seattle | None at the moment |,0,,0,,,,Seattle,None at the moment,Hypothyroidism,"18 to 75 Years (Adults, Older Adults)",Pipeline,Pre-award,01/01/2026,01/01/2027,,,8,5933,,,,,,,,,,,,,,,,,,,,,,,,,,0,0,0,0,0,0,0,0,0,0,0,0,0,0,0,0,0,0
Seattle | none at the moment |,0,,0,,,,Seattle,none at the moment,Pneumococcal,50 to 80 years of age,Pipeline,Pre-award,03/01/2026,05/31/2026,,,75,5977,,,,,,,,,,,,,,,,,,,,,,,,,,0,0,0,0,0,0,0,0,0,0,0,0,0,0,0,0,0,0
Seattle | none at the moment |,0,,0,,,,Seattle,none at the moment,Food Allergy,4 to <56 years of age,Pipeline,Pre-award,01/01/2026,11/01/2026,,,10,6017,,,,,,,,,,,,,,,,,,,,,,,,,,0,0,0,0,0,0,0,0,0,0,0,0,0,0,0,0,0,0
Seattle | none at the moment |,0,,0,,,,Seattle,none at the moment,Pulmonary Hypertension,"18 to 75 Years (Adults, Older Adults)",Pipeline,Pre-award,01/01/2026,01/01/2027,,,10,6068,,,,,,,,,,,,,,,,,,,,,,,,,,0,0,0,0,0,0,0,0,0,0,0,0,0,0,0,0,0,0
Seattle | none at the moment |,0,,0,,,,Seattle,none at the moment,MASH,"18 to 75 Years (Adults, Older Adults)",Pipeline,Potential,04/01/2026,04/01/2027,,,10,6161,,,,,,,,,,,,,,,,,,,,,,,,,,0,0,0,0,0,0,0,0,0,0,0,0,0,0,0,0,0,0
Seattle | none at the moment |,0,,0,,,,Seattle,none at the moment,HSV,adults greater than and equal to 18 years of age,Pipeline,Pre-award,04/01/2026,04/01/2027,,,8,6185,,,,,,,,,,,,,,,,,,,,,,,,,,0,0,0,0,0,0,0,0,0,0,0,0,0,0,0,0,0,0
Seattle | none at the moment |,0,,0,,,,Seattle,none at the moment,Erectile Dysfunction,"18 to 75 Years (Adults, Older Adults)",Pipeline,Pre-award,01/01/2026,07/31/2026,,,15,6206,,,,,,,,,,,,,,,,,,,,,,,,,,0,0,0,0,0,0,0,0,0,0,0,0,0,0,0,0,0,0
Seattle | none at the moment |,0,,0,,,,Seattle,none at the moment,COVID-19,50 to 65 years of age,Pipeline,Pre-award,04/01/2026,06/01/2026,,,50,6235,,,,,,,,,,,,,,,,,,,,,,,,,,0,0,0,0,0,0,0,0,0,0,0,0,0,0,0,0,0,0
Seattle | none at the moment |,0,,0,,,,Seattle,none at the moment,CVOT,"18 to 75 Years (Adults, Older Adults)",Pipeline,Pre-award,07/01/2026,07/31/2027,,,122,6359,,,,,,,,,,,,,,,,,,,,,,,,,,0,0,0,0,0,0,0,0,0,0,0,0,0,0,0,0,0,0
Seattle | None at the moment |,0,,0,,,,Seattle,None at the moment,HSV,adults greater than and equal to 18 years of age,Pipeline,Pre-award,03/01/2026,08/31/2026,,,14,6381,,,,,,,,,,,,,,,,,,,,,,,,,,0,0,0,0,0,0,0,0,0,0,0,0,0,0,0,0,0,0
Seattle | none at the moment |,0,,0,,,,Seattle,none at the moment,GBS Maternal Vaccine,18 to 49 years of age,Pipeline,Pre-award,04/01/2026,08/28/2026,,,2,6453,,,,,,,,,,,,,,,,,,,,,,,,,,0,0,0,0,0,0,0,0,0,0,0,0,0,0,0,0,0,0
Seattle | none at the moment |,0,,0,,,,Seattle,none at the moment,Epstein Barr,18 to 20 years of age,Pipeline,Pre-award,07/01/2026,07/01/2027,,,50,6472,,,,,,,,,,,,,,,,,,,,,,,,,,0,0,0,0,0,0,0,0,0,0,0,0,0,0,0,0,0,0
Seattle | none at the moment |,0,,0,,,,Seattle,none at the moment,colorectal cancer (CRC),"18 to 75 Years (Adults, Older Adults)",Pipeline,Pre-award,04/30/2026,04/30/2027,,,8,6740,,,,,,,,,,,,,,,,,,,,,,,,,,0,0,0,0,0,0,0,0,0,0,0,0,0,0,0,0,0,0
Seattle | none at the moment |,0,,0,,,,Seattle,none at the moment,ST-elevation Myocardial Infarction,"18 to 75 Years (Adults, Older Adults)",Archive,CRO Not Selected,07/01/2026,12/31/2026,,,6,6984,,,,,,,,,,,,,,,,,,,,,,,,,,0,0,0,0,0,0,0,0,0,0,0,0,0,0,0,0,0,0
Seattle | none at the moment |,0,,0,,,,Seattle,none at the moment,Influenza,adults greater than and equal to 18 years of age,Pipeline,Potential,07/23/2026,11/13/2026,,,150,7130,,,,,,,,,,,,,,,,,,,,,,,,,,0,0,0,0,0,0,0,0,0,0,0,0,0,0,0,0,0,0
Seattle | none at the tmoment |,0,,0,,,,Seattle,none at the tmoment,Migraine,"18 to 75 Years (Adults, Older Adults)",Pipeline,Pre-award,02/02/2026,02/02/2027,,,10,6083,,,,,,,,,,,,,,,,,,,,,,,,,,0,0,0,0,0,0,0,0,0,0,0,0,0,0,0,0,0,0
Seattle | 221847 |,100,,,,,,Seattle,221847,COVID-19,adults greater than and equal to 18 years of age,Pipeline,On Hold/Postponed,10/01/2026,04/16/2027,,,150,5011,,,,,,,,,,,,,,,,,,,,,,,,,,0,0,0,0,0,0,0,0,0,0,0,0,0,0,0,0,0,0
Seattle | OAB71527 |,50,,18,,,,Seattle,OAB71527,Shingles,"18 to 75 Years (Adults, Older Adults)",Pipeline,FQ Submitted,03/31/2026,03/31/2027,,,155,5044,,,,,,,,,,,,,,,,,,,,,,,,,,0,0,0,0,0,0,0,0,0,0,0,0,0,0,0,0,0,0
Seattle | PAB72224 |,0,,0,,,,Seattle,PAB72224,Glabeller Lines,18 to 65 years of age,Pipeline,Pre-award,05/02/2026,05/29/2026,,,10,6113,,,,,,,,,,,,,,,,,,,,,,,,,,0,0,0,0,0,0,0,0,0,0,0,0,0,0,0,0,0,0
Seattle | PAB78438 |,0,,0,,,,Seattle,PAB78438,Type 2 Diabetes,adults greater than and equal to 18 years of age,Pipeline,Pre-award,07/01/2026,07/01/2027,,,10,6060,,,,,,,,,,,,,,,,,,,,,,,,,,0,0,0,0,0,0,0,0,0,0,0,0,0,0,0,0,0,0
Seattle | V118_24 |,113,,113,,,,Seattle,V118_24,Influenza,> 65 years of age,Maintenance,Maintenance,11/03/2025,11/30/2025,,,200,5621,,,,,,,,,,,,,,,,,,,,,,,,,,0,0,0,0,0,0,0,0,0,0,0,0,0,0,0,0,0,0
Seattle | V201_05 |,250,,0,,,,Seattle,V201_05,Influenza,18 to 49 years of age,Pipeline,On Hold/Postponed,03/01/2027,05/31/2027,,,250,4193,,,,,,,,,,,,,,,,,,,,,,,,,,0,0,0,0,0,0,0,0,0,0,0,0,0,0,0,0,0,0
Philadelphia | TRS-018 |,35,,35,,,,Philadelphia,TRS-018,Lyme,18 to 65 years of age,Enrolling,Greenlight Received,02/27/2026,06/30/2026,,,30,6973,,,,,,,,,,,,,,,,,,,,,,,,,,15,10,30,15,10,10,0,0,0,0,0,0,0,0,0,0,0,0
Shreveport  | 294110 |,10,,0,,,,Shreveport,294110,Restless Legs Syndrome,18 to 49 years of age,Pipeline,Pre-award,04/01/2026,04/01/2027,,,10,5452,,,,,,,,,,,,,,,,,,,,,,,,,,0,0,0,0,0,0,0,0,0,0,0,0,0,0,0,0,0,0
Shreveport  | BC#139082-01 |,5,,0,,,,Shreveport,BC#139082-01,Restless Legs Syndrome,"18 to 75 Years (Adults, Older Adults)",Pipeline,Pre-award,04/01/2026,06/26/2026,,,10,5428,,,,,,,,,,,,,,,,,,,,,,,,,,0,0,0,0,0,0,0,0,0,0,0,0,0,0,0,0,0,0
Shreveport  | none at the moment |,0,,0,,,,Shreveport,none at the moment,Chronic Pain,adults greater than and equal to 18 years of age,Pipeline,Pre-award,04/01/2026,04/01/2027,,,25,6449,,,,,,,,,,,,,,,,,,,,,,,,,,0,0,0,0,0,0,0,0,0,0,0,0,0,0,0,0,0,0
Shreveport  | none at the moment |,0,,0,,,,Shreveport,none at the moment,Others,adults greater than and equal to 18 years of age,Pipeline,Pre-award,01/01/2026,04/01/2027,,,8,6851,,,,,,,,,,,,,,,,,,,,,,,,,,0,0,0,0,0,0,0,0,0,0,0,0,0,0,0,0,0,0
Shreveport  | none at the moment |,0,,0,,,,Shreveport,none at the moment,Focal-Onset Seizures,17-70 years of age,Pipeline,Potential,04/01/2026,04/01/2027,,,5,7037,,,,,,,,,,,,,,,,,,,,,,,,,,0,0,0,0,0,0,0,0,0,0,0,0,0,0,0,0,0,0
Shreveport  | none at the moment |,0,,0,,,,Shreveport,none at the moment,Chronic Lower Back Pain,adults greater than and equal to 18 years of age,Pipeline,Potential,04/29/2026,07/26/2026,,,8,7077,,,,,,,,,,,,,,,,,,,,,,,,,,0,0,0,0,0,0,0,0,0,0,0,0,0,0,0,0,0,0
Shreveport  | none at the tmoment |,0,,0,,,,Shreveport,none at the tmoment,Migraine,"18 to 75 Years (Adults, Older Adults)",Pipeline,Pre-award,02/02/2026,02/02/2027,,,10,6081,,,,,,,,,,,,,,,,,,,,,,,,,,0,0,0,0,0,0,0,0,0,0,0,0,0,0,0,0,0,0
Sugarland | 1378-0021 |,4,,4,,,,Sugarland,1378-0021,Hypertension,18 to 49 years of age,Pipeline,Potential,04/01/2026,04/01/2027,,,4,4336,,,,,,,,,,,,,,,,,,,,,,,,,,0,0,0,0,0,1,0,0,0,0,0,0,0,0,0,0,0,0
Sugarland | 218130 |,150,,100,,,,Sugarland,218130,Influenza,> 65 years of age,Pipeline,PSV Completed,09/01/2026,10/29/2026,,,150,2622,,,,,,,,,,,,,,,,,,,,,,,,,,0,0,0,0,0,0,0,0,0,0,0,0,0,0,0,0,0,0
Sugarland | 218132 |,120,,90,,,,Sugarland,218132,Influenza,18 to 49 years of age,Pipeline,PSV Completed,10/01/2026,12/15/2026,,,150,2633,,,,,,,,,,,,,,,,,,,,,,,,,,0,0,0,0,0,0,0,0,0,0,0,0,0,0,0,0,0,0
Sugarland | 218139 |,200,,140,,,,Sugarland,218139,Influenza,18 to 49 years of age,Pipeline,On Hold/Postponed,04/01/2026,04/01/2027,,,200,2644,,,,,,,,,,,,,,,,,,,,,,,,,,0,0,0,0,0,0,0,0,0,0,0,0,0,0,0,0,0,0
Sugarland | 218741 |,50,,35,,,,Sugarland,218741,RSV_Flu Vaccine,18 to 49 years of age,Pipeline,On Hold/Postponed,04/01/2026,04/01/2027,,,50,3029,,,,,,,,,,,,,,,,,,,,,,,,,,0,0,0,0,0,0,0,0,0,0,0,0,0,0,0,0,0,0
Sugarland | 221847 |,200,,160,,,,Sugarland,221847,COVID-19,adults greater than and equal to 18 years of age,Pipeline,On Hold/Postponed,10/01/2026,04/16/2027,,,250,5012,,,,,,,,,,,,,,,,,,,,,,,,,,0,0,0,0,0,0,0,0,0,0,0,0,0,0,0,0,0,0
Sugarland | 289318 |,20,,0,,,,Sugarland,289318,Chronic Sinusitis,18 to 49 years of age,Pipeline,Pre-award,04/01/2026,04/01/2027,,,20,4648,,,,,,,,,,,,,,,,,,,,,,,,,,0,0,0,0,0,0,0,0,0,0,0,0,0,0,0,0,0,0
Sugarland | 80120522 |,45,,20,,,,Sugarland,80120522,Obesity,"18 to 75 Years (Adults, Older Adults)",Pipeline,Potential,04/01/2026,07/01/2026,,,45,4895,,,,,,,,,,,,,,,,,,,,,,,,,,0,0,0,0,0,0,0,0,0,0,0,0,0,0,0,0,0,0
Sugarland | AIC316-01-III-01 |,20,,0,,,,Sugarland,AIC316-01-III-01,HSV Treatment,adults greater than and equal to 18 years of age,Startup,Site Selected,05/28/2026,12/03/2026,,,4,6221,,,,,,,,,,,,,,,,,,,,,,,,,,0,0,0,0,2,2,2,1,2,2,2,2,2,1,2,1,1,1
Sugarland | ALN-AGT01-008 |,10,,5,,,,Sugarland,ALN-AGT01-008,Hypertension,18 to 49 years of age,Pipeline,FQ Submitted,05/01/2026,04/01/2027,,,20,5261,,,,,,,,,,,,,,,,,,,,,,,,,,0,0,0,1,0,0,0,0,0,1,0,0,0,1,0,0,0,0
Sugarland | BC #139639-01 |,10,,0,,,,Sugarland,BC #139639-01,UTI,adults greater than and equal to 18 years of age,Pipeline,Pre-award,04/01/2026,04/01/2027,,,10,5467,,,,,,,,,,,,,,,,,,,,,,,,,,0,0,0,0,0,0,0,0,0,0,0,0,0,0,0,0,0,0
Philadelphia | VAX31-103 |,153,,150,,,,Philadelphia,VAX31-103,Pneumococcal,18 to 49 years of age,Maintenance,Maintenance,12/01/2025,03/13/2026,,,90,2502,,,,,,,,,,,,,,,,,,,,,,,,,,0,0,0,0,0,0,0,0,0,0,0,0,0,0,0,0,0,0
Sugarland | C4931009 |,75,,60,,,,Sugarland,C4931009,Pneumococcal,adults greater than and equal to 18 years of age,Pipeline,On Hold/Postponed,04/21/2026,08/17/2026,,,212,4925,,,,,,,,,,,,,,,,,,,,,,,,,,0,0,0,0,0,0,0,0,0,0,0,0,0,0,0,0,0,0
Sugarland | C4931014 |,60,,40,,,,Sugarland,C4931014,Pneumococcal,> 65 years of age,Pipeline,On Hold/Postponed,04/03/2026,06/12/2026,,,50,4973,,,,,,,,,,,,,,,,,,,,,,,,,,0,0,0,0,0,0,0,0,0,0,0,0,0,0,0,0,0,0
Sugarland | C6271002 |,205,,173,,,,Sugarland,C6271002,Influenza,adults greater than and equal to 18 years of age,Pipeline,On Hold/Postponed,09/05/2026,10/01/2026,,,380,6147,,,,,,,,,,,,,,,,,,,,,,,,,,0,0,0,0,0,0,0,0,0,0,0,0,0,0,0,0,0,0
Sugarland | D7960C00012 |,6,,6,,,,Sugarland,D7960C00012,Dyslipidemia,adults greater than and equal to 18 years of age,Maintenance,Maintenance,06/06/2025,04/16/2027,,,50,5335,,,,,,,,,,,,,,,,,,,,,,,,,,0,0,0,0,0,0,0,0,0,0,0,0,0,0,0,0,0,0
Philadelphia | VBD00002 |,80,,64,,,,Philadelphia,VBD00002,RSV Vaccine,Elderly Adults (50+),Pipeline,On Hold/Postponed,10/02/2027,,,,100,3865,,,,,,,,,,,,,,,,,,,,,,,,,,0,0,0,0,0,0,0,0,0,0,0,0,0,0,0,0,0,0
Sugarland | D8750C00010 |,5,,4,,,,Sugarland,D8750C00010,Obesity,"18 to 75 Years (Adults, Older Adults)",Pipeline,FQ Submitted,08/01/2026,07/23/2026,,,13,6293,,,,,,,,,,,,,,,,,,,,,,,,,,0,0,0,0,0,0,0,0,0,0,0,0,0,0,0,0,0,0
Sugarland | D8750C00011 |,5,,4,,,,Sugarland,D8750C00011,Obesity,"18 to 75 Years (Adults, Older Adults)",Pipeline,FQ Submitted,08/01/2026,06/26/2026,,,13,6313,,,,,,,,,,,,,,,,,,,,,,,,,,0,0,0,0,0,0,0,0,0,0,0,0,0,0,0,0,0,0
Sugarland | D8750C00012 |,13,,10,,,,Sugarland,D8750C00012,Obesity,"18 to 75 Years (Adults, Older Adults)",Pipeline,FQ Submitted,08/01/2026,07/31/2026,,,13,6279,,,,,,,,,,,,,,,,,,,,,,,,,,0,0,0,0,0,0,0,0,0,0,0,0,0,0,0,0,0,0
Sugarland | D8750C00014 |,13,,10,,,,Sugarland,D8750C00014,Obesity,"18 to 75 Years (Adults, Older Adults)",Pipeline,FQ Submitted,08/01/2026,08/21/2026,,,13,6303,,,,,,,,,,,,,,,,,,,,,,,,,,0,0,0,0,0,0,0,0,0,0,0,0,0,0,0,0,0,0
Sugarland | ENERGI-F703-04 |,8,,5,,,,Sugarland,ENERGI-F703-04,Diabetic Foot Ulcer,adults greater than and equal to 18 years of age,Pipeline,FQ Submitted,06/01/2026,,,,8,7027,,,,,,,,,,,,,,,,,,,,,,,,,,0,0,0,0,0,0,0,0,0,0,0,0,0,0,0,0,0,0
Sugarland | ERN: 7083 |,50,,35,,,,Sugarland,ERN: 7083,COVID-19,18 to 49 years of age,Pipeline,On Hold/Postponed,04/01/2026,04/01/2027,,,50,2311,,,,,,,,,,,,,,,,,,,,,,,,,,0,0,0,0,0,0,0,0,0,0,0,0,0,0,0,0,0,0
Sugarland | MAB02735 |,120,,100,,,,Sugarland,MAB02735,RSV Vaccine,18 to 49 years of age,Pipeline,Potential,08/01/2026,08/31/2026,,,100,4201,,,,,,,,,,,,,,,,,,,,,,,,,,0,0,0,0,0,0,0,0,0,100,0,0,0,0,0,0,0,0
Sugarland | MAB39093 |,10,,7,,,,Sugarland,MAB39093,Heart Failure,18 to 49 years of age,Pipeline,Potential,04/01/2026,10/01/2028,,,10,4798,,,,,,,,,,,,,,,,,,,,,,,,,,0,0,0,0,0,0,0,0,0,0,0,0,0,0,0,0,0,0
Sugarland | MET233-097-25-202 |,N/A,,N/A,,,,N/A,N/A,N/A,N/A,N/A,N/A,N/A,N/A,,,N/A,6819,,,,,,,,,,,,,,,,,,,,,,,,,,1,0,0,1,0,0,1,0,0,0,0,1,1,0,0,0,0,0
Sugarland | mRNA-1083-P303 |,50,,40,,,,Sugarland,mRNA-1083-P303,Combined Covid + Influenza Vaccine,"18 to 75 Years (Adults, Older Adults)",Archive,Canceled,02/01/2026,02/01/2027,,,50,4626,,,,,,,,,,,,,,,,,,,,,,,,,,0,0,0,0,0,0,0,0,0,0,0,0,0,0,0,0,0,0
Sugarland | mRNA-1189-P301 |,15,,12,,,,Sugarland,mRNA-1189-P301,Epstein Barr,Teenage (12 to 17),Pipeline,Potential,04/01/2026,04/01/2027,,,15,2845,,,,,,,,,,,,,,,,,,,,,,,,,,0,0,0,1,0,1,0,1,0,1,0,1,0,1,0,1,0,1
Sugarland | VAX31-103 |,153,,150,,,,Sugarland,VAX31-103,Pneumococcal,18 to 49 years of age,Maintenance,Maintenance,12/01/2025,03/13/2026,,,90,2505,,,,,,,,,,,,,,,,,,,,,,,,,,0,0,0,0,0,0,0,0,0,0,0,0,0,0,0,0,0,0
Sugarland | mRNA-1283-P301 | Part 2,200,,100,,,,Sugarland,mRNA-1283-P301,COVID-19,18 to 49 years of age,Pipeline,On Hold/Postponed,01/01/2026,01/01/2027,,,200,2947,,,,,,,,,,,,,,,,,,,,,,,,,,0,0,0,0,0,0,0,0,0,0,0,0,0,0,0,0,0,0
Sugarland | mRNA-1403-P301 | Additional Cohort,87,,52,,,,Sugarland,mRNA-1403-P301,Norovirus,> 60 years of age,Maintenance,Maintenance,11/26/2025,01/28/2026,,,87,6879,,,,,,,,,,,,,,,,,,,,,,,,,,0,0,0,0,0,0,0,0,0,0,0,0,0,0,0,0,0,0
Sugarland | mRNA-1468-P301 |,150,,120,,,,Sugarland,mRNA-1468-P301,Herpes Zoster,Elderly Adults (50+),Pipeline,On Hold/Postponed,06/01/2026,06/01/2027,,,150,2490,,,,,,,,,,,,,,,,,,,,,,,,,,0,0,0,0,0,0,0,0,0,0,0,0,0,0,0,0,0,0
Sugarland | No information |,10,,0,,,,Sugarland,No information,Obesity,18 to 49 years of age,Pipeline,On Hold/Postponed,01/02/2026,01/02/2027,,,10,5234,,,,,,,,,,,,,,,,,,,,,,,,,,0,0,0,0,0,0,0,0,0,0,0,0,0,0,0,0,0,0
Sugarland | No information |,50,,0,,,,Sugarland,No information,Obesity,18 to 49 years of age,Pipeline,Pre-award,01/05/2026,01/05/2027,,,50,5170,,,,,,,,,,,,,,,,,,,,,,,,,,0,0,0,0,0,0,0,0,0,0,0,0,0,0,0,0,0,0
Sugarland | No information |,50,,0,,,,Sugarland,No information,Obesity,18 to 49 years of age,Pipeline,Pre-award,01/05/2026,01/05/2027,,,50,5173,,,,,,,,,,,,,,,,,,,,,,,,,,0,0,0,0,0,0,0,0,0,0,0,0,0,0,0,0,0,0
Sugarland | No information |,50,,0,,,,Sugarland,No information,Obesity,18 to 49 years of age,Pipeline,Pre-award,01/05/2026,01/05/2027,,,50,5178,,,,,,,,,,,,,,,,,,,,,,,,,,0,0,0,0,0,0,0,0,0,0,0,0,0,0,0,0,0,0
Sugarland | No information |,50,,0,,,,Sugarland,No information,Obesity,18 to 49 years of age,Pipeline,Pre-award,01/01/2026,01/01/2027,,,50,5181,,,,,,,,,,,,,,,,,,,,,,,,,,0,0,0,0,0,0,0,0,0,0,0,0,0,0,0,0,0,0
Sugarland | No information |,50,,0,,,,Sugarland,No information,Obesity,18 to 49 years of age,Pipeline,Pre-award,01/05/2026,02/03/2027,,,50,5184,,,,,,,,,,,,,,,,,,,,,,,,,,0,0,0,0,0,0,0,0,0,0,0,0,0,0,0,0,0,0
Sugarland | No information |,50,,0,,,,Sugarland,No information,Obesity,18 to 49 years of age,Pipeline,Pre-award,01/05/2026,02/03/2027,,,50,5187,,,,,,,,,,,,,,,,,,,,,,,,,,0,0,0,0,0,0,0,0,0,0,0,0,0,0,0,0,0,0
Sugarland | No information |,50,,0,,,,Sugarland,No information,Obesity,18 to 49 years of age,Pipeline,Pre-award,01/05/2026,01/05/2027,,,50,5190,,,,,,,,,,,,,,,,,,,,,,,,,,0,0,0,0,0,0,0,0,0,0,0,0,0,0,0,0,0,0
Sugarland | No information |,50,,0,,,,Sugarland,No information,Obesity,18 to 49 years of age,Pipeline,Pre-award,01/05/2026,01/05/2027,,,50,5193,,,,,,,,,,,,,,,,,,,,,,,,,,0,0,0,0,0,0,0,0,0,0,0,0,0,0,0,0,0,0
Sugarland | No information |,50,,0,,,,Sugarland,No information,Obesity,18 to 49 years of age,Pipeline,Pre-award,01/05/2026,01/05/2027,,,50,5197,,,,,,,,,,,,,,,,,,,,,,,,,,0,0,0,0,0,0,0,0,0,0,0,0,0,0,0,0,0,0
Sugarland | No information |,50,,0,,,,Sugarland,No information,Obesity,18 to 49 years of age,Pipeline,Pre-award,01/05/2026,01/05/2027,,,50,5199,,,,,,,,,,,,,,,,,,,,,,,,,,0,0,0,0,0,0,0,0,0,0,0,0,0,0,0,0,0,0
Sugarland | No information |,50,,0,,,,Sugarland,No information,Obesity,18 to 49 years of age,Pipeline,Pre-award,01/05/2026,01/05/2027,,,50,5202,,,,,,,,,,,,,,,,,,,,,,,,,,0,0,0,0,0,0,0,0,0,0,0,0,0,0,0,0,0,0
Sugarland | No information |,50,,0,,,,Sugarland,No information,Obesity,18 to 49 years of age,Pipeline,Pre-award,01/05/2026,01/05/2027,,,50,5206,,,,,,,,,,,,,,,,,,,,,,,,,,0,0,0,0,0,0,0,0,0,0,0,0,0,0,0,0,0,0
Sugarland | No information |,30,,0,,,,Sugarland,No information,Obesity,18 to 49 years of age,Pipeline,Pre-award,01/05/2026,01/05/2027,,,50,5359,,,,,,,,,,,,,,,,,,,,,,,,,,0,0,0,0,0,0,0,0,0,0,0,0,0,0,0,0,0,0
Sugarland | none at the moment |,0,,0,,,,Sugarland,none at the moment,Chronic Lower Back Pain,adults greater than and equal to 18 years of age,Pipeline,Potential,04/29/2026,07/26/2026,,,8,7078,,,,,,,,,,,,,,,,,,,,,,,,,,0,0,0,0,0,0,0,0,0,0,0,0,0,0,0,0,0,0
Sugarland | none at the moment |,0,,0,,,,Sugarland,none at the moment,colorectal cancer (CRC),"18 to 75 Years (Adults, Older Adults)",Pipeline,Pre-award,04/30/2026,04/30/2027,,,8,6741,,,,,,,,,,,,,,,,,,,,,,,,,,0,0,0,0,0,0,0,0,0,0,0,0,0,0,0,0,0,0
Sugarland | None at the moment |,0,,0,,,,Sugarland,None at the moment,COVID-19,"18 to 75 Years (Adults, Older Adults)",Pipeline,Pre-award,03/01/2026,03/01/2027,,,10,5719,,,,,,,,,,,,,,,,,,,,,,,,,,0,0,0,0,0,0,0,0,0,0,0,0,0,0,0,0,0,0
Sugarland | None at the moment |,0,,0,,,,Sugarland,None at the moment,COVID-19,> 65 years of age,Pipeline,Pre-award,09/01/2026,09/01/2027,,,15,5762,,,,,,,,,,,,,,,,,,,,,,,,,,0,0,0,0,0,0,0,0,0,0,0,0,0,0,0,0,0,0
Sugarland | none at the moment |,0,,0,,,,Sugarland,none at the moment,COVID-19,50 to 65 years of age,Pipeline,Pre-award,04/01/2026,06/01/2026,,,50,6232,,,,,,,,,,,,,,,,,,,,,,,,,,0,0,0,0,0,0,0,0,0,0,0,0,0,0,0,0,0,0
Sugarland | none at the moment |,0,,0,,,,Sugarland,none at the moment,CVOT,"18 to 75 Years (Adults, Older Adults)",Pipeline,Pre-award,07/01/2026,07/31/2027,,,125,6367,,,,,,,,,,,,,,,,,,,,,,,,,,0,0,0,0,0,0,0,0,0,0,0,0,0,0,0,0,0,0
Sugarland | none at the moment |,0,,0,,,,Sugarland,none at the moment,Epstein Barr,18 to 20 years of age,Pipeline,Pre-award,07/01/2026,07/01/2027,,,50,6461,,,,,,,,,,,,,,,,,,,,,,,,,,0,0,0,0,0,0,0,0,0,0,0,0,0,0,0,0,0,0
Sugarland | none at the moment |,0,,0,,,,Sugarland,none at the moment,Erectile Dysfunction,"18 to 75 Years (Adults, Older Adults)",Pipeline,Pre-award,01/01/2026,07/31/2026,,,15,6207,,,,,,,,,,,,,,,,,,,,,,,,,,0,0,0,0,0,0,0,0,0,0,0,0,0,0,0,0,0,0
Sugarland | none at the moment |,0,,0,,,,Sugarland,none at the moment,Food Allergy,4 to <56 years of age,Pipeline,Pre-award,01/01/2026,11/01/2026,,,10,6018,,,,,,,,,,,,,,,,,,,,,,,,,,0,0,0,0,0,0,0,0,0,0,0,0,0,0,0,0,0,0
Sugarland | None at the moment |,0,,0,,,,Sugarland,None at the moment,Herpes Zoster,"18 to 75 Years (Adults, Older Adults)",Pipeline,Pre-award,04/01/2026,04/01/2027,,,10,5818,,,,,,,,,,,,,,,,,,,,,,,,,,0,0,0,0,0,0,0,0,0,0,0,0,0,0,0,0,0,0
Sugarland | none at the moment |,0,,0,,,,Sugarland,none at the moment,HSV,adults greater than and equal to 18 years of age,Pipeline,Pre-award,04/01/2026,04/01/2027,,,10,6182,,,,,,,,,,,,,,,,,,,,,,,,,,0,0,0,0,0,0,0,0,0,0,0,0,0,0,0,0,0,0
Sugarland | None at the moment |,0,,0,,,,Sugarland,None at the moment,HSV,adults greater than and equal to 18 years of age,Pipeline,Pre-award,03/01/2026,08/31/2026,,,15,6382,,,,,,,,,,,,,,,,,,,,,,,,,,0,0,0,0,0,0,0,0,0,0,0,0,0,0,0,0,0,0
Sugarland | none at the moment |,0,,0,,,,Sugarland,none at the moment,Influenza,adults greater than and equal to 18 years of age,Pipeline,Potential,07/23/2026,11/13/2026,,,200,7131,,,,,,,,,,,,,,,,,,,,,,,,,,0,0,0,0,0,0,0,0,0,0,0,0,0,0,0,0,0,0
Sugarland | none at the moment |,0,,0,,,,Sugarland,none at the moment,Obesity,adults greater than and equal to 18 years of age,Archive,DM Declined,05/02/2026,02/01/2027,,,8,7053,,,,,,,,,,,,,,,,,,,,,,,,,,0,0,0,0,0,0,0,0,0,0,0,0,0,0,0,0,0,0
Sugarland | None at the moment |,0,,0,,,,Sugarland,None at the moment,Obesity,"18 to 75 Years (Adults, Older Adults)",Pipeline,Pre-award,01/01/2026,01/01/2027,,,8,5789,,,,,,,,,,,,,,,,,,,,,,,,,,0,0,0,0,0,0,0,0,0,0,0,0,0,0,0,0,0,0
Sugarland | none at the moment |,0,,0,,,,Sugarland,none at the moment,Obesity,"18 to 75 Years (Adults, Older Adults)",Pipeline,Pre-award,01/06/2026,01/06/2027,,,15,6412,,,,,,,,,,,,,,,,,,,,,,,,,,0,0,0,0,0,0,0,0,0,0,0,0,0,0,0,0,0,0
Sugarland | none at the moment |,0,,0,,,,Sugarland,none at the moment,Obesity,adults greater than and equal to 18 years of age,Pipeline,Pre-award,05/01/2026,05/01/2027,,,50,6859,,,,,,,,,,,,,,,,,,,,,,,,,,0,0,0,0,0,0,0,0,0,0,0,0,0,0,0,0,0,0
Sugarland | None at the moment |,0,,0,,,,Sugarland,None at the moment,Plague,18 to 55 years of age,Pipeline,Pre-award,01/01/2026,01/01/2027,,,10,5829,,,,,,,,,,,,,,,,,,,,,,,,,,0,0,0,0,0,0,0,0,0,0,0,0,0,0,0,0,0,0
Sugarland | none at the moment |,0,,0,,,,Sugarland,none at the moment,Pneumococcal,50 to 80 years of age,Pipeline,Pre-award,03/01/2026,05/31/2026,,,75,5980,,,,,,,,,,,,,,,,,,,,,,,,,,0,0,0,0,0,0,0,0,0,0,0,0,0,0,0,0,0,0
Sugarland | none at the moment |,0,,0,,,,Sugarland,none at the moment,ST-elevation Myocardial Infarction,"18 to 75 Years (Adults, Older Adults)",Archive,CRO Not Selected,07/01/2026,12/31/2026,,,7,6985,,,,,,,,,,,,,,,,,,,,,,,,,,0,0,0,0,0,0,0,0,0,0,0,0,0,0,0,0,0,0
Sugarland | None at the moment |,0,,0,,,,Sugarland,None at the moment,Type 2 Diabetes,"18 to 75 Years (Adults, Older Adults)",Pipeline,Pre-award,04/01/2026,04/01/2027,,,8,5824,,,,,,,,,,,,,,,,,,,,,,,,,,0,0,0,0,0,0,0,0,0,0,0,0,0,0,0,0,0,0
Sugarland | OAB71527 |,50,,18,,,,Sugarland,OAB71527,Shingles,"18 to 75 Years (Adults, Older Adults)",Pipeline,FQ Submitted,03/31/2026,03/31/2027,,,200,5043,,,,,,,,,,,,,,,,,,,,,,,,,,0,0,0,0,0,0,0,0,0,0,0,0,0,0,0,0,0,0
Sugarland | PAB72224 |,0,,0,,,,Sugarland,PAB72224,Glabeller Lines,18 to 65 years of age,Pipeline,Pre-award,05/02/2026,05/29/2026,,,10,6114,,,,,,,,,,,,,,,,,,,,,,,,,,0,0,0,0,0,0,0,0,0,0,0,0,0,0,0,0,0,0
Sugarland | PAB78438 |,0,,0,,,,Sugarland,PAB78438,Type 2 Diabetes,adults greater than and equal to 18 years of age,Pipeline,Pre-award,07/01/2026,07/01/2027,,,10,6057,,,,,,,,,,,,,,,,,,,,,,,,,,0,0,0,0,0,0,0,0,0,0,0,0,0,0,0,0,0,0
Sugarland | RIV-HU6-2203 |,10,,7,,,,Sugarland,RIV-HU6-2203,Obesity,"18 to 75 Years (Adults, Older Adults)",Pipeline,On Hold/Postponed,04/01/2026,07/01/2026,,,10,5247,,,,,,,,,,,,,,,,,,,,,,,,,,0,0,0,0,0,0,0,0,0,0,0,0,0,0,0,0,0,0
Sugarland | Steel-101 |,7,,4,,,,Sugarland,Steel-101,SAD/MAD,"18 to 75 Years (Adults, Older Adults)",Pipeline,Potential,04/01/2026,04/01/2027,,,10,5626,,,,,,,,,,,,,,,,,,,,,,,,,,0,0,0,0,0,0,0,0,0,0,0,0,0,0,0,0,0,0
Sugarland | US-EPS-24070 |,12,,7,,,,Sugarland,US-EPS-24070,Obesity,"18 to 75 Years (Adults, Older Adults)",Pipeline,Potential,04/01/2026,07/28/2026,,,12,4619,,,,,,,,,,,,,,,,,,,,,,,,,,0,0,0,0,0,0,0,0,0,0,0,0,0,0,0,0,0,0
Sugarland | V118_24 |,113,,113,,,,Sugarland,V118_24,Influenza,> 65 years of age,Maintenance,Maintenance,11/03/2025,11/30/2025,,,250,5618,,,,,,,,,,,,,,,,,,,,,,,,,,0,0,0,0,0,0,0,0,0,0,0,0,0,0,0,0,0,0
Sugarland | V201_05 |,250,,0,,,,Sugarland,V201_05,Influenza,18 to 49 years of age,Pipeline,On Hold/Postponed,03/01/2027,05/31/2027,,,250,2126,,,,,,,,,,,,,,,,,,,,,,,,,,0,0,0,0,0,0,0,0,0,0,0,0,0,0,0,0,0,0
Philadelphia | VYD2311-PREV-002 |,125,,77,,,,Philadelphia,VYD2311-PREV-002,COVID-19,12 years of age and older,Startup,SIV Completed,01/16/2026,03/03/2026,,,121,6912,,,,,,,,,,,,,,,,,,,,,,,,,,40,10,0,0,0,0,0,0,0,0,0,0,0,0,0,0,0,0
Sugarland | VAX31-104 |,60,,48,,,,Sugarland,VAX31-104,Pneumococcal,18 to 49 years of age,Pipeline,Potential,04/01/2026,04/01/2027,,,60,2516,,,,,,,,,,,,,,,,,,,,,,,,,,0,0,0,4,0,4,0,3,0,5,0,3,0,5,0,3,0,4
Phoenix | D7265C00001 |,N/A,,N/A,,,,N/A,N/A,N/A,N/A,N/A,N/A,N/A,N/A,,,N/A,7137,,,,,,,,,,,,,,,,,,,,,,,,,,0,0,0,0,0,0,0,0,0,0,0,0,0,0,0,0,0,0
Phoenix | EXPD-101-201 |,4,,4,,,,Phoenix,EXPD-101-201,COPD,,Startup,Site Selected,05/01/2026,03/02/2027,,,4,7274,,,,,,,,,,,,,,,,,,,,,,,,,,0,0,0,0,3,1,3,1,1,1,0,0,0,0,0,0,0,0
Sugarland Neurology | none at the moment |,0,,0,,,,Sugarland Neurology,none at the moment,Alzheimer's Disease,50 to 80 years of age,Pipeline,Potential,04/01/2026,04/01/2027,,,8,6867,,,,,,,,,,,,,,,,,,,,,,,,,,0,0,0,0,0,0,0,0,0,0,0,0,0,0,0,0,0,0
Sugarland Neurology | none at the moment |,0,,0,,,,Sugarland Neurology,none at the moment,Alzheimer's Disease,50 to 80 years of age,Pipeline,Pre-award,01/01/2026,01/01/2027,,,8,6829,,,,,,,,,,,,,,,,,,,,,,,,,,0,0,0,0,0,0,0,0,0,0,0,0,0,0,0,0,0,0
Sugarland Neurology | none at the moment |,0,,0,,,,Sugarland Neurology,none at the moment,Chronic Lower Back Pain,adults greater than and equal to 18 years of age,Pipeline,Potential,04/29/2026,07/26/2026,,,8,7076,,,,,,,,,,,,,,,,,,,,,,,,,,0,0,0,0,0,0,0,0,0,0,0,0,0,0,0,0,0,0
Sugarland Neurology | none at the moment |,0,,0,,,,Sugarland Neurology,none at the moment,Chronic Pain,adults greater than and equal to 18 years of age,Pipeline,Pre-award,04/01/2026,04/01/2027,,,20,6448,,,,,,,,,,,,,,,,,,,,,,,,,,0,0,0,0,0,0,0,0,0,0,0,0,0,0,0,0,0,0
Sugarland Neurology | none at the moment |,0,,0,,,,Sugarland Neurology,none at the moment,Dementia,adults greater than and equal to 18 years of age,Pipeline,Potential,04/01/2026,04/01/2027,,,8,7019,,,,,,,,,,,,,,,,,,,,,,,,,,0,0,0,0,0,0,0,0,0,0,0,0,0,0,0,0,0,0
Sugarland Neurology | none at the moment |,0,,0,,,,Sugarland Neurology,none at the moment,Others,adults greater than and equal to 18 years of age,Pipeline,Pre-award,01/01/2026,04/01/2027,,,8,6852,,,,,,,,,,,,,,,,,,,,,,,,,,0,0,0,0,0,0,0,0,0,0,0,0,0,0,0,0,0,0
Sugarland Neurology | none at the moment |,0,,0,,,,Sugarland Neurology,none at the moment,Parkinson Disease,30-80 years of age,Pipeline,Pre-award,04/01/2026,07/28/2027,,,8,6451,,,,,,,,,,,,,,,,,,,,,,,,,,0,0,0,0,0,0,0,0,0,0,0,0,0,0,0,0,0,0
Sugarland Neurology | none at the tmoment |,0,,0,,,,Sugarland Neurology,none at the tmoment,Migraine,"18 to 75 Years (Adults, Older Adults)",Pipeline,Pre-award,02/02/2026,02/02/2027,,,10,6079,,,,,,,,,,,,,,,,,,,,,,,,,,0,0,0,0,0,0,0,0,0,0,0,0,0,0,0,0,0,0
Sugarland Neurology | VX24-548-111 |,8,,4,,,,Sugarland Neurology,VX24-548-111,Diabetic Neuropathy,adults greater than and equal to 18 years of age,Archive,Not Selected,04/22/2026,04/23/2027,,,8,6941,,,,,,,,,,,,,,,,,,,,,,,,,,0,0,0,0,0,0,0,0,0,0,0,0,0,0,0,0,0,0
Sugarland Neurology | VX25-AIS-301 |,8,,5,,,,Sugarland Neurology,VX25-AIS-301,Graves Diseases,18-80 years of age,Pipeline,Backup Site,05/02/2026,07/16/2026,,,8,7082,,,,,,,,,,,,,,,,,,,,,,,,,,0,0,0,0,0,0,0,0,0,0,0,0,0,0,0,0,0,0
Tomball | 20230219 |,3,,2,,,,Tomball,20230219,Gout,adults greater than and equal to 18 years of age,Archive,Not Selected,03/17/2026,06/17/2027,,,3,6847,,,,,,,,,,,,,,,,,,,,,,,,,,0,0,0,0,0,0,0,0,0,0,0,0,0,0,0,0,0,0
Tomball | 218139 |,200,,140,,,,Tomball,218139,Influenza,18 to 49 years of age,Pipeline,On Hold/Postponed,04/01/2026,04/01/2027,,,200,2645,,,,,,,,,,,,,,,,,,,,,,,,,,0,0,0,0,0,0,0,0,0,0,0,0,0,0,0,0,0,0
Tomball | 218741 |,50,,35,,,,Tomball,218741,RSV_Flu Vaccine,18 to 49 years of age,Pipeline,On Hold/Postponed,04/01/2026,04/01/2027,,,50,3030,,,,,,,,,,,,,,,,,,,,,,,,,,0,0,0,0,0,0,0,0,0,0,0,0,0,0,0,0,0,0
Tomball | 221847 |,200,,160,,,,Tomball,221847,COVID-19,adults greater than and equal to 18 years of age,Pipeline,On Hold/Postponed,10/01/2026,04/16/2027,,,250,5013,,,,,,,,,,,,,,,,,,,,,,,,,,0,0,0,0,0,0,0,0,0,0,0,0,0,0,0,0,0,0
Tomball | 222422 |,8,,5,,,,Tomball,222422,Chronic Sinusitis,adults greater than and equal to 18 years of age,Pipeline,Potential,04/01/2026,04/01/2027,,,8,7031,,,,,,,,,,,,,,,,,,,,,,,,,,0,0,0,0,0,0,0,0,0,0,0,0,0,0,0,0,0,0
Tomball | EXPD-101-201 |,4,,4,,,,Tomball,EXPD-101-201,COPD,,Startup,Site Selected,03/30/2026,02/10/2027,,,4,7277,,,,,,,,,,,,,,,,,,,,,,,,,,0,0,0,0,3,1,3,1,1,1,0,0,0,0,0,0,0,0
Tomball | 283133 |,10,,10,,,,Tomball,283133,COPD,40 to 80 years of age (inclusive),Pipeline,Potential,04/01/2026,04/01/2028,,,10,4545,,,,,,,,,,,,,,,,,,,,,,,,,,0,0,0,1,0,1,0,0,0,1,0,0,0,1,0,1,0,0
Tomball | 286706 |,10,,8,,,,Tomball,286706,COPD,18 to 49 years of age,Pipeline,Potential,10/12/2026,10/01/2027,,,10,3765,,,,,,,,,,,,,,,,,,,,,,,,,,0,0,0,0,0,0,0,0,0,0,0,0,0,0,0,0,0,0
Phoenix | K9531-3104 (PAB77690) |,11,,5,,,,Phoenix,K9531-3104 (PAB77690),Obesity,"18 to 75 Years (Adults, Older Adults)",Enrolling,Screening only,01/30/2026,10/12/2026,,,25,6422,,,,,,,,,,,,,,,,,,,,,,,,,,2,0,5,2,1,0,0,0,0,0,0,0,0,0,0,0,0,0
Phoenix | VBD00002 |,80,,64,,,,Phoenix,VBD00002,RSV Vaccine,Elderly Adults (50+),Pipeline,On Hold/Postponed,10/02/2027,,,,80,3864,,,,,,,,,,,,,,,,,,,,,,,,,,0,0,0,0,0,0,0,0,0,0,0,0,0,0,0,0,0,0
Tomball | 306938 |,105,,80,,,,Tomball,306938,Influenza,Elderly Adults (50+),Archive,Not Selected,04/29/2026,06/28/2026,,,105,7097,,,,,,,,,,,,,,,,,,,,,,,,,,0,0,0,0,0,0,0,0,0,0,0,0,0,0,0,0,0,0
Tomball | 777806 |,10,,0,,,,Tomball,777806,Diabetic Neuropathy,18 to 49 years of age,Pipeline,Pre-award,04/01/2026,04/01/2027,,,10,4746,,,,,,,,,,,,,,,,,,,,,,,,,,0,0,0,0,0,0,0,0,0,0,0,0,0,0,0,0,0,0
Tomball | 80120522 |,45,,20,,,,Tomball,80120522,Obesity,"18 to 75 Years (Adults, Older Adults)",Pipeline,Potential,04/01/2026,07/01/2026,,,45,4896,,,,,,,,,,,,,,,,,,,,,,,,,,0,0,0,0,0,0,0,0,0,0,0,0,0,0,0,0,0,0
FSS | FUZ-CT-001 |,40,,40,,,,FSS,FUZ-CT-001,Obesity,18 to 65 years of age,Startup,Site Selected,05/15/2026,05/31/2026,,,40,7515,,,,,,,,,,,,,,,,,,,,,,,,,,0,0,0,0,20,20,20,20,0,0,0,0,0,0,0,0,0,0
Tomball | ALN-AGT01-008 |,10,,5,,,,Tomball,ALN-AGT01-008,Hypertension,18 to 49 years of age,Pipeline,FQ Submitted,05/01/2026,04/01/2027,,,20,5262,,,,,,,,,,,,,,,,,,,,,,,,,,0,0,0,1,0,0,0,0,0,1,0,0,0,1,0,0,0,0
Tomball | BC #139639-01 |,10,,0,,,,Tomball,BC #139639-01,UTI,adults greater than and equal to 18 years of age,Pipeline,Pre-award,04/01/2026,04/01/2027,,,10,5468,,,,,,,,,,,,,,,,,,,,,,,,,,0,0,0,0,0,0,0,0,0,0,0,0,0,0,0,0,0,0
Tomball | BC#128160-04 |,7,,4,,,,Tomball,BC#128160-04,COPD,40 to 80 years of age (inclusive),Pipeline,Potential,04/01/2026,04/01/2027,,,10,5325,,,,,,,,,,,,,,,,,,,,,,,,,,0,0,0,0,0,0,0,0,0,0,0,0,0,0,0,0,0,0
Tomball | BC#136259-01 | Study 3,5,,5,,,,Tomball,BC#136259-01,Pneumococcal,"Healthy Toddlers, Children & Adolescents",Archive,CRO Not Selected,04/01/2026,01/30/2027,,,5,4612,,,,,,,,,,,,,,,,,,,,,,,,,,0,0,0,0,0,0,0,0,0,0,0,0,0,0,0,0,0,0
Tomball | BC#137663-01 |,10,,7,,,,Tomball,BC#137663-01,Graves Diseases,18 to 49 years of age,Pipeline,Potential,04/03/2026,04/03/2027,,,10,4889,,,,,,,,,,,,,,,,,,,,,,,,,,0,0,0,0,0,0,0,0,0,0,0,0,0,0,0,0,0,0
Tomball | BC#139082-01 |,10,,0,,,,Tomball,BC#139082-01,Restless Legs Syndrome,"18 to 75 Years (Adults, Older Adults)",Pipeline,Pre-award,04/01/2026,06/26/2026,,,10,5426,,,,,,,,,,,,,,,,,,,,,,,,,,0,0,0,0,0,0,0,0,0,0,0,0,0,0,0,0,0,0
Tomball | BHV1300-301 |,2,,1,,,,Tomball,BHV1300-301,No Information,18 to 65 years of age,Pipeline,FQ Submitted,04/30/2026,04/30/2027,,,2,6963,,,,,,,,,,,,,,,,,,,,,,,,,,0,0,0,0,0,0,0,0,0,0,0,0,0,0,0,0,0,0
Tomball | BHV1300-302 |,2,,1,,,,Tomball,BHV1300-302,No Information,18 to 65 years of age,Pipeline,FQ Submitted,05/02/2026,02/02/2027,,,2,6965,,,,,,,,,,,,,,,,,,,,,,,,,,0,0,0,0,0,0,0,0,0,0,0,0,0,0,0,0,0,0
Detroit | FYU-981-CRYS-201 |,2,,0,,,,Detroit,FYU-981-CRYS-201,Gout,"18 to 75 Years (Adults, Older Adults)",Archive,Not Adding Sites,04/30/2026,11/30/2026,,,2,7542,,,,,,,,,,,,,,,,,,,,,,,,,,0,0,1,0,1,0,0,0,0,0,0,0,0,0,0,0,0,0
Rheumatology Clinic of Houston | SPY002-072-201 | axSpA Substudy,2,,1,,,,Rheumatology Clinic of Houston,SPY002-072-201,Rheumatoid Arthritis,"18 to 75 Years (Adults, Older Adults)",Enrolling,Greenlight Received,08/18/2025,05/29/2026,,,2,5794,,,,,,,,,,,,,,,,,,,,,,,,,,0,0,0,0,0,0,0,0,1,0,1,1,0,0,0,0,0,0
Tomball | C4931009 |,75,,60,,,,Tomball,C4931009,Pneumococcal,adults greater than and equal to 18 years of age,Pipeline,On Hold/Postponed,04/21/2026,08/17/2026,,,212,4930,,,,,,,,,,,,,,,,,,,,,,,,,,0,0,0,0,0,0,0,0,0,0,0,0,0,0,0,0,0,0
Tomball | C4931014 |,60,,40,,,,Tomball,C4931014,Pneumococcal,> 65 years of age,Pipeline,On Hold/Postponed,04/03/2026,06/12/2026,,,50,4974,,,,,,,,,,,,,,,,,,,,,,,,,,0,0,0,0,0,0,0,0,0,0,0,0,0,0,0,0,0,0
Rheumatology Clinic of Houston | SPY002-072-201 | PsA Substudy,15,,2,,,,Rheumatology Clinic of Houston,SPY002-072-201,Rheumatoid Arthritis,"18 to 75 Years (Adults, Older Adults)",Enrolling,Enrolling,08/18/2025,05/29/2026,,,3,5795,,,,,,,,,,,,,,,,,,,,,,,,,,0,0,1,1,0,0,0,0,0,0,0,0,0,0,0,0,0,0
Tomball | C4931020 | Sentinel Cohort,15,,8,,,,Tomball,C4931020,Pneumococcal,≥ 65 to < 85 years of age,Archive,Not Selected,05/02/2026,02/21/2026,,,15,5629,,,,,,,,,,,,,,,,,,,,,,,,,,0,0,0,0,0,0,0,0,0,0,0,0,0,0,0,0,0,0
Tomball | C6271002 |,205,,173,,,,Tomball,C6271002,Influenza,adults greater than and equal to 18 years of age,Pipeline,On Hold/Postponed,09/05/2026,10/01/2026,,,350,6148,,,,,,,,,,,,,,,,,,,,,,,,,,0,0,0,0,0,0,0,0,0,0,0,0,0,0,0,0,0,0
Rheumatology Clinic of Houston | SPY002-072-201 | RA Substudy,3,,2,,,,Rheumatology Clinic of Houston,SPY002-072-201,Rheumatoid Arthritis,"18 to 75 Years (Adults, Older Adults)",Maintenance,Maintenance,08/18/2025,05/29/2026,,,3,5793,,,,,,,,,,,,,,,,,,,,,,,,,,0,0,0,0,0,0,0,0,0,0,0,0,0,0,0,0,0,0
Tomball | FYU-981-CRYS-201 |,5,,2,,,,Tomball,FYU-981-CRYS-201,Gout,"18 to 75 Years (Adults, Older Adults)",Startup,SIV Completed,04/30/2026,11/30/2026,,,2,7451,,,,,,,,,,,,,,,,,,,,,,,,,,0,0,1,0,1,1,1,1,1,0,1,0,0,0,0,0,0,0
Tomball | CIN-102-124 |,2,,1,,,,Tomball,CIN-102-124,Idiopathic Gastroparesis,"18 to 75 Years (Adults, Older Adults)",Pipeline,FQ Submitted,04/30/2026,05/01/2027,,,2,5733,,,,,,,,,,,,,,,,,,,,,,,,,,0,0,0,0,0,0,0,0,0,0,0,0,0,0,0,0,0,0
Tomball | CLI-10196AA1-02 |,8,,6,,,,Tomball,CLI-10196AA1-02,Bronchiectasis,12 years of age and older,Pipeline,Potential,08/02/2026,08/02/2027,,,8,7110,,,,,,,,,,,,,,,,,,,,,,,,,,0,0,0,0,0,0,0,0,0,0,0,0,0,0,0,0,0,0
Tomball | CRC-US-003 |,8,,5,,,,Tomball,CRC-US-003,colorectal cancer (CRC),> 45 years of age,Pipeline,On Hold/Postponed,01/27/2026,12/01/2026,,,8,6424,,,,,,,,,,,,,,,,,,,,,,,,,,0,0,0,0,0,0,0,0,0,0,0,0,0,0,0,0,0,0
Tomball | CV2 SARS-COV2-014/123336-01/220749 |,40,,20,,,,Tomball,CV2 SARS-COV2-014/123336-01/220749,COVID-19,18 to 49 years of age,Pipeline,On Hold/Postponed,01/01/2026,06/01/2026,,,40,2725,,,,,,,,,,,,,,,,,,,,,,,,,,0,0,0,0,0,0,0,0,0,0,0,0,0,0,0,0,0,0
Tomball | D4326C00006 |,3,,1,,,,Tomball,D4326C00006,Liver Cirrhosis,"18 to 75 Years (Adults, Older Adults)",Pipeline,FQ Submitted,04/30/2026,08/28/2027,,,3,5746,,,,,,,,,,,,,,,,,,,,,,,,,,0,0,0,0,0,0,0,0,0,0,0,0,0,0,0,0,0,0
Tomball | D4326C00007 |,3,,1,,,,Tomball,D4326C00007,Liver Cirrhosis,"18 to 75 Years (Adults, Older Adults)",Pipeline,FQ Submitted,04/30/2026,08/28/2027,,,3,5747,,,,,,,,,,,,,,,,,,,,,,,,,,0,0,0,0,0,0,0,0,0,0,0,0,0,0,0,0,0,0
Tomball | D6405C00001 |,10,,7,,,,Tomball,D6405C00001,Chronic Kidney Disease,"18 to 75 Years (Adults, Older Adults)",Pipeline,On Hold/Postponed,04/27/2026,04/27/2027,,,20,5726,,,,,,,,,,,,,,,,,,,,,,,,,,0,0,0,0,0,0,0,0,0,0,0,0,0,0,0,0,0,0
Tomball | D7266C00001 |,13,,10,,,,Tomball,D7266C00001,CVOT,adults greater than and equal to 18 years of age,Pipeline,FQ Submitted,07/06/2026,03/15/2027,,,13,6998,,,,,,,,,,,,,,,,,,,,,,,,,,0,0,0,0,0,0,0,0,0,0,0,0,0,0,0,0,0,0
Tomball | D8750C00010 |,5,,4,,,,Tomball,D8750C00010,Obesity,"18 to 75 Years (Adults, Older Adults)",Pipeline,FQ Submitted,08/01/2026,07/23/2026,,,14,6294,,,,,,,,,,,,,,,,,,,,,,,,,,0,0,0,0,0,0,0,0,0,0,0,0,0,0,0,0,0,0
Tomball | D8750C00011 |,5,,4,,,,Tomball,D8750C00011,Obesity,"18 to 75 Years (Adults, Older Adults)",Pipeline,FQ Submitted,08/01/2026,06/26/2026,,,14,6314,,,,,,,,,,,,,,,,,,,,,,,,,,0,0,0,0,0,0,0,0,0,0,0,0,0,0,0,0,0,0
Tomball | D8750C00012 |,14,,10,,,,Tomball,D8750C00012,Obesity,"18 to 75 Years (Adults, Older Adults)",Pipeline,FQ Submitted,08/01/2026,07/31/2026,,,14,6282,,,,,,,,,,,,,,,,,,,,,,,,,,0,0,0,0,0,0,0,0,0,0,0,0,0,0,0,0,0,0
Tomball | D8750C00014 |,14,,10,,,,Tomball,D8750C00014,Obesity,"18 to 75 Years (Adults, Older Adults)",Pipeline,FQ Submitted,08/01/2026,08/21/2026,,,14,6304,,,,,,,,,,,,,,,,,,,,,,,,,,0,0,0,0,0,0,0,0,0,0,0,0,0,0,0,0,0,0
Tomball | DRI17963 |,4,,7,,,,Tomball,DRI17963,Celiac Disease,18 to 49 years of age,Maintenance,Maintenance,02/28/2025,02/28/2026,,,10,2906,,,,,,,,,,,,,,,,,,,,,,,,,,0,0,0,0,0,0,0,0,0,0,0,0,0,0,0,0,0,0
Tomball | ERN: 7083 |,50,,35,,,,Tomball,ERN: 7083,COVID-19,18 to 49 years of age,Pipeline,On Hold/Postponed,04/01/2026,04/01/2027,,,50,2312,,,,,,,,,,,,,,,,,,,,,,,,,,0,0,0,0,0,0,0,0,0,0,0,0,0,0,0,0,0,0
Miami | IMVT-1402-2505 |,2,,0,,,,Miami,IMVT-1402-2505,Graves Diseases,"18 to 75 Years (Adults, Older Adults)",Startup,Site Selected,05/20/2026,,,,,7272,,,,,,,,,,,,,,,,,,,,,,,,,,0,0,2,0,0,0,0,0,0,0,0,0,0,0,0,0,0,0
San Antonio | VBD00002 |,80,,64,,,,San Antonio,VBD00002,RSV Vaccine,Elderly Adults (50+),Pipeline,On Hold/Postponed,10/02/2027,,,,130,5912,,,,,,,,,,,,,,,,,,,,,,,,,,0,0,0,0,0,0,0,0,0,0,0,0,0,0,0,0,0,0
Seattle | D7960C00015 |,12,,6,,,,Seattle,D7960C00015,Dyslipidemia,adults greater than and equal to 18 years of age,Enrolling,Enrolling,11/30/2025,08/15/2027,,,13,5345,,,,,,,,,,,,,,,,,,,,,,,,,,2,1,0,0,1,1,1,1,1,1,0,0,0,1,0,0,0,0
Seattle | VBD00002 |,80,,64,,,,Seattle,VBD00002,RSV Vaccine,Elderly Adults (50+),Pipeline,On Hold/Postponed,10/02/2027,,,,100,5913,,,,,,,,,,,,,,,,,,,,,,,,,,0,0,0,0,0,0,0,0,0,0,0,0,0,0,0,0,0,0
Tomball | GSBR-1290-17 |,8,,8,,,,Tomball,GSBR-1290-17,Type 2 Diabetes,adults greater than and equal to 18 years of age,Maintenance,Maintenance,10/27/2025,01/31/2026,,,24,6702,,,,,,,,,,,,,,,,,,,,,,,,,,0,0,0,0,0,0,0,0,0,0,0,0,0,0,0,0,0,0
Tomball | HAB75951 |,N/A,,N/A,,,,N/A,N/A,N/A,N/A,N/A,N/A,N/A,N/A,,,N/A,3723,,,,,,,,,,,,,,,,,,,,,,,,,,0,0,0,0,0,0,0,0,0,0,0,0,0,0,0,0,0,0
Tomball | IN-002-02 |,18,,0,,,,Tomball,IN-002-02,RSV Vaccine,> 65 years of age,Pipeline,Pre-award,01/01/2026,01/30/2026,,,18,5606,,,,,,,,,,,,,,,,,,,,,,,,,,0,0,0,0,0,0,0,0,0,0,0,0,0,0,0,0,0,0
Tomball | J3L-MC-EZEF |,15,,12,,,,Tomball,J3L-MC-EZEF,Atherosclerotic cardiovascular disease,adults greater than and equal to 18 years of age,Pipeline,Potential,04/01/2026,11/28/2026,,,15,6013,,,,,,,,,,,,,,,,,,,,,,,,,,0,0,0,2,0,0,0,0,0,0,0,0,0,0,0,0,0,0
Tomball | KAL-K304-1 |,10,,7,,,,Tomball,KAL-K304-1,Migraine,"18 to 75 Years (Adults, Older Adults)",Pipeline,Potential,04/01/2026,10/30/2026,,,10,4552,,,,,,,,,,,,,,,,,,,,,,,,,,0,0,0,0,0,0,0,0,0,0,0,0,0,0,0,0,0,0
Sugarland | VBD00002 |,80,,64,,,,Sugarland,VBD00002,RSV Vaccine,Elderly Adults (50+),Pipeline,On Hold/Postponed,10/02/2027,,,,110,3862,,,,,,,,,,,,,,,,,,,,,,,,,,0,0,0,0,0,0,0,0,0,0,0,0,0,0,0,0,0,0
Tomball | M602011084 |,12,,10,,,,Tomball,M602011084,Migraine,18 to 49 years of age,Pipeline,Potential,04/01/2026,04/01/2027,,,12,4655,,,,,,,,,,,,,,,,,,,,,,,,,,0,0,0,0,0,0,0,0,0,0,0,0,0,0,0,0,0,0
Tomball | M602011085 |,15,,10,,,,Tomball,M602011085,Migraine,18 to 49 years of age,Pipeline,Potential,04/01/2026,04/01/2027,,,15,4723,,,,,,,,,,,,,,,,,,,,,,,,,,0,0,0,0,0,0,0,0,0,0,0,0,0,0,0,0,0,0
Tomball | MAB02735 |,180,,145,,,,Tomball,MAB02735,RSV Vaccine,18 to 49 years of age,Pipeline,Potential,08/01/2026,08/31/2026,,,100,4210,,,,,,,,,,,,,,,,,,,,,,,,,,0,0,0,0,0,0,0,0,0,145,0,0,0,0,0,0,0,0
Sugarland | VYD2311-PREV-002 |,133,,77,,,,Sugarland,VYD2311-PREV-002,COVID-19,12 years of age and older,Startup,SIV Completed,03/30/2026,02/27/2026,,,148,6913,,,,,,,,,,,,,,,,,,,,,,,,,,40,10,0,0,0,0,0,0,0,0,0,0,0,0,0,0,0,0
Tomball | MET233-097-25-202 |,N/A,,N/A,,,,N/A,N/A,N/A,N/A,N/A,N/A,N/A,N/A,,,N/A,6818,,,,,,,,,,,,,,,,,,,,,,,,,,1,0,0,1,0,0,1,0,0,0,0,1,1,0,0,0,0,0
Tomball | MK-7240 |,10,,7,,,,Tomball,MK-7240,Ulcerative Colitis,18 to 49 years of age,Pipeline,Potential,04/01/2026,04/01/2027,,,10,4888,,,,,,,,,,,,,,,,,,,,,,,,,,0,0,0,0,0,0,0,0,0,0,0,0,0,0,0,0,0,0
Tomball | mRNA-1083-P303 |,50,,40,,,,Tomball,mRNA-1083-P303,Combined Covid + Influenza Vaccine,"18 to 75 Years (Adults, Older Adults)",Archive,Canceled,02/01/2026,02/01/2027,,,50,4625,,,,,,,,,,,,,,,,,,,,,,,,,,0,0,0,0,0,0,0,0,0,0,0,0,0,0,0,0,0,0
Tomball | mRNA-1189-P301 |,15,,12,,,,Tomball,mRNA-1189-P301,Epstein Barr,Teenage (12 to 17),Pipeline,Potential,04/01/2026,04/01/2027,,,15,2846,,,,,,,,,,,,,,,,,,,,,,,,,,0,0,0,1,0,1,0,1,0,1,0,1,0,1,0,1,0,1
TA-8995-304 |,10,,0,,,,Test,TA-8995-304,Hypercholesteromia,adults greater than and equal to 18 years of age,Enrolling,Enrolling,,,,,,1467,,,,,,,,,,,,,,,,,,,,,,,,,,,,,,,,,,,,,,,,,,,
Tomball | mRNA-1283-P301 | Part 2,200,,100,,,,Tomball,mRNA-1283-P301,COVID-19,18 to 49 years of age,Pipeline,On Hold/Postponed,01/01/2026,01/01/2027,,,200,2945,,,,,,,,,,,,,,,,,,,,,,,,,,0,0,0,0,0,0,0,0,0,0,0,0,0,0,0,0,0,0
Tomball | mRNA-1403-P301 | Additional Cohort,87,,52,,,,Tomball,mRNA-1403-P301,Norovirus,> 60 years of age,Maintenance,Maintenance,11/26/2025,01/28/2026,,,87,6880,,,,,,,,,,,,,,,,,,,,,,,,,,0,0,0,0,0,0,0,0,0,0,0,0,0,0,0,0,0,0
Tomball | mRNA-1468-P301 |,150,,120,,,,Tomball,mRNA-1468-P301,Herpes Zoster,Elderly Adults (50+),Pipeline,On Hold/Postponed,06/01/2026,06/01/2027,,,150,2678,,,,,,,,,,,,,,,,,,,,,,,,,,0,0,0,0,0,0,0,0,0,0,0,0,0,0,0,0,0,0
Tomball | No information |,50,,0,,,,Tomball,No information,Obesity,18 to 49 years of age,Pipeline,Pre-award,01/01/2026,01/01/2027,,,50,5182,,,,,,,,,,,,,,,,,,,,,,,,,,0,0,0,0,0,0,0,0,0,0,0,0,0,0,0,0,0,0
Tomball | No information |,50,,0,,,,Tomball,No information,Obesity,18 to 49 years of age,Pipeline,Pre-award,01/05/2026,02/03/2027,,,50,5185,,,,,,,,,,,,,,,,,,,,,,,,,,0,0,0,0,0,0,0,0,0,0,0,0,0,0,0,0,0,0
Tomball | No information |,10,,0,,,,Tomball,No information,Obesity,18 to 49 years of age,Pipeline,On Hold/Postponed,01/02/2026,01/02/2027,,,10,5237,,,,,,,,,,,,,,,,,,,,,,,,,,0,0,0,0,0,0,0,0,0,0,0,0,0,0,0,0,0,0
Tomball | None at the moment |,5,,0,,,,Tomball,None at the moment,COPD,"18 to 75 Years (Adults, Older Adults)",Pipeline,Pre-award,01/01/2026,01/01/2027,,,8,5690,,,,,,,,,,,,,,,,,,,,,,,,,,0,0,0,0,0,0,0,0,0,0,0,0,0,0,0,0,0,0
Tomball | None at the moment |,5,,0,,,,Tomball,None at the moment,COPD,40 to 75 years of old,Pipeline,Pre-award,01/01/2026,04/30/2026,,,5,5710,,,,,,,,,,,,,,,,,,,,,,,,,,0,0,0,0,0,0,0,0,0,0,0,0,0,0,0,0,0,0
Tomball | None at the moment |,10,,8,,,,Tomball,None at the moment,colorectal cancer (CRC),> 45 years of age,Pipeline,On Hold/Postponed,01/01/2026,01/01/2027,,,10,5773,,,,,,,,,,,,,,,,,,,,,,,,,,0,0,0,0,0,0,0,0,0,0,0,0,0,0,0,0,0,0
Tomball | None at the moment |,0,,0,,,,Tomball,None at the moment,Herpes Zoster,"18 to 75 Years (Adults, Older Adults)",Pipeline,Pre-award,04/01/2026,04/01/2027,,,10,5819,,,,,,,,,,,,,,,,,,,,,,,,,,0,0,0,0,0,0,0,0,0,0,0,0,0,0,0,0,0,0
Tomball | none at the moment |,0,,0,,,,Tomball,none at the moment,Idiopathic Gastroparesis,"18 to 75 Years (Adults, Older Adults)",Pipeline,Pre-award,01/01/2026,01/01/2027,,,10,5967,,,,,,,,,,,,,,,,,,,,,,,,,,0,0,0,0,0,0,0,0,0,0,0,0,0,0,0,0,0,0
Tomball | none at the moment |,10,,8,,,,Tomball,none at the moment,Type 2 Diabetes,40 to 75 years of old,Archive,Not Selected,04/01/2026,06/28/2026,,,10,5968,,,,,,,,,,,,,,,,,,,,,,,,,,0,0,0,0,0,0,0,0,0,0,0,0,0,0,0,0,0,0
Tomball | none at the moment |,0,,0,,,,Tomball,none at the moment,Pneumococcal,50 to 80 years of age,Pipeline,Pre-award,03/01/2026,05/31/2026,,,75,5975,,,,,,,,,,,,,,,,,,,,,,,,,,0,0,0,0,0,0,0,0,0,0,0,0,0,0,0,0,0,0
Tomball | none at the moment |,0,,0,,,,Tomball,none at the moment,Food Allergy,4 to <56 years of age,Pipeline,Pre-award,01/01/2026,11/01/2026,,,10,6019,,,,,,,,,,,,,,,,,,,,,,,,,,0,0,0,0,0,0,0,0,0,0,0,0,0,0,0,0,0,0
Tomball | none at the moment |,8,,4,,,,Tomball,iPGR -60- IBD/ IBS-D,Serum Samples,"18 to 75 Years (Adults, Older Adults)",Archive,Not Selected,04/01/2026,05/01/2026,,,8,6142,,,,,,,,,,,,,,,,,,,,,,,,,,0,0,0,0,0,0,0,0,0,0,0,0,0,0,0,0,0,0
Tomball | none at the moment |,0,,0,,,,Tomball,none at the moment,MASH,"18 to 75 Years (Adults, Older Adults)",Pipeline,Potential,04/01/2026,04/01/2027,,,10,6154,,,,,,,,,,,,,,,,,,,,,,,,,,0,0,0,0,0,0,0,0,0,0,0,0,0,0,0,0,0,0
Tomball | none at the moment |,0,,0,,,,Tomball,none at the moment,HSV,adults greater than and equal to 18 years of age,Pipeline,Pre-award,04/01/2026,04/01/2027,,,10,6184,,,,,,,,,,,,,,,,,,,,,,,,,,0,0,0,0,0,0,0,0,0,0,0,0,0,0,0,0,0,0
Tomball | none at the moment |,0,,0,,,,Tomball,none at the moment,Erectile Dysfunction,"18 to 75 Years (Adults, Older Adults)",Pipeline,Pre-award,01/01/2026,07/31/2026,,,15,6208,,,,,,,,,,,,,,,,,,,,,,,,,,0,0,0,0,0,0,0,0,0,0,0,0,0,0,0,0,0,0
Tomball | none at the moment |,0,,0,,,,Tomball,none at the moment,Migraine,6 to 17 years of age,Pipeline,Pre-award,01/01/2026,01/01/2027,,,10,6210,,,,,,,,,,,,,,,,,,,,,,,,,,0,0,0,0,0,0,0,0,0,0,0,0,0,0,0,0,0,0
Tomball | none at the moment |,0,,0,,,,Tomball,none at the moment,COVID-19,50 to 65 years of age,Pipeline,Pre-award,04/01/2026,06/01/2026,,,50,6233,,,,,,,,,,,,,,,,,,,,,,,,,,0,0,0,0,0,0,0,0,0,0,0,0,0,0,0,0,0,0
Tomball | none at the moment |,0,,0,,,,Tomball,none at the moment,Celiac Disease,"18 to 75 Years (Adults, Older Adults)",Pipeline,Pre-award,01/01/2026,06/30/2026,,,10,6333,,,,,,,,,,,,,,,,,,,,,,,,,,0,0,0,0,0,0,0,0,0,0,0,0,0,0,0,0,0,0
Tomball | none at the moment |,0,,0,,,,Tomball,none at the moment,CVOT,"18 to 75 Years (Adults, Older Adults)",Pipeline,Pre-award,07/01/2026,07/31/2027,,,125,6358,,,,,,,,,,,,,,,,,,,,,,,,,,0,0,0,0,0,0,0,0,0,0,0,0,0,0,0,0,0,0
Tomball | None at the moment |,0,,0,,,,Tomball,None at the moment,HSV,adults greater than and equal to 18 years of age,Pipeline,Pre-award,03/01/2026,08/31/2026,,,15,6383,,,,,,,,,,,,,,,,,,,,,,,,,,0,0,0,0,0,0,0,0,0,0,0,0,0,0,0,0,0,0
Tomball | none at the moment |,0,,0,,,,Tomball,none at the moment,Obesity,"18 to 75 Years (Adults, Older Adults)",Pipeline,Pre-award,01/06/2026,01/06/2027,,,15,6409,,,,,,,,,,,,,,,,,,,,,,,,,,0,0,0,0,0,0,0,0,0,0,0,0,0,0,0,0,0,0
Tomball | none at the moment |,0,,0,,,,Tomball,none at the moment,COVID-19,18 to 65 years of age,Pipeline,Pre-award,01/06/2026,03/06/2026,,,6,6413,,,,,,,,,,,,,,,,,,,,,,,,,,0,0,0,0,0,0,0,0,0,0,0,0,0,0,0,0,0,0
Tomball | none at the moment |,0,,0,,,,Tomball,none at the moment,Ulcerative Colitis,"18 to 75 Years (Adults, Older Adults)",Pipeline,Pre-award,04/01/2026,04/01/2027,,,5,6425,,,,,,,,,,,,,,,,,,,,,,,,,,0,0,0,0,0,0,0,0,0,0,0,0,0,0,0,0,0,0
Tomball | none at the moment |,0,,0,,,,Tomball,none at the moment,IBS,adults greater than and equal to 18 years of age,Pipeline,Pre-award,04/01/2026,04/01/2027,,,20,6443,,,,,,,,,,,,,,,,,,,,,,,,,,0,0,0,0,0,0,0,0,0,0,0,0,0,0,0,0,0,0
Tomball | none at the moment |,0,,0,,,,Tomball,none at the moment,Epstein Barr,18 to 20 years of age,Pipeline,Pre-award,07/01/2026,07/01/2027,,,50,6458,,,,,,,,,,,,,,,,,,,,,,,,,,0,0,0,0,0,0,0,0,0,0,0,0,0,0,0,0,0,0
Tomball | none at the moment |,0,,0,,,,Tomball,none at the moment,Diabetic Foot Ulcer,adults greater than and equal to 18 years of age,Pipeline,Pre-award,04/01/2026,04/01/2027,,,8,6475,,,,,,,,,,,,,,,,,,,,,,,,,,0,0,0,0,0,0,0,0,0,0,0,0,0,0,0,0,0,0
Tomball | none at the moment |,0,,0,,,,Tomball,none at the moment,colorectal cancer (CRC),"18 to 75 Years (Adults, Older Adults)",Pipeline,Pre-award,04/30/2026,04/30/2027,,,8,6736,,,,,,,,,,,,,,,,,,,,,,,,,,0,0,0,0,0,0,0,0,0,0,0,0,0,0,0,0,0,0
Tomball | none at the moment |,0,,0,,,,Tomball,none at the moment,COPD,"18 to 75 Years (Adults, Older Adults)",Pipeline,Pre-award,04/30/2026,04/30/2027,,,10,6747,,,,,,,,,,,,,,,,,,,,,,,,,,0,0,0,0,0,0,0,0,0,0,0,0,0,0,0,0,0,0
Tomball | none at the moment |,0,,0,,,,Tomball,none at the moment,CRC Blood draw trial,> 45 years of age,Pipeline,FQ Submitted,04/01/2026,06/30/2026,,,75,6823,,,,,,,,,,,,,,,,,,,,,,,,,,0,0,0,0,0,0,0,0,0,0,0,0,0,0,0,0,0,0
Tomball | none at the moment |,0,,0,,,,Tomball,none at the moment,Pulmonary Hypertension,adults greater than and equal to 18 years of age,Pipeline,Pre-award,01/01/2026,01/01/2027,,,8,6835,,,,,,,,,,,,,,,,,,,,,,,,,,0,0,0,0,0,0,0,0,0,0,0,0,0,0,0,0,0,0
Tomball | none at the moment |,0,,0,,,,Tomball,none at the moment,Obesity,adults greater than and equal to 18 years of age,Pipeline,Pre-award,05/01/2026,05/01/2027,,,50,6858,,,,,,,,,,,,,,,,,,,,,,,,,,0,0,0,0,0,0,0,0,0,0,0,0,0,0,0,0,0,0
Tomball | none at the moment |,0,,0,,,,Tomball,none at the moment,Ulcerative Colitis,"18 to 75 Years (Adults, Older Adults)",Pipeline,Pre-award,01/31/2026,01/31/2027,,,8,7016,,,,,,,,,,,,,,,,,,,,,,,,,,0,0,0,0,0,0,0,0,0,0,0,0,0,0,0,0,0,0
Tomball | none at the moment |,0,,0,,,,Tomball,none at the moment,Obesity,adults greater than and equal to 18 years of age,Archive,DM Declined,05/02/2026,02/01/2027,,,8,7052,,,,,,,,,,,,,,,,,,,,,,,,,,0,0,0,0,0,0,0,0,0,0,0,0,0,0,0,0,0,0
Tomball | none at the moment |,0,,0,,,,Tomball,none at the moment,Rheumatoid Arthritis,"18 to 75 Years (Adults, Older Adults)",Pipeline,FQ Submitted,03/01/2026,03/01/2027,,,10,7057,,,,,,,,,,,,,,,,,,,,,,,,,,0,0,0,0,0,0,0,0,0,0,0,0,0,0,0,0,0,0
Tomball | none at the moment |,0,,0,,,,Tomball,none at the moment,Chronic Lower Back Pain,adults greater than and equal to 18 years of age,Pipeline,Potential,04/29/2026,07/26/2026,,,8,7079,,,,,,,,,,,,,,,,,,,,,,,,,,0,0,0,0,0,0,0,0,0,0,0,0,0,0,0,0,0,0
Tomball | none at the moment |,0,,0,,,,Tomball,none at the moment,Chronic Cough,"18 to 75 Years (Adults, Older Adults)",Pipeline,FQ Submitted,05/02/2026,02/28/2027,,,24,7103,,,,,,,,,,,,,,,,,,,,,,,,,,0,0,0,0,0,0,0,0,0,0,0,0,0,0,0,0,0,0
Tomball | none at the moment |,0,,0,,,,Tomball,none at the moment,No Information,,Pipeline,Potential,05/02/2026,02/02/2027,,,8,7112,,,,,,,,,,,,,,,,,,,,,,,,,,0,0,0,0,0,0,0,0,0,0,0,0,0,0,0,0,0,0
Tomball | none at the moment |,0,,0,,,,Tomball,none at the moment,Influenza,adults greater than and equal to 18 years of age,Pipeline,Potential,07/23/2026,11/13/2026,,,200,7132,,,,,,,,,,,,,,,,,,,,,,,,,,0,0,0,0,0,0,0,0,0,0,0,0,0,0,0,0,0,0
Tomball | none at the tmoment |,0,,0,,,,Tomball,none at the tmoment,Migraine,"18 to 75 Years (Adults, Older Adults)",Pipeline,Pre-award,02/02/2026,02/02/2027,,,10,6084,,,,,,,,,,,,,,,,,,,,,,,,,,0,0,0,0,0,0,0,0,0,0,0,0,0,0,0,0,0,0
Tomball | OAB71527 |,50,,18,,,,Tomball,OAB71527,Shingles,"18 to 75 Years (Adults, Older Adults)",Pipeline,FQ Submitted,03/31/2026,03/31/2027,,,200,5042,,,,,,,,,,,,,,,,,,,,,,,,,,0,0,0,0,0,0,0,0,0,0,0,0,0,0,0,0,0,0
Tomball | PAB72224 |,0,,0,,,,Tomball,PAB72224,Glabeller Lines,18 to 65 years of age,Pipeline,Pre-award,05/02/2026,05/29/2026,,,10,6115,,,,,,,,,,,,,,,,,,,,,,,,,,0,0,0,0,0,0,0,0,0,0,0,0,0,0,0,0,0,0
Tomball | PAB78438 |,0,,0,,,,Tomball,PAB78438,Type 2 Diabetes,adults greater than and equal to 18 years of age,Pipeline,Pre-award,06/30/2026,06/30/2027,,,10,6050,,,,,,,,,,,,,,,,,,,,,,,,,,0,0,0,0,0,0,0,0,0,0,0,0,0,0,0,0,0,0
Tomball | PIR21191 |,25,,15,,,,Tomball,PIR21191,Asthma,6 years and older,Startup,Site Selected,04/30/2026,03/19/2027,,,10,7018,,,,,,,,,,,,,,,,,,,,,,,,,,0,0,0,0,2,1,2,2,3,2,3,2,2,1,2,1,2,0
Tomball | R3500 |,10,,8,,,,Tomball,R3500,Asthma,12 years of age and older,Archive,Not Selected,04/03/2026,04/01/2027,,,11,5951,,,,,,,,,,,,,,,,,,,,,,,,,,0,1,0,1,0,1,0,1,0,1,0,0,0,1,0,1,0,0
Tomball | RAY1225 |,10,,7,,,,Tomball,RAY1225,Obesity,18 to 49 years of age,Pipeline,Potential,04/03/2026,04/03/2027,,,10,3761,,,,,,,,,,,,,,,,,,,,,,,,,,0,0,0,1,0,0,0,1,0,0,0,0,0,0,0,0,0,0
Tomball | RIV-HU6-2203 |,10,,7,,,,Tomball,RIV-HU6-2203,Obesity,"18 to 75 Years (Adults, Older Adults)",Pipeline,On Hold/Postponed,04/01/2026,07/01/2026,,,10,5246,,,,,,,,,,,,,,,,,,,,,,,,,,0,0,0,0,0,0,0,0,0,0,0,0,0,0,0,0,0,0
Tomball | 301160 |,8,,6,,,,Tomball,301160,MASH,"18 to 75 Years (Adults, Older Adults)",Enrolling,Greenlight Received,01/26/2026,12/30/2026,,,8,5653,,,,,,,,,,,,,,,,,,,,,,,,,,2,1,0,0,0,0,1,1,0,0,1,1,0,0,1,1,0,0
Tomball | Steel-101 |,7,,4,,,,Tomball,Steel-101,SAD/MAD,"18 to 75 Years (Adults, Older Adults)",Pipeline,Potential,04/01/2026,04/01/2027,,,10,5625,,,,,,,,,,,,,,,,,,,,,,,,,,0,0,0,0,0,0,0,0,0,0,0,0,0,0,0,0,0,0
Tomball | US-EPS-24070 |,12,,7,,,,Tomball,US-EPS-24070,Obesity,"18 to 75 Years (Adults, Older Adults)",Pipeline,Potential,04/01/2026,07/28/2026,,,12,4617,,,,,,,,,,,,,,,,,,,,,,,,,,0,0,0,0,0,0,0,0,0,0,0,0,0,0,0,0,0,0
Tomball | V118_24 |,92,,92,,,,Tomball,V118_24,Influenza,> 65 years of age,Maintenance,Maintenance,11/03/2025,11/30/2025,,,250,1193,,,,,,,,,,,,,,,,,,,,,,,,,,0,0,0,0,0,0,0,0,0,0,0,0,0,0,0,0,0,0
Tomball | V201_05 |,250,,0,,,,Tomball,V201_05,Influenza,18 to 49 years of age,Pipeline,On Hold/Postponed,03/01/2027,05/31/2027,,,250,2127,,,,,,,,,,,,,,,,,,,,,,,,,,0,0,0,0,0,0,0,0,0,0,0,0,0,0,0,0,0,0
Tomball | V201-08 |,110,,70,,,,Tomball,V201-08,Influenza,Adolescent (5 to 12),Pipeline,Potential,04/18/2026,01/15/2027,,,100,4200,,,,,,,,,,,,,,,,,,,,,,,,,,0,0,0,6,0,9,0,3,0,0,0,0,0,0,0,0,0,0
Tomball | VAX31-104 |,80,,64,,,,Tomball,VAX31-104,Pneumococcal,18 to 49 years of age,Pipeline,Potential,04/01/2026,04/01/2027,,,60,2549,,,,,,,,,,,,,,,,,,,,,,,,,,0,0,0,5,0,5,0,6,0,5,0,5,0,6,0,5,0,5
Tomball | 306246 |,8,,6,,,,Tomball,306246,MASH,"18 to 75 Years (Adults, Older Adults)",Enrolling,Greenlight Received,02/20/2026,08/28/2027,,,3,5671,,,,,,,,,,,,,,,,,,,,,,,,,,1,1,0,0,1,1,0,0,1,1,0,0,1,1,0,0,1,1
Tomball | VE303-003 |,10,,8,,,,Tomball,VE303-003,Clostridium Difficile,12 years of age and older,Pipeline,Potential,04/01/2026,06/28/2026,,,10,5936,,,,,,,,,,,,,,,,,,,,,,,,,,0,0,0,0,0,0,0,0,0,0,0,0,0,0,0,0,0,0
Tomball | VX24-548-111 |,8,,4,,,,Tomball,VX24-548-111,Diabetic Neuropathy,adults greater than and equal to 18 years of age,Archive,Not Selected,04/22/2026,04/23/2027,,,3,6940,,,,,,,,,,,,,,,,,,,,,,,,,,0,0,0,0,0,0,0,0,0,0,0,0,0,0,0,0,0,0
Bellaire | K-304 P003 |,20,,16,,,,Bellaire,K-304 P003,Migraine,18 to 70 years of age,Startup,Site Selected,06/01/2026,12/31/2026,,,23,7383,,,,,,,,,,,,,,,,,,,,,,,,,,0,0,0,0,4,3,5,4,5,4,6,5,0,0,0,0,0,0
Tomball Rheumatology | 20230050 |,0,,0,,,,Tomball Rheumatology,20230050,Sjogren's Syndrome,18 to 49 years of age,Maintenance,Maintenance,05/12/2025,02/28/2026,,,7,4724,,,,,,,,,,,,,,,,,,,,,,,,,,0,0,0,0,0,0,0,0,0,0,0,0,0,0,0,0,0,0
Tomball Rheumatology | 284859 |,25,,17,,,,Tomball Rheumatology,284859,Polymyalgia Rheumatica,18 to 49 years of age,Pipeline,Potential,04/05/2026,04/05/2027,,,25,4463,,,,,,,,,,,,,,,,,,,,,,,,,,0,0,0,1,0,2,0,1,0,1,0,1,0,0,0,0,0,0
Tomball Rheumatology | 293925 |,10,,7,,,,Tomball Rheumatology,293925,Rheumatoid Arthritis,18 to 49 years of age,Pipeline,Potential,04/01/2026,01/30/2027,,,10,4983,,,,,,,,,,,,,,,,,,,,,,,,,,0,0,0,0,0,0,0,0,0,0,0,0,0,0,0,0,0,0
Tomball Rheumatology | 294110 |,10,,0,,,,Tomball Rheumatology,294110,Restless Legs Syndrome,18 to 49 years of age,Pipeline,Pre-award,04/01/2026,04/01/2027,,,10,5451,,,,,,,,,,,,,,,,,,,,,,,,,,0,0,0,0,0,0,0,0,0,0,0,0,0,0,0,0,0,0
Tomball Rheumatology | 7061759 |,4,,0,,,,Tomball Rheumatology,7061759,Immunoglobulin G4-Related Disease,"18 to 75 Years (Adults, Older Adults)",Pipeline,Pre-award,04/01/2026,07/28/2027,,,5,5478,,,,,,,,,,,,,,,,,,,,,,,,,,0,0,0,0,0,0,0,0,0,0,0,0,0,0,0,0,0,0
Tomball Rheumatology | CDDY391B12201 |,8,,5,,,,Tomball Rheumatology,CDDY391B12201,Systemic Lupus Erythematosus (SLE),adults greater than and equal to 18 years of age,Pipeline,Potential,08/27/2026,05/02/2026,,,8,7107,,,,,,,,,,,,,,,,,,,,,,,,,,0,0,0,0,0,0,0,0,0,0,0,0,0,0,0,0,0,0
Tomball Rheumatology | D6940C00002 |,8,,6,,,,Tomball Rheumatology,D6940C00002,Rheumatoid Arthritis,"18 to 75 Years (Adults, Older Adults)",Pipeline,Potential,04/01/2026,04/01/2027,,,8,5784,,,,,,,,,,,,,,,,,,,,,,,,,,0,0,0,0,0,0,0,0,0,0,0,0,0,0,0,0,0,0
Tomball Rheumatology | D7130C00002 |,8,,6,,,,Tomball Rheumatology,D7130C00002,Rheumatoid Arthritis,"18 to 75 Years (Adults, Older Adults)",Pipeline,Potential,04/01/2026,04/01/2027,,,8,5781,,,,,,,,,,,,,,,,,,,,,,,,,,0,0,0,0,0,0,0,0,0,0,0,0,0,0,0,0,0,0
Tomball Rheumatology | D740AC00001 |,3,,2,,,,Tomball Rheumatology,D740AC00001,Rheumatoid Arthritis,18 to 65 years of age,Pipeline,FQ Submitted,04/28/2026,07/28/2026,,,3,6946,,,,,,,,,,,,,,,,,,,,,,,,,,0,0,0,0,0,0,0,0,0,0,0,0,0,0,0,0,0,0
Tomball Rheumatology | GS-US-667-6882 | Part A (Cohorts 1 and 2),3,,1,,,,Tomball Rheumatology,GS-US-667-6882,Rheumatoid Arthritis,"18 to 75 Years (Adults, Older Adults)",Maintenance,Maintenance,06/30/2025,08/01/2026,,,20,4985,,,,,,,,,,,,,,,,,,,,,,,,,,0,0,0,0,0,0,0,0,0,0,0,0,0,0,0,0,0,0
Indianapolis | K-304-P004 |,20,,15,,,,Indianapolis,K-304-P004,Migraine,18 to 70 years of age,Startup,Site Selected,08/31/2026,04/29/2027,,,21-30,7459,,,,,,,,,,,,,,,,,,,,,,,,,,0,0,0,0,0,0,0,0,5,5,5,5,5,5,5,5,5,0
Tomball Rheumatology | M23-699 | Study 3,9,,3,,,,Tomball Rheumatology,M23-699,Systemic Lupus Erythematosus (SLE),18 to 49 years of age,Maintenance,Maintenance,07/10/2023,12/30/2025,,,9,1955,,,,,,,,,,,,,,,,,,,,,,,,,,0,0,0,0,0,0,0,0,0,0,0,0,0,0,0,0,0,0
Tomball Rheumatology | M25-056 | Substudy 1,10,,10,,,,Tomball Rheumatology,M25-056,Rheumatoid Arthritis,18 to 49 years of age,Enrolling,Enrolling,06/15/2025,,,,20,4846,,,,,,,,,,,,,,,,,,,,,,,,,,5,3,0,0,0,0,0,0,0,0,0,0,0,0,0,0,0,0
Tomball Rheumatology | M25-191 |,10,,10,,,,Tomball Rheumatology,M25-191,Psoriatic Arthritis,"18 to 75 Years (Adults, Older Adults)",Maintenance,Maintenance,06/02/2025,07/29/2026,,,12,4851,,,,,,,,,,,,,,,,,,,,,,,,,,0,0,0,0,0,0,0,0,0,0,0,0,0,0,0,0,0,0
Tomball | D7960C00015 |,20,,11,,,,Tomball,D7960C00015,Dyslipidemia,adults greater than and equal to 18 years of age,Enrolling,Enrolling,11/30/2025,08/15/2027,,,13,5340,,,,,,,,,,,,,,,,,,,,,,,,,,2,1,1,1,2,2,2,2,2,2,2,2,2,2,2,2,2,2
Tomball Rheumatology | MS504908_0008 |,3,,2,,,,Tomball Rheumatology,MS504908_0008,Systemic Lupus Erythematosus (SLE),adults greater than and equal to 18 years of age,Pipeline,FQ Submitted,06/01/2026,08/30/2028,,,10,6385,,,,,,,,,,,,,,,,,,,,,,,,,,0,0,0,0,0,0,0,0,0,0,0,0,0,0,0,0,0,0
Tomball Rheumatology | None at the moment |,7,,0,,,,Tomball Rheumatology,None at the moment,Sjogren's Syndrome,18 to 65 years of age,Pipeline,Pre-award,01/01/2026,01/01/2027,,,10,5688,,,,,,,,,,,,,,,,,,,,,,,,,,0,0,0,0,0,0,0,0,0,0,0,0,0,0,0,0,0,0
Tomball Rheumatology | none at the moment |,0,,0,,,,Tomball Rheumatology,none at the moment,Rheumatoid Arthritis,adults greater than and equal to 18 years of age,Pipeline,Potential,04/01/2026,4/1/2027,,,10,6153,,,,,,,,,,,,,,,,,,,,,,,,,,0,0,0,0,0,0,0,0,0,0,0,0,0,0,0,0,0,0
Tomball Rheumatology | none at the moment |,0,,0,,,,Tomball Rheumatology,none at the moment,Systemic Lupus Erythematosus (SLE),"18 to 75 Years (Adults, Older Adults)",Pipeline,Pre-award,01/01/2026,01/01/2027,,,10,6388,,,,,,,,,,,,,,,,,,,,,,,,,,0,0,0,0,0,0,0,0,0,0,0,0,0,0,0,0,0,0
Tomball Rheumatology | none at the moment |,0,,0,,,,Tomball Rheumatology,none at the moment,Sjogren's Syndrome,"18 to 75 Years (Adults, Older Adults)",Pipeline,Pre-award,01/01/2026,01/01/2027,,,10,6389,,,,,,,,,,,,,,,,,,,,,,,,,,0,0,0,0,0,0,0,0,0,0,0,0,0,0,0,0,0,0
Tomball Rheumatology | none at the moment |,0,,0,,,,Tomball Rheumatology,none at the moment,Others,adults greater than and equal to 18 years of age,Pipeline,Potential,06/16/2026,08/26/2027,,,8,7028,,,,,,,,,,,,,,,,,,,,,,,,,,0,0,0,0,0,0,0,0,0,0,0,0,0,0,0,0,0,0
Tomball Rheumatology | none at the moment |,0,,0,,,,Tomball Rheumatology,none at the moment,Sjogren's Syndrome,adults greater than and equal to 18 years of age,Pipeline,Potential,05/02/2026,04/29/2027,,,3,7035,,,,,,,,,,,,,,,,,,,,,,,,,,0,0,0,0,0,0,0,0,0,0,0,0,0,0,0,0,0,0
Tomball Rheumatology | QAB77426 |,3,,2,,,,Tomball Rheumatology,QAB77426,Aeruginosa in the lungs,"18 to 75 Years (Adults, Older Adults)",Archive,Not Selected,03/01/2026,03/07/2026,,,3,6673,,,,,,,,,,,,,,,,,,,,,,,,,,0,0,0,0,0,0,0,0,0,0,0,0,0,0,0,0,0,0
Sugarland Neurology | K-304-P004 |,20,,20,,,,Sugarland Neurology,K-304-P004,Migraine,18 to 70 years of age,Startup,Site Selected,08/31/2026,04/29/2027,,,21-30,7514,,,,,,,,,,,,,,,,,,,,,,,,,,0,0,0,0,0,0,0,0,5,5,5,5,5,5,5,5,5,0
Tomball | FpA-AS-30094 |,10,,10,,,,Tomball,FpA-AS-30094,Asthma,Adolescent (5 to 12),Maintenance,Maintenance,08/12/2024,03/31/2026,,,30,3509,,,,,,,,,,,,,,,,,,,,,,,,,,0,0,0,0,0,0,0,0,0,0,0,0,0,0,0,0,0,0
Tomball | FYU-981-CRYS-301 |,8,,6,,,,Tomball,FYU-981-CRYS-301,Gout,"18 to 75 Years (Adults, Older Adults)",Enrolling,Greenlight Received,01/29/2026,10/01/2026,,,8,5445,,,,,,,,,,,,,,,,,,,,,,,,,,1,1,1,1,1,1,0,0,0,0,0,0,0,0,0,0,0,0
Tomball | FYU-981-CRYS-302 |,5,,4,,,,Tomball,FYU-981-CRYS-302,Gout,"18 to 75 Years (Adults, Older Adults)",Enrolling,Greenlight Received,01/29/2026,10/01/2026,,,8,5446,,,,,,,,,,,,,,,,,,,,,,,,,,1,0,1,1,0,0,0,0,0,0,0,0,0,0,0,0,0,0
Tomball Rheumatology | XmAb13676-06 |,8,,5,,,,Tomball Rheumatology,XmAb13676-06,Rheumatoid Arthritis,adults greater than and equal to 18 years of age,Pipeline,FQ Submitted,04/01/2026,04/01/2027,,,8,6865,,,,,,,,,,,,,,,,,,,,,,,,,,0,0,0,0,0,0,0,0,0,0,0,0,0,0,0,0,0,0
Rheumatology Clinic of Houston | DRI19694 | Part A,3,,1,,,,Tomball Rheumatology,DRI19694,Rheumatoid Arthritis,adults greater than and equal to 18 years of age,Pipeline,PSV Completed,07/06/2026,,,,3,7353,,,,,,,,,,,,,,,,,,,,,,,,,,0,0,0,0,0,0,0,0,0,0,0,0,0,0,0,0,0,0
Rheumatology Clinic of Houston | DRI19694 | Part B,10,,3,,,,Tomball Rheumatology,DRI19694,Rheumatoid Arthritis,adults greater than and equal to 18 years of age,Pipeline,PSV Completed,07/06/2026,,,,10,7362,,,,,,,,,,,,,,,,,,,,,,,,,,0,0,0,0,0,0,0,0,0,0,0,0,0,0,0,0,0,0
Trident (Phoenix) | D7260C00015 |,15,,6,,,,Trident (Phoenix),D7260C00015,Obesity,adults greater than and equal to 18 years of age,Pipeline,PSV Completed,07/06/2026,03/15/2027,,,13,7231,,,,,,,,,,,,,,,,,,,,,,,,,,0,0,0,0,0,0,0,0,1,0,1,1,1,,1,1,1,
Phoenix | ENERGI-F703-04 |,11,,5,,,,Phoenix,ENERGI-F703-04,Diabetic Foot Ulcer,adults greater than and equal to 18 years of age,Startup,Site Selected,05/06/2026,06/30/2026,,,8,7092,,,,,,,,,,,,,,,,,,,,,,,,,,0,0,0,0,0,0,0,0,0,0,0,0,0,0,0,0,0,0
Tomball | J4M-MC-PWMP |,5,,5,,,,Tomball,J4M-MC-PWMP,Obesity,Teenage (12 to 17),Maintenance,Maintenance,12/09/2024,03/06/2026,,,48,3492,,,,,,,,,,,,,,,,,,,,,,,,,,0,0,0,0,0,0,0,0,0,0,0,0,0,0,0,0,0,0
Trident (Phoenix) | 223957 |,8,,5,,,,Trident (Phoenix),223957,Asthma,adults greater than and equal to 18 years of age,Archive,Not Selected,06/25/2026,12/11/2026,,,,7284,,,,,,,,,,,,,,,,,,,,,,,,,,0,0,0,0,0,0,0,0,0,0,0,0,0,0,0,0,0,0
Trident (Phoenix) | D7265C00001 |,8,,6,,,,Trident (Phoenix),D7265C00001,Chronic Kidney Disease,adults greater than and equal to 18 years of age,Pipeline,FQ Submitted,06/06/2026,03/01/2028,,,8,7136,,,,,,,,,,,,,,,,,,,,,,,,,,0,0,0,0,0,0,0,0,0,0,0,0,0,0,0,0,0,0
Trident (Phoenix) | none at the moment |,0,,0,,,,Trident (Phoenix),none at the moment,colorectal cancer (CRC),"18 to 75 Years (Adults, Older Adults)",Pipeline,Pre-award,04/30/2026,04/30/2027,,,8,6745,,,,,,,,,,,,,,,,,,,,,,,,,,0,0,0,0,0,0,0,0,0,0,0,0,0,0,0,0,0,0
Tomball | K9531-3104 (PAB77690) |,36,,15,,,,Tomball,K9531-3104 (PAB77690),Obesity,"18 to 75 Years (Adults, Older Adults)",Enrolling,Enrolling,12/12/2025,10/12/2026,,,10,5911,,,,,,,,,,,,,,,,,,,,,,,,,,4,1,10,5,4,0,4,0,4,0,0,0,0,0,0,0,0,0
Tomball | LPS16676 |,14,,5,,,,Tomball,LPS16676,Asthma,12 years of age and older,Maintenance,Maintenance,04/18/2022,10/31/2026,,,7,1135,,,,,,,,,,,,,,,,,,,,,,,,,,0,0,0,0,0,0,0,0,0,0,0,0,0,0,0,0,0,0
Tomball | SAN-1138 |,22,,5,,,,Tomball,SAN-1138,Asthma,"18 to 75 Years (Adults, Older Adults)",Enrolling,Enrollment Paused,11/20/2025,08/01/2026,,,12,5714,,,,,,,,,,,,,,,,,,,,,,,,,,1,0,0,0,0,0,0,0,0,0,0,0,0,0,0,0,0,0
Tomball | VBD00002 |,80,,64,,,,Tomball,VBD00002,RSV Vaccine,Elderly Adults (50+),Pipeline,On Hold/Postponed,10/02/2027,,,,100,3866,,,,,,,,,,,,,,,,,,,,,,,,,,0,0,0,0,0,0,0,0,0,0,0,0,0,0,0,0,0,0
Tomball Rheumatology | 77242113PSA3002 |,7,,9,,,,Tomball Rheumatology,77242113PSA3002,Psoriatic Arthritis,"18 to 75 Years (Adults, Older Adults)",Enrolling,Enrolling,04/29/2025,09/01/2026,,,,4566,,,,,,,,,,,,,,,,,,,,,,,,,,2,0,0,0,0,0,0,0,0,0,0,0,0,0,0,0,0,0
Bellaire | K-304-P005 | Long-Term Safety,20,,16,,,,Bellaire,K-304-P005,Migraine,18 to 70 years of age,Startup,Site Selected,07/01/2026,12/31/2026,,,23,7387,,,,,,,,,,,,,,,,,,,,,,,,,,0,0,0,0,0,0,4,3,4,3,4,3,4,3,4,4,0,0
Indianapolis | K9531-2110 |,20,,8,,,,Indianapolis,K9531-2110,Obesity,,Maintenance,Maintenance,03/30/2026,06/12/2026,,,25,7288,,,,,,,,,,,,,,,,,,,,,,,,,,8,0,5,3,0,0,0,0,0,0,0,0,0,0,0,0,0,0
Tomball Rheumatology | GS-US-667-6882 | Part B (Cohort 3),7,,2,,,,Tomball Rheumatology,GS-US-667-6882,Rheumatoid Arthritis,"18 to 75 Years (Adults, Older Adults)",Enrolling,Enrollment Paused,06/30/2025,08/01/2026,,,20,5985,,,,,,,,,,,,,,,,,,,,,,,,,,0,0,0,0,0,0,0,0,0,0,0,0,0,0,0,0,0,0
Tomball Rheumatology | I1F-MC-RHDE |,10,,4,,,,Tomball Rheumatology,I1F-MC-RHDE,Psoriatic Arthritis,adults greater than and equal to 18 years of age,Enrolling,Enrolling,03/17/2025,04/01/2026,,,10,5263,,,,,,,,,,,,,,,,,,,,,,,,,,0,0,0,0,0,0,0,0,0,0,0,0,0,0,0,0,0,0
Tomball Rheumatology | MK7240-013 |,10,,2,,,,Tomball Rheumatology,MK7240-013,Ankylosing Spondylitis,18 to 49 years of age,Enrolling,Greenlight Received,11/15/2025,02/23/2027,,,10,5164,,,,,,,,,,,,,,,,,,,,,,,,,,1,1,2,1,0,0,0,0,0,0,0,0,0,0,0,0,0,0
Tomball Rheumatology | SPY002-072-201 | axSpA Substudy,2,,1,,,,Tomball Rheumatology,SPY002-072-201,Rheumatoid Arthritis,"18 to 75 Years (Adults, Older Adults)",Enrolling,Enrolling,08/18/2025,05/29/2026,,,2,5798,,,,,,,,,,,,,,,,,,,,,,,,,,1,0,1,0,0,0,0,0,0,0,0,0,0,0,0,0,0,0
Tomball Rheumatology | SPY002-072-201 | PsA Substudy,3,,2,,,,Tomball Rheumatology,SPY002-072-201,Rheumatoid Arthritis,"18 to 75 Years (Adults, Older Adults)",Enrolling,Enrolling,08/18/2025,05/29/2026,,,3,5799,,,,,,,,,,,,,,,,,,,,,,,,,,1,1,1,0,0,0,0,0,0,0,0,0,0,0,0,0,0,0
Tomball Rheumatology | SPY002-072-201 | RA Substudy,3,,3,,,,Tomball Rheumatology,SPY002-072-201,Rheumatoid Arthritis,"18 to 75 Years (Adults, Older Adults)",Maintenance,Maintenance,08/18/2025,05/29/2026,,,3,5791,,,,,,,,,,,,,,,,,,,,,,,,,,0,0,0,0,0,0,0,0,0,0,0,0,0,0,0,0,0,0
Tomball Rheumatology | WA45846 |,10,,10,,,,Tomball Rheumatology,WA45846,Rheumatoid Arthritis,adults greater than and equal to 18 years of age,Enrolling,Enrolling,11/08/2025,03/28/2026,,,8,5854,,,,,,,,,,,,,,,,,,,,,,,,,,1,1,1,0,1,1,1,1,0,0,0,0,0,0,0,0,0,0
Miami | LCI699-RECAG-CL-0615 |,2,,1,,,,Miami,LCI699-RECAG-CL-0615,Cushing's Syndrome,18+ years of age,Startup,Site Selected,07/03/2026,11/15/2026,,,1,7543,,,,,,,,,,,,,,,,,,,,,,,,,,0,0,0,0,0,0,1,0,1,1,0,0,0,0,0,0,0,0
V2000103,30,,15,,,,Phoenix,V2000103,Obesity,"18 to 75 Years (Adults, Older Adults)",Enrolling,Enrolling,03/11/2026,07/24/2026,,,30,7227,,,,,,,,,,,,,,,,,,,,,,,,,,10,5,10,3,10,4,10,4,0,0,0,0,0,0,0,0,0,0
Vedolizumab-4033 |,0,,0,,,,Avicenna - Affiliate,Vedolizumab-4033,Others,"18 to 75 Years (Adults, Older Adults)",Enrolling,Enrolling,01/17/2023,,,,,1725,,,,,,,,,,,,,,,,,,,,,,,,,,,,,,,,,,,,,,,,,,,
Detroit | 218132 |,120,,90,,,,Detroit,218132,Influenza,18 to 49 years of age,Pipeline,PSV Completed,10/01/2026,12/15/2026,,,75,2632,,,,,,,,,,,,,,,,,,,,,,,,,,0,0,0,0,0,,,,,,,,,,,,,
Detroit | 218130 |,150,,100,,,,Detroit,218130,Influenza,> 65 years of age,Pipeline,PSV Completed,09/01/2026,10/29/2026,,,75,2620,,,,,,,,,,,,,,,,,,,,,,,,,,0,0,0,0,0,0,0,0,0,0,0,,,,,,,
vTv Therapeutics/ Medpace | TTP399-302 | Phase 3  Treatment Type 1 diabetes,8,,4,,,,Indianapolis,TTP399-302,Type 1 Diabetes,,Enrolling,Greenlight Received,03/12/2026,05/15/2026,,,,7291,,,,,,,,,,,,,,,,,,,,,,,,,,2,1,2,1,2,1,0,0,0,0,0,0,0,0,0,0,0,0
Vaxcyte/PPD-BC#125724-01/VAX31-103-Pneumo Vaccine ERN 7062,20,,,,,,Sugarland,VAX31-103,Pneumococcal,18 to 49 years of age,Maintenance,Maintenance,12/01/2025,02/27/2026,,,,7242,,,,,,,,,,,,,,,,,,,,,,,,,,0,0,0,0,0,0,0,0,0,0,0,0,0,0,0,0,0,0
Seattle | MAB02735 |,80,,64,,,,Seattle,MAB02735,RSV Vaccine,18 to 49 years of age,Pipeline,Potential,08/01/2026,08/31/2026,,,100,4208,,,,,,,,,,,,,,,,,,,,,,,,,,0,0,0,0,0,0,0,0,0,64,0,0,0,0,0,0,0,0
Seattle | mRNA-1273_1283-P401 |,150,,100,,,,Seattle,mRNA-1273_1283-P401,COVID-19,50 to 65 years of age,Pipeline,Potential,04/04/2026,02/16/2026,,,150,6770,,,,,,,,,,,,,,,,,,,,,,,,,,0,0,0,0,0,0,0,0,0,0,0,0,0,0,0,0,0,0
Avicenna Clinical Research - Pre-Screen - Gastroenterology,0,,0,,,,Avicenna - Affiliate,No Information,GERD,"18 to 75 Years (Adults, Older Adults)",Enrolling,Enrolling,01/17/2023,,,,,1708,,,,,,,,,,,,,,,,,,,,,,,,,,0,0,0,0,0,0,0,0,0,0,0,0,0,0,0,0,0,0
EVOLVE-UC-Takeda,0,,0,,,,Avicenna - Affiliate,none at the moment,Ulcerative Colitis,≥ 21 and < 65 years of age,Enrolling,Enrolling,01/24/2023,,,,,365,,,,,,,,,,,,,,,,,,,,,,,,,,0,0,0,0,0,0,0,0,0,0,0,0,0,0,0,0,0,0
Colorectal Screening Study,0,,0,,,,Avicenna - Affiliate,none at the moment,Others,≥ 21 and < 65 years of age,Enrolling,Enrolling,,,,,,231,,,,,,,,,,,,,,,,,,,,,,,,,,0,0,0,0,0,0,0,0,0,0,0,0,0,0,0,0,0,0
Bellaire | MDD3011 |,10,,6,,,,Bellaire,MDD3011,Major Depressive Disorder,adults greater than and equal to 18 years of age,Startup,SIV Scheduled,05/12/2026,01/01/2027,,,10,6827,,,,,,,,,,,,,,,,,,,,,,,,,,0,0,0,0,1,1,1,1,1,0,1,1,2,1,1,1,1,0
Bellaire | ML-007C-MA-212 |,10,,5,,,,Bellaire,ML-007C-MA-212,Schizophrenia,18-64,Startup,Site Selected,05/04/2026,07/29/2027,,,10,7364,,,,,,,,,,,,,,,,,,,,,,,,,,0,0,1,0,1,1,1,0,2,1,2,1,2,1,1,1,0,0
FSS | NN9490-8293 |,5,,5,,,,FSS,NN9490-8293,Obstructive Sleep Apnea,adults greater than and equal to 18 years of age,Startup,SIV Completed,05/05/2026,09/30/2026,,,5,6722,,,,,,,,,,,,,,,,,,,,,,,,,,0,0,0,0,2,2,3,2,1,1,0,0,0,0,0,0,0,0
Philadelphia | SAN-1138 |,22,,5,,,,Philadelphia,SAN-1138,Asthma,"18 to 75 Years (Adults, Older Adults)",Startup,SIV Completed,04/10/2026,08/01/2026,,,12,5721,,,,,,,,,,,,,,,,,,,,,,,,,,0,0,0,0,0,0,0,0,0,0,0,0,0,0,0,0,0,0
FSS | TAK-360-2001 |,8,,4,,,,FSS,TAK-360-2001,Narcolepsy NT1/NT2,"18 to 75 Years (Adults, Older Adults)",Startup,Site Selected,06/30/2026,01/28/2027,,,8,7245,,,,,,,,,,,,,,,,,,,,,,,,,,0,0,0,0,1,0,1,1,1,0,1,1,1,1,1,1,2,0
FSS | TAK-360-2002 |,5,,3,,,,FSS,TAK-360-2002,Narcolepsy NT1/NT2,,Startup,Site Selected,06/30/2026,01/28/2027,,,,7296,,,,,,,,,,,,,,,,,,,,,,,,,,0,0,0,0,1,1,0,1,1,1,1,1,1,0,0,0,0,0
Miami | C6511002 |,60,,4,,,,Miami,C6511002,Obesity,"18 to 75 Years (Adults, Older Adults)",Archive,Not Selected,06/01/2026,02/23/2027,,,20,6806,,,,,,,,,,,,,,,,,,,,,,,,,,0,0,0,0,1,1,1,1,1,1,0,0,1,1,,,,
Tomball | C6511002 |,24,,4,,,,Tomball,C6511002,Obesity,"18 to 75 Years (Adults, Older Adults)",Startup,Site Selected,05/04/2026,02/23/2027,,,12,6807,,,,,,,,,,,,,,,,,,,,,,,,,,0,0,0,0,1,1,1,1,1,1,0,0,1,1,,,,
Boston | TRS-018,35,,35,,,,Boston,TRS-018,Lyme,18 to 65 years of age,Enrolling,Enrolling,03/19/2026,06/30/2026,,,30,6971,,,,,,,,,,,,,,,,,,,,,,,,,,15,10,30,15,5,10,0,0,0,0,0,0,0,0,0,0,0,0
FSS | VRB-101-202 |,12,,5,,,,FSS,VRB-101-202,Obesity,"18 to 75 Years (Adults, Older Adults)",Startup,SIV Completed,5/15/2026,07/31/2026,,,12,5838,,,,,,,,,,,,,,,,,,,,,,,,,,0,0,0,0,0,0,0,0,0,0,0,0,0,0,0,0,0,0
Jersey City | C4591083 |,,,,,,,Jersey City,C4591083,COVID-19,> 65 years of age,Pipeline,Awaiting Approval,06/01/2026,,,,,7540,,,,,,,,,,,,,,,,,,,,,,,,,,0,0,0,0,0,0,0,0,0,0,0,0,0,0,0,0,0,0
Jersey City | C4591083 |,,,,,,,Jersey City,C4591083,COVID-19,18-64,Pipeline,Awaiting Approval,06/01/2026,,,,,7539,,,,,,,,,,,,,,,,,,,,,,,,,,0,0,0,0,0,0,0,0,0,0,0,0,0,0,0,0,0,0
Detroit | C4591083 |,,,,,,,Detroit,C4591083,COVID-19,> 65 years of age,Pipeline,Awaiting Approval,06/01/2026,,,,,7538,,,,,,,,,,,,,,,,,,,,,,,,,,0,0,0,0,0,0,0,0,0,0,0,0,0,0,0,0,0,0
Detroit | C4591083 |,,,,,,,Detroit,C4591083,COVID-19,18-64,Pipeline,Awaiting Approval,06/01/2026,,,,,7537,,,,,,,,,,,,,,,,,,,,,,,,,,0,0,0,0,0,0,0,0,0,0,0,0,0,0,0,0,0,0
Chicago | C4591083 |,,,,,,,Chicago,C4591083,COVID-19,> 65 years of age,Pipeline,Awaiting Approval,06/01/2026,,,,,7536,,,,,,,,,,,,,,,,,,,,,,,,,,0,0,0,0,0,0,0,0,0,0,0,0,0,0,0,0,0,0
Chicago | C4591083 |,,,,,,,Chicago,C4591083,COVID-19,18-64,Pipeline,Awaiting Approval,06/01/2026,,,,,7535,,,,,,,,,,,,,,,,,,,,,,,,,,0,0,0,0,0,0,0,0,0,0,0,0,0,0,0,0,0,0
Bellaire | D7260C00015 |,10,,,,,,Bellaire,D7260C00015,Obesity,adults greater than and equal to 18 years of age,Pipeline,PSV Completed,07/06/2026,03/15/2027,,,,7560,,,,,,,,,,,,,,,,,,,,,,,,,,0,0,0,0,0,0,0,0,0,0,0,0,0,0,0,0,0,0
Verdiva Bio/Paraxel-VRB-101-202/292277-Phase 2 Obesity,15,,5,,,,NOVA (Dallas),VRB-101-202,Obesity,"18 to 75 Years (Adults, Older Adults)",Startup,Site Selected,05/15/2026,07/31/2026,,,14,5480,,,,,,,,,,,,,,,,,,,,,,,,,,0,0,0,0,0,0,0,0,0,0,0,0,0,0,0,0,0,0
Detroit | C6491014 |,30,,20,,,,Detroit,C6491014,Obesity,adults greater than and equal to 18 years of age,Startup,Site Selected,08/03/2026,08/17/2026,,,20,7445,,,,,,,,,,,,,,,,,,,,,,,,,,0,0,0,0,30,20,0,0,0,0,0,0,0,0,0,0,0,0
Sugarland | C6491014 |,30,,20,,,,Sugarland,C6491014,Obesity,adults greater than and equal to 18 years of age,Startup,Site Selected,05/24/2026,08/17/2026,,,20,7444,,,,,,,,,,,,,,,,,,,,,,,,,,0,0,0,0,30,20,0,0,0,0,0,0,0,0,0,0,0,0
Indianapolis | C6491014 |,15,,,,,,Indianapolis,C6491014,Obesity,adults greater than and equal to 18 years of age,Startup,Site Selected,06/09/2026,10/26/2026,,,20,7443,,,,,,,,,,,,,,,,,,,,,,,,,,0,0,0,0,0,0,0,0,0,0,0,0,0,0,0,0,0,0
Tomball Rheumatology | WA46440 |,8,,4,,,,Tomball Rheumatology,WA46440,Rheumatoid Arthritis,adults greater than and equal to 18 years of age,Startup,SIV Scheduled,04/27/2026,06/01/2027,,,8,7095,,,,,,,,,,,,,,,,,,,,,,,,,,1,0,1,0,1,1,1,0,1,1,1,0,1,1,1,0,1,1
Chicago | D7261C00005 |,10,,6,,,,Chicago,D7261C00005,Type 2 Diabetes,adults greater than and equal to 18 years of age,Startup,Site Selected,06/26/2026,04/07/2027,,,6,7266,,,,,,,,,,,,,,,,,,,,,,,,,,0,0,0,0,1,0,2,1,2,1,2,1,1,1,1,1,1,1
Tomball | WC45726(CT-388-106) |,20,,10,,,,Tomball,WC45726(CT-388-106),Obesity,adults greater than and equal to 18 years of age,Startup,SIV Completed,04/21/2026,03/25/2027,,,10,6357,,,,,,,,,,,,,,,,,,,,,,,,,,0,0,1,0,2,1,3,2,3,2,3,1,3,2,3,1,2,1
Albuquerque | C6491014 |,20,,15,,,,Albuquerque,C6491014,Obesity,adults greater than and equal to 18 years of age,Startup,Site Selected,06/09/2026,10/28/2026,,,30,7591,,,,,,,,,,,,,,,,,,,,,,,,,,0,0,0,0,20,15,0,0,0,0,0,0,0,0,0,0,0,0
Rheumatology Clinic of Houston | M25-056 | Substudy 3,,,,,,,Rheumatology Clinic of Houston,M25-056,Rheumatoid Arthritis,18 to 49 years of age,Startup,SIV Scheduled,04/23/2026,07/31/2026,,,,7590,,,,,,,,,,,,,,,,,,,,,,,,,,0,0,0,0,0,0,0,0,0,0,0,0,0,0,0,0,0,0
Rheumatology Clinic of Houston | M25-056 | Substudy 2,,,,,,,Rheumatology Clinic of Houston,M25-056,Rheumatoid Arthritis,18 to 49 years of age,Startup,SIV Scheduled,04/23/2026,07/31/2026,,,,7589,,,,,,,,,,,,,,,,,,,,,,,,,,0,0,0,0,0,0,0,0,0,0,0,0,0,0,0,0,0,0
Miami | 299GD201 |,2,,1,,,,Miami,299GD201,No Information,"18 to 75 Years (Adults, Older Adults)",Startup,Site Selected,07/01/2026,02/01/2027,,,,7397,,,,,,,,,,,,,,,,,,,,,,,,,,0,0,0,0,0,0,1,0,1,1,0,0,0,0,0,0,0,0
Detroit | D7261C00005 |,10,,6,,,,Detroit,D7261C00005,Type 2 Diabetes,adults greater than and equal to 18 years of age,Startup,Site Selected,06/26/2026,04/07/2027,,,6,7310,,,,,,,,,,,,,,,,,,,,,,,,,,0,0,0,0,1,1,2,1,2,1,2,1,2,1,2,1,0,0
Indianapolis | AIC316-01-III-01 |,20,,2,,,,Indianapolis,AIC316-01-III-01,HSV Treatment,adults greater than and equal to 18 years of age,Startup,Site Selected,05/28/2026,12/03/2026,,,16,7295,,,,,,,,,,,,,,,,,,,,,,,,,,0,0,0,0,1,0,2,1,2,1,2,0,2,0,2,0,2,0
Sugarland | D7261C00005 |,10,,6,,,,Sugarland,D7261C00005,Type 2 Diabetes,adults greater than and equal to 18 years of age,Startup,Site Selected,06/26/2026,04/07/2027,,,6,7268,,,,,,,,,,,,,,,,,,,,,,,,,,0,0,0,0,1,0,2,1,2,1,2,1,1,1,1,1,1,1
Tomball Rheumatology | M25-056 | Substudy 3,0,,,,,,Tomball Rheumatology,M25-056,Rheumatoid Arthritis,18 to 49 years of age,Enrolling,Enrolling,06/15/2025,,,,20,6416,,,,,,,,,,,,,,,,,,,,,,,,,,0,0,0,0,0,0,0,0,0,0,0,0,0,0,0,0,0,0
Tomball Rheumatology | M25-056 | Substudy 2,0,,,,,,Tomball Rheumatology,M25-056,Rheumatoid Arthritis,18 to 49 years of age,Enrolling,Enrolling,06/15/2025,,,,20,6415,,,,,,,,,,,,,,,,,,,,,,,,,,0,0,0,0,0,0,0,0,0,0,0,0,0,0,0,0,0,0
AOM (Brooklyn) | R5713-5715-ALG-2556 |,20,,,,,,AOM (Brooklyn),R5713-5715-ALG-2556,Birch Pollen Allergy,12 years of age and older,Pipeline,PSV Completed,10/01/2026,01/26/2027,,,15,7555,,,,,,,,,,,,,,,,,,,,,,,,,,0,0,0,0,0,0,0,0,0,0,0,0,0,0,0,0,0,0
Phoenix | VCA23395 | Cohort 2 Sentinel (Stage 1),9,,,,,,Phoenix,VCA23395,RSV Vaccine,> 60 years of age,Pipeline,PSV Completed,07/31/2026,08/07/2026,,,Null,7638,,,,,,,,,,,,,,,,,,,,,,,,,,0,0,0,0,0,0,0,0,0,0,0,0,0,0,0,0,0,0
Chicago | VCA23395 | Cohort 2 Sentinel (Stage 1),9,,,,,,Chicago,VCA23395,RSV Vaccine,> 60 years of age,Pipeline,PSV Completed,07/31/2026,08/07/2026,,,Null,7632,,,,,,,,,,,,,,,,,,,,,,,,,,0,0,0,0,0,0,0,0,0,0,0,0,0,0,0,0,0,0
Albuquerque | VCA23395 | Cohort 2 Sentinel (Stage 1),9,,,,,,Albuquerque,VCA23395,RSV Vaccine,> 60 years of age,Pipeline,PSV Completed,07/31/2026,08/07/2026,,,Null,7496,,,,,,,,,,,,,,,,,,,,,,,,,,0,0,0,0,0,0,0,0,0,0,0,0,0,0,0,0,0,0
Tomball | VCA23395 | Cohort 2 Sentinel (Stage 1),9,,,,,,Tomball,VCA23395,RSV Vaccine,> 60 years of age,Pipeline,PSV Completed,07/31/2026,08/07/2026,,,Null,7492,,,,,,,,,,,,,,,,,,,,,,,,,,0,0,0,0,0,0,0,0,0,0,0,0,0,0,0,0,0,0
Phoenix | VCA23395 | Main Cohort 1 (Stage 2),80,,,,,,Phoenix,VCA23395,RSV Vaccine,> 60 years of age,Startup,Site Selected,09/21/2026,11/21/2026,,,Null,7491,,,,,,,,,,,,,,,,,,,,,,,,,,0,0,0,0,0,0,0,0,0,0,0,0,0,0,0,0,0,0
Tomball | VCA23395 | Main Cohort 1 (Stage 2),84,,,,,,Tomball,VCA23395,RSV Vaccine,> 60 years of age,Startup,Site Selected,09/21/2026,11/23/2026,,,40,7488,,,,,,,,,,,,,,,,,,,,,,,,,,0,0,0,0,0,0,0,0,0,0,0,0,0,0,0,0,0,0
Chicago | VCA23395 | Main Cohort 1 (Stage 2),90,,,,,,Chicago,VCA23395,RSV Vaccine,> 60 years of age,Startup,Site Selected,09/21/2026,11/21/2026,,,40,7479,,,,,,,,,,,,,,,,,,,,,,,,,,0,0,0,0,0,0,0,0,0,0,0,0,0,0,0,0,0,0
Albuquerque | VCA23395 | Main Cohort 1 (Stage 2),80,,,,,,Albuquerque,VCA23395,RSV Vaccine,> 60 years of age,Startup,Site Selected,09/21/2026,11/21/2026,,,40,7477,,,,,,,,,,,,,,,,,,,,,,,,,,0,0,0,0,0,0,0,0,0,0,0,0,0,0,0,0,0,0
NOVA (Dallas) | D7260C00015 |,10,,6,,,,NOVA (Dallas),D7260C00015,Obesity,adults greater than and equal to 18 years of age,Pipeline,PSV Completed,07/06/2026,03/15/2027,,,20,7218,,,,,,,,,,,,,,,,,,,,,,,,,,0,0,0,0,1,0,2,1,2,1,2,1,1,1,1,1,1,1
Seattle | VCA23395 | Cohort 2 Sentinel (Stage 1),9,,,,,,Seattle,VCA23395,RSV Vaccine,> 60 years of age,Pipeline,PSV Completed,07/31/2026,08/07/2026,,,,7652,,,,,,,,,,,,,,,,,,,,,,,,,,0,0,0,0,0,0,0,0,0,0,0,0,0,0,0,0,0,0
Dallas-Fort Worth | VCA23395 | Cohort 2 Sentinel (Stage 1),9,,,,,,Dallas-Fort Worth,VCA23395,RSV Vaccine,> 60 years of age,Pipeline,PSV Completed,07/31/2026,08/07/2026,,,,7651,,,,,,,,,,,,,,,,,,,,,,,,,,0,0,0,0,0,0,0,0,0,0,0,0,0,0,0,0,0,0
Cyfair | VCA23395 | Cohort 2 Sentinel (Stage 1),9,,,,,,Cyfair,VCA23395,RSV Vaccine,> 60 years of age,Pipeline,PSV Completed,07/31/2026,08/07/2026,,,,7649,,,,,,,,,,,,,,,,,,,,,,,,,,0,0,0,0,0,0,0,0,0,0,0,0,0,0,0,0,0,0
San Antonio | VCA23395 | Cohort 2 Sentinel (Stage 1),9,,,,,,San Antonio,VCA23395,RSV Vaccine,> 60 years of age,Pipeline,PSV Completed,07/31/2026,08/07/2026,,,,7648,,,,,,,,,,,,,,,,,,,,,,,,,,0,0,0,0,0,0,0,0,0,0,0,0,0,0,0,0,0,0
No Site assigned | 780748 |,,,,,,,No Site assigned,780748,Bronchiectasis,,Pipeline,CDA Received,,,,,,7645,,,,,,,,,,,,,,,,,,,,,,,,,,0,0,0,0,0,0,0,0,0,0,0,0,0,0,0,0,0,0
Tomball | Unknown |,,,,,,,Tomball,Unknown,RSV,75 + years of age,Pipeline,CDA Submitted,,,,,,7563,,,,,,,,,,,,,,,,,,,,,,,,,,0,0,0,0,0,0,0,0,0,0,0,0,0,0,0,0,0,0
Sugarland | VCA23395 | Cohort 2 Sentinel (Stage 1),9,,,,,,Sugarland,VCA23395,RSV Vaccine,> 60 years of age,Pipeline,PSV Completed,07/30/2026,02/26/2027,,,Null,7495,,,,,,,,,,,,,,,,,,,,,,,,,,0,0,0,0,0,0,0,0,0,0,0,0,0,0,0,0,0,0
Philadelphia | VCA23395 | Cohort 2 Sentinel (Stage 1),9,,,,,,Philadelphia,VCA23395,RSV Vaccine,> 60 years of age,Pipeline,PSV Completed,07/30/2026,02/26/2027,,,Null,7493,,,,,,,,,,,,,,,,,,,,,,,,,,0,0,0,0,0,0,0,0,0,0,0,0,0,0,0,0,0,0
Cyfair | VCA23395 | Main Cohort 1 (Stage 2),80,,,,,,Cyfair,VCA23395,RSV Vaccine,> 60 years of age,Startup,Site Selected,09/21/2026,11/21/2026,,,40,7490,,,,,,,,,,,,,,,,,,,,,,,,,,0,0,0,0,0,0,0,0,0,0,0,0,0,0,0,0,0,0
Sugarland | VCA23395 | Main Cohort 1 (Stage 2),80,,,,,,Sugarland,VCA23395,RSV Vaccine,> 60 years of age,Startup,Site Selected,09/21/2026,11/21/2026,,,40,7487,,,,,,,,,,,,,,,,,,,,,,,,,,0,0,0,0,0,0,0,0,0,0,0,0,0,0,0,0,0,0
Seattle | VCA23395 | Main Cohort 1 (Stage 2),80,,,,,,Seattle,VCA23395,RSV Vaccine,> 60 years of age,Startup,Site Selected,09/21/2026,11/23/2026,,,40,7486,,,,,,,,,,,,,,,,,,,,,,,,,,0,0,0,0,0,0,0,0,0,0,0,0,0,0,0,0,0,0
San Antonio | VCA23395 | Main Cohort 1 (Stage 2),80,,,,,,San Antonio,VCA23395,RSV Vaccine,> 60 years of age,Startup,Site Selected,09/21/2026,11/21/2026,,,40,7485,,,,,,,,,,,,,,,,,,,,,,,,,,0,0,0,0,0,0,0,0,0,0,0,0,0,0,0,0,0,0
Philadelphia | VCA23395 | Main Cohort 1 (Stage 2),80,,,,,,Philadelphia,VCA23395,RSV Vaccine,> 60 years of age,Startup,Site Selected,09/21/2026,11/21/2026,,,40,7484,,,,,,,,,,,,,,,,,,,,,,,,,,0,0,0,0,0,0,0,0,0,0,0,0,0,0,0,0,0,0
Dallas-Fort Worth | VCA23395 | Main Cohort 1 (Stage 2),76,,,,,,Dallas-Fort Worth,VCA23395,RSV Vaccine,> 60 years of age,Startup,Site Selected,09/21/2026,11/23/2026,,,40,7481,,,,,,,,,,,,,,,,,,,,,,,,,,0,0,0,0,0,0,0,0,0,0,0,0,0,0,0,0,0,0
Tomball | D7261C00003 |,7,,5,,,,Tomball,D7261C00003,Type 2 Diabetes,adults greater than and equal to 18 years of age,Pipeline,PSV Completed,07/01/2026,07/30/2027,,,7,7262,,,,,,,,,,,,,,,,,,,,,,,,,,0,0,0,0,0,0,1,1,2,1,2,1,1,1,1,1,0,0
Trident (Phoenix) | D7261C00004 |,6,,4,,,,Trident (Phoenix),D7261C00004,Type 2 Diabetes,adults greater than and equal to 18 years of age,Startup,Site Selected,06/30/2026,08/12/2027,,,6,7254,,,,,,,,,,,,,,,,,,,,,,,,,,0,0,0,0,0,0,1,1,1,1,2,1,1,1,1,0,0,0
Tomball | D7260C00015 |,10,,6,,,,Tomball,D7260C00015,Obesity,adults greater than and equal to 18 years of age,Pipeline,PSV Completed,07/06/2026,03/15/2027,,,20,7217,,,,,,,,,,,,,,,,,,,,,,,,,,0,0,0,0,0,0,1,1,2,1,2,1,2,1,2,1,2,1
Detroit | VCA23395 | Cohort 2 Sentinel (Stage 1),9,,,,,,Detroit,VCA23395,RSV Vaccine,> 60 years of age,Pipeline,PSV Completed,07/31/2026,08/07/2026,,,,7752,,,,,,,,,,,,,,,,,,,,,,,,,,0,0,0,0,0,0,0,0,0,0,0,0,0,0,0,0,0,0
Bellaire | VCA23395 | Cohort 2 Sentinel (Stage 1),9,,,,,,Bellaire,VCA23395,RSV Vaccine,> 60 years of age,Pipeline,PSV Completed,07/31/2026,08/07/2026,,,,7747,,,,,,,,,,,,,,,,,,,,,,,,,,0,0,0,0,0,0,0,0,0,0,0,0,0,0,0,0,0,0
Jersey City | VCA23395 | Cohort 2 Sentinel (Stage 1),9,,,,,,Jersey City,VCA23395,RSV Vaccine,> 60 years of age,Pipeline,PSV Completed,07/31/2026,08/07/2026,,,,7663,,,,,,,,,,,,,,,,,,,,,,,,,,0,0,0,0,0,0,0,0,0,0,0,0,0,0,0,0,0,0
Boston | VCA23395 | Cohort 2 Sentinel (Stage 1),9,,,,,,Boston,VCA23395,RSV Vaccine,> 60 years of age,Pipeline,PSV Completed,07/31/2026,08/07/2026,,,,7656,,,,,,,,,,,,,,,,,,,,,,,,,,0,0,0,0,0,0,0,0,0,0,0,0,0,0,0,0,0,0
Tomball | EFC22927 |,12,,,,,,Tomball,EFC22927,COPD,40-85 years of age,Pipeline,PSV Completed,09/09/2026,03/30/2029,,,8,7584,,,,,,,,,,,,,,,,,,,,,,,,,,0,0,0,0,0,0,0,0,0,0,0,0,0,0,0,0,0,0
Dominion (San Antonio) | VCA23395 | Cohort 2 Sentinel (Stage 1),9,,,,,,Dominion (San Antonio),VCA23395,RSV Vaccine,> 60 years of age,Pipeline,PSV Completed,07/31/2026,08/07/2026,,,Null,7494,,,,,,,,,,,,,,,,,,,,,,,,,,0,0,0,0,0,0,0,0,0,0,0,0,0,0,0,0,0,0
Detroit | VCA23395 | Main Cohort 1 (Stage 2),84,,,,,,Detroit,VCA23395,RSV Vaccine,> 60 years of age,Pipeline,PSV Completed,09/21/2026,11/23/2026,,,40,7489,,,,,,,,,,,,,,,,,,,,,,,,,,0,0,0,0,0,0,0,0,0,0,0,0,0,0,0,0,0,0
Jersey City | VCA23395 | Main Cohort 1 (Stage 2),76,,,,,,Jersey City,VCA23395,RSV Vaccine,> 60 years of age,Startup,Site Selected,09/21/2026,11/23/2026,,,40,7483,,,,,,,,,,,,,,,,,,,,,,,,,,0,0,0,0,0,0,0,0,0,0,0,0,0,0,0,0,0,0
Dominion (San Antonio) | VCA23395 | Main Cohort 1 (Stage 2),90,,,,,,Dominion (San Antonio),VCA23395,RSV Vaccine,> 60 years of age,Pipeline,PSV Completed,09/21/2026,11/23/2026,,,40,7482,,,,,,,,,,,,,,,,,,,,,,,,,,0,0,0,0,0,0,0,0,0,0,0,0,0,0,0,0,0,0
Bellaire | VCA23395 | Main Cohort 1 (Stage 2),80,,,,,,Bellaire,VCA23395,RSV Vaccine,> 60 years of age,Startup,Site Selected,09/21/2026,11/23/2026,,,40,7480,,,,,,,,,,,,,,,,,,,,,,,,,,0,0,0,0,0,0,0,0,0,0,0,0,0,0,0,0,0,0
Boston | VCA23395 | Main Cohort 1 (Stage 2),80,,,,,,Boston,VCA23395,RSV Vaccine,> 60 years of age,Startup,Site Selected,09/21/2026,11/23/2026,,,40,7478,,,,,,,,,,,,,,,,,,,,,,,,,,0,0,0,0,0,0,0,0,0,0,0,0,0,0,0,0,0,0
Dallas-Fort Worth | D7261C00002 |,5,,4,,,,Dallas-Fort Worth,D7261C00002,Type 2 Diabetes,adults greater than and equal to 18 years of age,Pipeline,PSV Completed,07/06/2026,08/13/2027,,,6,7263,,,,,,,,,,,,,,,,,,,,,,,,,,0,0,0,0,0,0,0,0,0,0,0,0,0,0,0,0,0,0
Dominion (San Antonio) | D7261C00004 |,10,,4,,,,Dominion (San Antonio),D7261C00004,Type 2 Diabetes,adults greater than and equal to 18 years of age,Pipeline,PSV Completed,07/04/2026,08/10/2027,,,6,7256,,,,,,,,,,,,,,,,,,,,,,,,,,0,0,0,0,0,0,0,0,0,0,0,0,0,0,0,0,0,0
Tomball | 295449 |,8,,,,,,Tomball,295449,COPD,40 to 80 years of age (inclusive),Pipeline,PSV Completed,05/14/2026,05/14/2027,,,,7798,,,,,,,,,,,,,,,,,,,,,,,,,,0,0,0,0,0,0,0,0,0,0,0,0,0,0,0,0,0,0
Indianapolis | NN9489-8449 |,6,,,,,,Indianapolis,NN9489-8449,Type 2 Diabetes,18+ years of age,Pipeline,PSV Completed,11/10/2026,06/29/2027,,,15-20,7764,,,,,,,,,,,,,,,,,,,,,,,,,,0,0,0,0,0,0,0,0,0,0,0,0,0,0,0,0,0,0
Miami | D7261C00006 |,7,,4,,,,Miami,D7261C00006,Type 2 Diabetes,adults greater than and equal to 18 years of age,Pipeline,PSV Completed,07/04/2026,04/06/2027,,,6,7252,,,,,,,,,,,,,,,,,,,,,,,,,,0,0,0,0,0,0,0,0,0,0,0,0,0,0,0,0,0,0
AOM (Brooklyn) | D7261C00006 |,8,,4,,,,AOM (Brooklyn),D7261C00006,Type 2 Diabetes,adults greater than and equal to 18 years of age,Pipeline,PSV Completed,07/04/2026,04/06/2027,,,6,7251,,,,,,,,,,,,,,,,,,,,,,,,,,0,0,0,0,0,0,0,0,0,0,0,0,0,0,0,0,0,0