DM Clinical Research,Go-Get Split,,,,,,OK,,Prepared By: FP&A Team,,,,,,,,,,,,,,,,,,,,,,,,,,,,
Revenue Summary 2026,Vaccine,,,,18%,,,,,,,,,,,,,,,,,,,,,,,,,,,,,,,,
As revised based on the current revenue waterfall,Non-Vaccine,,,,82%,,,,,,,,,,,,,,,,,,,,,,,,,,,,,,,,
Update as of 05/26/2026,Provision for Enrolling Studies,,,,25%,,,,,,,,,,,,,,,,,,,,,,,,,,,,,,,,
,,,,,,,,,ACT,ACT,ACT,ACT,ACT,FCST,FCST,FCST,FCST,FCST,FCST,FCST,,,,Coverage Ratio,,,,,,,,,,,,,
,H1,H2,,Q1,Q2,Q3,Q4,,Jan,Feb,Mar,Apr,May,Jun,Jul,Aug,Sep,Oct,Nov,Dec,Total,,,Q1,Q2,Q3,Q4,Annual,,,,,,,,,
Revenue Waterfall - Baseline Goals,"  39,545 ","  45,455 ",,"  21,785 ","  17,760 ","  18,599 ","  26,856 ",,"  6,359 ","  7,017 ","  8,408 ","  6,710 ","  6,993 ","  4,057 ","  5,421 ","  5,809 ","  7,369 ","  9,577 ","  8,833 ","  8,446 ","  85,000 ",,,,,,,,,,,,,,,,
Backlog (Maintenance),"  22,022 ","  6,063 ",,"  13,737 ","  8,284 ","  2,445 ","  3,618 ",,"  5,189 ","  4,627 ","  3,921 ","  2,896 ","  3,710 ","  1,678 ","  1,042 ",  700 ,  702 ,"  1,448 ",  783 ,"  1,387 ","28,085",33%,,63%,47%,13%,13%,33%,,,,,,,,,
Total Enrolling,"  17,056 ","  10,154 ",,"  8,048 ","  9,009 ","  5,530 ","  4,624 ",,"  1,170 ","  2,390 ","  4,487 ","  3,792 ","  3,183 ","  2,034 ","  2,104 ","  1,788 ","  1,637 ","  1,775 ","  1,449 ","  1,400 ","27,210",32%,,37%,51%,30%,17%,32%,,,,,,,,,
Enrolling,"  16,903 ","  9,239 ",,"  8,048 ","  8,855 ","  5,037 ","  4,202 ",,"  1,170 ","  2,390 ","  4,487 ","  3,792 ","  3,183 ","  1,880 ","  1,927 ","  1,626 ","  1,484 ","  1,630 ","  1,318 ","  1,255 ","26,142",31%,,37%,50%,27%,16%,31%,,,,,,,,,
Revenue Optimization - Enrolling Studies,  154 ,  914 ,,  - ,  154 ,  493 ,  421 ,,  - ,  - ,  - ,  - ,  - ,  154 ,  177 ,  162 ,  154 ,  145 ,  130 ,  146 ,"1,068",1%,,0%,1%,3%,2%,1%,,,,,,,,,
Risk Adjustments for Enrolling Trials,  - ,  - ,,  - ,  - ,  - ,  - ,,  - ,  - ,  - ,  - ,  - ,  - ,  - ,  - ,  - ,  - ,  - ,  - ,-,0%,,0%,0%,0%,0%,0%,,,,,,,,,
Total Awarded,  291 ,"  7,228 ",,  - ,  291 ,"  2,432 ","  4,795 ",,  - ,  - ,  - ,  21 ,  101 ,  170 ,  620 ,  817 ,  996 ,"  2,622 ","  1,329 ",  844 ,"7,519",9%,,0%,2%,13%,18%,9%,,,,,,,,,
Awarded,  296 ,"  13,324 ",,  - ,  296 ,"  2,858 ","  10,466 ",,  - ,  - ,  - ,  21 ,  101 ,  174 ,  656 ,  866 ,"  1,336 ","  7,113 ","  2,308 ","  1,044 ","13,620",16%,,0%,2%,15%,39%,16%,,,,,,,,,
Risk Adjustments for Awarded Trials,  (4),"  (6,096)",,  - ,  (4),  (426),"  (5,671)",,  - ,  - ,  - ,  - ,  - ,  (4),  (36),  (50),  (340),"  (4,491)",  (979),  (200),"(6,101)",-7%,,0%,0%,-2%,-21%,-7%,,,,,,,,,
Budget Optimization,  - ,  - ,,  - ,  - ,  - ,  - ,,  - ,  - ,  - ,  - ,  - ,  - ,  - ,  - ,  - ,  - ,  - ,  - ,-,0%,,0%,0%,0%,0%,0%,,,,,,,,,
Total Pipeline,  176 ,"  8,843 ",,  - ,  176 ,"  2,925 ","  5,918 ",,  - ,  - ,  - ,  - ,  - ,  176 ,  337 ,"  1,188 ","  1,399 ","  1,757 ","  1,981 ","  2,180 ","9,019",11%,,0%,1%,16%,22%,11%,,,,,,,,,
Pipeline,  37 ,"  3,865 ",,  - ,  37 ,"  1,053 ","  2,812 ",,  - ,  - ,  - ,  - ,  - ,  37 ,  156 ,  368 ,  529 ,  835 ,  957 ,"  1,020 ","3,902",5%,"  14,452 ",0%,0%,6%,10%,5%,,,,,,,,,
Pipeline Below PSV,  206 ,"  5,961 ",,  - ,  206 ,"  2,134 ","  3,827 ",,  - ,  - ,  - ,  - ,  - ,  206 ,  253 ,  903 ,  978 ,"  1,201 ","  1,289 ","  1,338 ","6,167",7%,"  76,995 ",,,,,,,,,,,,,,
Risk Adjustments for Pipeline Trials,  (67),  (983),,  - ,  (67),  (263),  (721),,  - ,  - ,  - ,  - ,  - ,  (67),  (71),  (83),  (108),  (279),  (265),  (177),"(1,050)",-1%,,,,,,,,,,,,,,,
Pipeline Stratification,,,,,,,,,,,,,,,,,,,,,,,,,,,,,,,,,,,,,
0% - 10%,  6 ,  240 ,,  - ,  6 ,  66 ,  174 ,,  - ,  - ,  - ,  - ,  - ,  6 ,  12 ,  26 ,  28 ,  31 ,  63 ,  79 ,246,"17,359",,,,,,,,,,,,,,,
11% - 30%,  200 ,"  5,329 ",,  - ,  200 ,"  2,068 ","  3,261 ",,  - ,  - ,  - ,  - ,  - ,  200 ,  240 ,  877 ,  950 ,"  1,024 ","  1,069 ","  1,168 ","5,529","58,969",,,,,,,,,,,,,,,
31% - 75%,  - ,  144 ,,  - ,  - ,  59 ,  85 ,,  - ,  - ,  - ,  - ,  - ,  - ,  3 ,  26 ,  29 ,  22 ,  31 ,  31 ,144,500,,,,,,,,,,,,,,,
76% - 85%,  37 ,"  4,114 ",,  - ,  37 ,  994 ,"  3,119 ",,  - ,  - ,  - ,  - ,  - ,  37 ,  153 ,  342 ,  500 ,  959 ,"  1,082 ","  1,079 ","4,151","14,619",,,,,,,,,,,,,,,
Genuine Go-Get,  - ,"  13,168 ",,  - ,  - ,"  5,267 ","  7,901 ",,  - ,  - ,  - ,  - ,  - ,  - ,"  1,317 ","  1,317 ","  2,634 ","  1,975 ","  3,292 ","  2,634 ","13,168",15%,,0%,0%,28%,29%,15%,,,,,,,,,
Go-Get - Organic,  - ,"  7,085 ",,  - ,  - ,"  2,834 ","  4,251 ",,  - ,  - ,  - ,  - ,  - ,  - ,  708 ,  708 ,"  1,417 ","  1,063 ","  1,771 ","  1,417 ","7,085",8%,,0%,0%,15%,16%,8%,,,,,,,,,
Go-Get - Organic due to Enrolling Revenue Optimization,  - ,"  (1,068)",,  - ,  - ,  (427),  (641),,  - ,  - ,  - ,  - ,  - ,  - ,  (107),  (107),  (214),  (160),  (267),  (214),"(1,068)",-1%,,,,,,,,,,,,,,,
Go-Get - Organic due to Enrolling Adj.,  - ,  - ,,  - ,  - ,  - ,  - ,,  - ,  - ,  - ,  - ,  - ,  - ,  - ,  - ,  - ,  - ,  - ,  - ,-,,,,,,,,,,,,,,,,
Go-Get - Organic due to Budget Optimization,  - ,  - ,,  - ,  - ,  - ,  - ,,  - ,  - ,  - ,  - ,  - ,  - ,  - ,  - ,  - ,  - ,  - ,  - ,-,,,,,,,,,,,,,,,,
Go-Get - Organic due to Pipeline Adj,  - ,"  1,050 ",,  - ,  - ,  420 ,  630 ,,  - ,  - ,  - ,  - ,  - ,  - ,  105 ,  105 ,  210 ,  158 ,  263 ,  210 ,"1,050",,,,,,,,,,,,,,,,
Go-Get - Organic due to Awarded Adj,  - ,"  6,101 ",,  - ,  - ,"  2,440 ","  3,660 ",,  - ,  - ,  - ,  - ,  - ,  - ,  610 ,  610 ,"  1,220 ",  915 ,"  1,525 ","  1,220 ","6,101",7%,,,,,,,,,,,,,,,
,0%,100%,,0%,0%,40%,60%,,0%,0%,0%,0%,0%,0%,10%,10%,20%,15%,25%,20%,100%,,,,,,,,,,,,,,,,
Expected Goals (Confidence Weighted),"2,666","3,856",,"1,834",832,"1,450","2,407",,776,630,428,285,273,274,421,595,433,"1,562",477,367,"6,522",,,,,,,,,,,,,,,,
Vaccine,"2,351","2,064",,"1,745",606,424,"1,640",,747,610,388,248,228,130,158,87,179,"1,380",139,122,"4,415",,,,,,,,,,,,,,,,
Non-Vaccine,315,"1,792",,89,226,"1,025",767,,29,20,40,37,45,144,263,508,254,183,339,245,"2,107",,,,,,,,,,,,,,,,
,,,,,,,,,,,,,,,,,,,,,,,,,,,,,,,,,,,,,
Revenue By Vaccine/Non-Vaccine,"  39,545 ","  45,455 ",,"  21,785 ","  17,760 ","  18,599 ","  26,856 ",,"  6,359 ","  7,017 ","  8,408 ","  6,710 ","  6,993 ","  4,057 ","  5,421 ","  5,809 ","  7,369 ","  9,577 ","  8,833 ","  8,446 ","  85,000 ",,,,,,,,,,,,,,,,
Bifurcation by Waterfall,,,,,,,,,,,,,,,,,,,,,,,,,,,,,,,,,,,,,
 Vaccine ,"  32,180 ","  19,369 ",,"  18,816 ","  13,364 ","  7,167 ","  12,202 ",,"  5,452 ","  6,043 ","  7,322 ","  5,312 ","  5,447 ","  2,605 ","  2,518 ","  1,934 ","  2,715 ","  5,133 ","  3,610 ","  3,458 ","  51,549 ",61%,,,,,,,,,,,,,,,
 Backlog (Maintenance) ,"  19,257 ","  4,984 ",,"  12,119 ","  7,138 ","  1,633 ","  3,351 ",,"  4,607 ","  4,057 ","  3,455 ","  2,446 ","  3,364 ","  1,328 ",  722 ,  444 ,  467 ,"  1,311 ",  713 ,"  1,328 ","  24,241 ",,,,,,,,,,,,,,,,
 Total Enrolling ,"  12,790 ","  3,850 ",,"  6,698 ","  6,092 ","  2,124 ","  1,726 ",,  845 ,"  1,986 ","  3,867 ","  2,865 ","  2,065 ","  1,162 ",  969 ,  651 ,  504 ,  730 ,  542 ,  454 ,"  16,639 ",,,,,,,,,,,,,,,,
 Enrolling ,"  12,766 ","  3,768 ",,"  6,698 ","  6,068 ","  2,083 ","  1,685 ",,  845 ,"  1,986 ","  3,867 ","  2,865 ","  2,065 ","  1,138 ",  951 ,  639 ,  493 ,  713 ,  531 ,  441 ,"  16,534 ",,,,,,,,,,,,,,,,
 Revenue Optimization - Enrolling Studies ,  24 ,  82 ,,  - ,  24 ,  41 ,  41 ,,  - ,  - ,  - ,  - ,  - ,  24 ,  18 ,  11 ,  11 ,  17 ,  11 ,  13 ,  106 ,,,,,,,,,,,,,,,,
 Enrolling Adjustment ,  - ,  - ,,  - ,  - ,  - ,  - ,,  - ,  - ,  - ,  - ,  - ,  - ,  - ,  - ,  - ,  - ,  - ,  - ,  - ,,,,,,,,,,,,,,,,
 Total Awarded ,  26 ,"  2,321 ",,  - ,  26 ,  156 ,"  2,164 ",,  - ,  - ,  - ,  - ,  18 ,  8 ,  17 ,  17 ,  123 ,"  1,715 ",  370 ,  79 ,"  2,347 ",,,,,,,,,,,,,,,,
 Awarded ,  26 ,"  8,034 ",,  - ,  26 ,  422 ,"  7,612 ",,  - ,  - ,  - ,  - ,  18 ,  8 ,  17 ,  17 ,  388 ,"  6,113 ","  1,269 ",  231 ,"  8,060 ",,,,,,,,,,,,,,,,
 Awarded Adjustment ,  - ,"  (5,713)",,  - ,  - ,  (265),"  (5,448)",,  - ,  - ,  - ,  - ,  - ,  - ,  - ,  - ,  (265),"  (4,397)",  (900),  (152),"  (5,713)",,,,,,,,,,,,,,,,
 Budget Optimization ,  - ,  - ,,  - ,  - ,  - ,  - ,,  - ,  - ,  - ,  - ,  - ,  - ,  - ,  - ,  - ,  - ,  - ,  - ,  - ,,,,,,,,,,,,,,,,
 Total Pipeline ,  107 ,"  1,229 ",,  - ,  107 ,  460 ,  769 ,,  - ,  - ,  - ,  - ,  - ,  107 ,  112 ,  125 ,  224 ,  329 ,  239 ,  201 ,"  1,337 ",,,,,,,,,,,,,,,,
 Pipeline ,  18 ,  811 ,,  - ,  18 ,  228 ,  583 ,,  - ,  - ,  - ,  - ,  - ,  18 ,  22 ,  39 ,  167 ,  292 ,  180 ,  112 ,  830 ,,,,,,,,,,,,,,,,
 Pipeline Below PSV ,  89 ,  989 ,,  - ,  89 ,  289 ,  700 ,,  - ,  - ,  - ,  - ,  - ,  89 ,  92 ,  100 ,  97 ,  247 ,  257 ,  196 ,"  1,078 ",,,,,,,,,,,,,,,,
Risk Adjustments for Pipeline Trials,  - ,  (571),,  - ,  - ,  (57),  (514),,  - ,  - ,  - ,  - ,  - ,  - ,  (2),  (14),  (41),  (209),  (198),  (108),  (571),,,,,,,,,,,,,,,,
  Genuine Go-Get  ,  - ,"  6,985 ",,  - ,  - ,"  2,794 ","  4,191 ",,  - ,  - ,  - ,  - ,  - ,  - ,  699 ,  699 ,"  1,397 ","  1,048 ","  1,746 ","  1,397 ","  6,985 ",,,,,,,,,,,,,,,,
Go-Get - Organic ,  - ,"  1,275 ",,  - ,  - ,  510 ,  765 ,,  - ,  - ,  - ,  - ,  - ,  - ,  128 ,  128 ,  255 ,  191 ,  319 ,  255 ,"  1,275 ",,,,,,,,,,,,,,,,
Go-Get - Organic due to Enrolling Revenue Optimization,  - ,  (192),,  - ,  - ,  (77),  (115),,  - ,  - ,  - ,  - ,  - ,  - ,  (19),  (19),  (38),  (29),  (48),  (38),  (192),,,,,,,,,,,,,,,,
Go-Get - Organic due to Enrolling Adj.,  - ,  - ,,  - ,  - ,  - ,  - ,,  - ,  - ,  - ,  - ,  - ,  - ,  - ,  - ,  - ,  - ,  - ,  - ,  - ,,,,,,,,,,,,,,,,
Go-Get - Organic due to Budget Optimization,  - ,  - ,,  - ,  - ,  - ,  - ,,  - ,  - ,  - ,  - ,  - ,  - ,  - ,  - ,  - ,  - ,  - ,  - ,  - ,,,,,,,,,,,,,,,,
Go-Get - Organic due to Pipeline Adj,  - ,  189 ,,  - ,  - ,  76 ,  113 ,,  - ,  - ,  - ,  - ,  - ,  - ,  19 ,  19 ,  38 ,  28 ,  47 ,  38 ,  189 ,,,,,,,,,,,,,,,,
Go-Get - Organic due to Awarded Adj,  - ,"  5,713 ",,  - ,  - ,"  2,285 ","  3,428 ",,  - ,  - ,  - ,  - ,  - ,  - ,  571 ,  571 ,"  1,143 ",  857 ,"  1,428 ","  1,143 ","  5,713 ",,,,,,,,,,,,,,,,
 Non-Vaccine ,"  7,365 ","  26,085 ",,"  2,969 ","  4,397 ","  11,431 ","  14,654 ",,  908 ,  974 ,"  1,087 ","  1,398 ","  1,547 ","  1,452 ","  2,903 ","  3,875 ","  4,654 ","  4,444 ","  5,223 ","  4,987 ","  33,451 ",39%,,,,,,,,,,,,,,,
 Backlog (Maintenance) ,"  2,765 ","  1,079 ",,"  1,618 ","  1,146 ",  812 ,  267 ,,  582 ,  570 ,  466 ,  450 ,  347 ,  350 ,  321 ,  256 ,  235 ,  137 ,  70 ,  60 ,"  3,844 ",,,,,,,,,,,,,,,,
 Total Enrolling ,"  4,267 ","  6,304 ",,"  1,350 ","  2,917 ","  3,406 ","  2,898 ",,  325 ,  404 ,  621 ,  927 ,"  1,118 ",  872 ,"  1,135 ","  1,137 ","  1,133 ","  1,045 ",  906 ,  946 ,"  10,571 ",,,,,,,,,,,,,,,,
 Enrolling ,"  4,137 ","  5,471 ",,"  1,350 ","  2,787 ","  2,954 ","  2,517 ",,  325 ,  404 ,  621 ,  927 ,"  1,118 ",  742 ,  976 ,  986 ,  991 ,  917 ,  787 ,  814 ,"  9,608 ",,,,,,,,,,,,,,,,
 Revenue Optimization - Enrolling Studies ,  130 ,  833 ,,  - ,  130 ,  452 ,  380 ,,  - ,  - ,  - ,  - ,  - ,  130 ,  159 ,  151 ,  142 ,  128 ,  120 ,  133 ,  962 ,,,,,,,,,,,,,,,,
 Enrolling Adjustment ,  - ,  - ,,  - ,  - ,  - ,  - ,,  - ,  - ,  - ,  - ,  - ,  - ,  - ,  - ,  - ,  - ,  - ,  - ,  - ,,,,,,,,,,,,,,,,
 Total Awarded ,  265 ,"  4,907 ",,  - ,  265 ,"  2,276 ","  2,631 ",,  - ,  - ,  - ,  21 ,  82 ,  162 ,  603 ,  799 ,  874 ,  906 ,  959 ,  765 ,"  5,172 ",,,,,,,,,,,,,,,,
 Awarded ,  269 ,"  5,290 ",,  - ,  269 ,"  2,437 ","  2,853 ",,  - ,  - ,  - ,  21 ,  82 ,  166 ,  639 ,  849 ,  948 ,"  1,000 ","  1,039 ",  814 ,"  5,559 ",,,,,,,,,,,,,,,,
 Awarded Adjustment ,  (4),  (383),,  - ,  (4),  (161),  (222),,  - ,  - ,  - ,  - ,  - ,  (4),  (36),  (50),  (75),  (94),  (80),  (48),  (387),,,,,,,,,,,,,,,,
 Budget Optimization ,  - ,  - ,,  - ,  - ,  - ,  - ,,  - ,  - ,  - ,  - ,  - ,  - ,  - ,  - ,  - ,  - ,  - ,  - ,  - ,,,,,,,,,,,,,,,,
 Total Pipeline ,  69 ,"  7,613 ",,  - ,  69 ,"  2,464 ","  5,149 ",,  - ,  - ,  - ,  - ,  - ,  69 ,  225 ,"  1,063 ","  1,176 ","  1,428 ","  1,742 ","  1,979 ","  7,682 ",,,,,,,,,,,,,,,,
 Pipeline ,  18 ,"  3,054 ",,  - ,  18 ,  825 ,"  2,228 ",,  - ,  - ,  - ,  - ,  - ,  18 ,  134 ,  329 ,  362 ,  543 ,  778 ,  907 ,"  3,072 ",,,,,,,,,,,,,,,,
 Pipeline Below PSV ,  117 ,"  4,972 ",,  - ,  117 ,"  1,845 ","  3,127 ",,  - ,  - ,  - ,  - ,  - ,  117 ,  161 ,  804 ,  881 ,  954 ,"  1,031 ","  1,141 ","  5,089 ",,,,,,,,,,,,,,,,
Risk Adjustments for Pipeline Trials,  (67),  (412),,  - ,  (67),  (206),  (206),,  - ,  - ,  - ,  - ,  - ,  (67),  (69),  (69),  (67),  (69),  (67),  (69),  (479),,,,,,,,,,,,,,,,
  Genuine Go-Get  ,  - ,"  6,182 ",,  - ,  - ,"  2,473 ","  3,709 ",,  - ,  - ,  - ,  - ,  - ,  - ,  618 ,  618 ,"  1,236 ",  927 ,"  1,546 ","  1,236 ","  6,182 ",,,,,,,,,,,,,,,,
Go-Get - Organic ,  - ,"  5,810 ",,  - ,  - ,"  2,324 ","  3,486 ",,  - ,  - ,  - ,  - ,  - ,  - ,  581 ,  581 ,"  1,162 ",  871 ,"  1,452 ","  1,162 ","  5,810 ",,,,,,,,,,,,,,,,
Go-Get - Organic due to Enrolling Revenue Optimization,  - ,  (876),,  - ,  - ,  (350),  (526),,  - ,  - ,  - ,  - ,  - ,  - ,  (88),  (88),  (175),  (131),  (219),  (175),  (876),,,,,,,,,,,,,,,,
Go-Get - Organic due to Enrolling Adj.,  - ,  - ,,  - ,  - ,  - ,  - ,,  - ,  - ,  - ,  - ,  - ,  - ,  - ,  - ,  - ,  - ,  - ,  - ,  - ,,,,,,,,,,,,,,,,
Go-Get - Organic due to Budget Optimization,  - ,  - ,,  - ,  - ,  - ,  - ,,  - ,  - ,  - ,  - ,  - ,  - ,  - ,  - ,  - ,  - ,  - ,  - ,  - ,,,,,,,,,,,,,,,,
Go-Get - Organic due to Pipeline Adj,  - ,  861 ,,  - ,  - ,  344 ,  517 ,,  - ,  - ,  - ,  - ,  - ,  - ,  86 ,  86 ,  172 ,  129 ,  215 ,  172 ,  861 ,,,,,,,,,,,,,,,,
Go-Get - Organic due to Awarded Adj,  - ,  387 ,,  - ,  - ,  155 ,  232 ,,  - ,  - ,  - ,  - ,  - ,  - ,  39 ,  39 ,  77 ,  58 ,  97 ,  77 ,  387 ,,,,,,,,,,,,,,,,
,,,,,,,,,,,,,,,,,,,,,,,,,,,,,,,,,,,,,
Bifurcation by Therapeutic Area:,,,,,,,,,,,,,,,,,,,,,,,,,,,,,,,,,,,,,
Vaccine,"  32,180 ","  19,369 ",,"  18,816 ","  13,364 ","  7,167 ","  12,202 ",,"  5,452 ","  6,043 ","  7,322 ","  5,312 ","  5,447 ","  2,605 ","  2,518 ","  1,934 ","  2,715 ","  5,133 ","  3,610 ","  3,458 ","  51,549 ",61%,  - ,,,,,,,,,,,,,,
Vaccine-Other,"  13,800 ","  7,359 ",,"  7,560 ","  6,240 ","  2,416 ","  4,943 ",,"  2,663 ","  2,475 ","  2,422 ","  2,072 ","  2,604 ","  1,564 ",  826 ,  718 ,  872 ,"  1,878 ","  1,264 ","  1,802 ","  21,160 ",41%,,,,,,,,,,,,,,,
Vaccine-Respiratory,  275 ,"  1,089 ",,  235 ,  41 ,  88 ,"  1,001 ",,  102 ,  98 ,  35 ,  17 ,  18 ,  6 ,  3 ,  6 ,  79 ,  647 ,  277 ,  77 ,"  1,364 ",3%,,,,,,,,,,,,,,,
Vaccine-Influenza,"  3,635 ","  2,299 ",,"  1,892 ","  1,743 ",  369 ,"  1,930 ",,  666 ,  621 ,  605 ,  480 ,"  1,154 ",  109 ,  82 ,  79 ,  208 ,"  1,503 ",  286 ,  141 ,"  5,934 ",12%,,,,,,,,,,,,,,,
Vaccine-COVID,"  14,446 ","  1,554 ",,"  9,130 ","  5,316 ","  1,459 ",  95 ,,"  2,020 ","  2,850 ","  4,260 ","  2,743 ","  1,670 ",  903 ,  890 ,  422 ,  147 ,  40 ,  27 ,  28 ,"  16,000 ",31%,,,,,,,,,,,,,,,
Revenue Optimization - Enrolling Studies,  24 ,  82 ,,  - ,  24 ,  41 ,  41 ,,  - ,  - ,  - ,  - ,  - ,  24 ,  18 ,  11 ,  11 ,  17 ,  11 ,  13 ,  106 ,,,,,,,,,,,,,,,,
Genuine Go-Get,  - ,"  6,985 ",,  - ,  - ,"  2,794 ","  4,191 ",,  - ,  - ,  - ,  - ,  - ,  - ,  699 ,  699 ,"  1,397 ","  1,048 ","  1,746 ","  1,397 ","  6,985 ",,,,,,,,,,,,,,,,
Go-Get - Organic,  - ,"  1,275 ",,  - ,  - ,  510 ,  765 ,,  - ,  - ,  - ,  - ,  - ,  - ,  128 ,  128 ,  255 ,  191 ,  319 ,  255 ,"  1,275 ",2%,,,,,,,,,,,,,,,
Go-Get - Organic due to Enrolling Revenue Optimization,  - ,  (192),,  - ,  - ,  (77),  (115),,  - ,  - ,  - ,  - ,  - ,  - ,  (19),  (19),  (38),  (29),  (48),  (38),  (192),,,,,,,,,,,,,,,,
Go-Get - Organic due to Enrolling Adj.,  - ,  - ,,  - ,  - ,  - ,  - ,,  - ,  - ,  - ,  - ,  - ,  - ,  - ,  - ,  - ,  - ,  - ,  - ,  - ,,,,,,,,,,,,,,,,
Go-Get - Organic due to Budget Optimization,  - ,  - ,,  - ,  - ,  - ,  - ,,  - ,  - ,  - ,  - ,  - ,  - ,  - ,  - ,  - ,  - ,  - ,  - ,  - ,,,,,,,,,,,,,,,,
Go-Get - Organic due to Pipeline Adj,  - ,  189 ,,  - ,  - ,  76 ,  113 ,,  - ,  - ,  - ,  - ,  - ,  - ,  19 ,  19 ,  38 ,  28 ,  47 ,  38 ,  189 ,,,,,,,,,,,,,,,,
Go-Get - Organic due to Awarded Adj,  - ,"  5,713 ",,  - ,  - ,"  2,285 ","  3,428 ",,  - ,  - ,  - ,  - ,  - ,  - ,  571 ,  571 ,"  1,143 ",  857 ,"  1,428 ","  1,143 ","  5,713 ",,,,,,,,,,,,,,,,
Non-Vaccine,"  7,365 ","  26,077 ",,"  2,969 ","  4,396 ","  11,427 ","  14,650 ",,  908 ,  974 ,"  1,087 ","  1,398 ","  1,547 ","  1,452 ","  2,903 ","  3,875 ","  4,654 ","  4,444 ","  5,223 ","  4,987 ","  33,451 ",39%,,,,,,,,,,,,,,,
Psychiatry,  433 ,"  2,360 ",,  170 ,  263 ,"  1,073 ","  1,287 ",,  52 ,  58 ,  60 ,  111 ,  68 ,  84 ,  177 ,  375 ,  521 ,  547 ,  460 ,  280 ,"  2,793 ",,8.4%,,,,,,,,,,,,,,
General Medicine,  917 ,  754 ,,  489 ,  429 ,  378 ,  376 ,,  136 ,  193 ,  160 ,  135 ,  167 ,  126 ,  124 ,  147 ,  107 ,  122 ,  133 ,  121 ,"  1,671 ",,0.4%,,,,,,,,,,,,,,
Rheumatology,"  1,566 ","  1,135 ",,  701 ,  865 ,  580 ,  555 ,,  264 ,  217 ,  219 ,  314 ,  373 ,  178 ,  230 ,  198 ,  153 ,  162 ,  145 ,  248 ,"  2,701 ",,0.7%,,,,,,,,,,,,,,
Respiratory,  225 ,  912 ,,  62 ,  163 ,  482 ,  431 ,,  24 ,  12 ,  25 ,  25 ,  40 ,  98 ,  147 ,  192 ,  143 ,  156 ,  150 ,  124 ,"  1,137 ",,0.4%,,,,,,,,,,,,,,
Cardiovascular,"  1,247 ","  2,679 ",,  470 ,  777 ,"  1,349 ","  1,329 ",,  156 ,  141 ,  173 ,  238 ,  283 ,  255 ,  396 ,  426 ,  527 ,  458 ,  407 ,  464 ,"  3,925 ",,1.4%,,,,,,,,,,,,,,
Obesity,"  2,369 ","  6,920 ",,  821 ,"  1,547 ","  3,350 ","  3,570 ",,  203 ,  295 ,  323 ,  536 ,  564 ,  447 ,  865 ,"  1,240 ","  1,246 ","  1,173 ","  1,217 ","  1,180 ","  9,289 ",,3.5%,,,,,,,,,,,,,,
Gastroenterology,  44 ,  97 ,,  29 ,  15 ,  29 ,  68 ,,  - ,  - ,  29 ,  - ,  - ,  15 ,  7 ,  5 ,  17 ,  24 ,  21 ,  23 ,  141 ,,0.1%,,,,,,,,,,,,,,
Endocrine & Metabolism,  434 ,"  3,298 ",,  227 ,  207 ,"  1,225 ","  2,073 ",,  72 ,  57 ,  97 ,  40 ,  50 ,  117 ,  172 ,  508 ,  545 ,  608 ,  701 ,  763 ,"  3,732 ",,2.3%,,,,,,,,,,,,,,
Allergy/Immunology,  - ,  851 ,,  - ,  - ,  5 ,  846 ,,  - ,  - ,  - ,  - ,  - ,  - ,  - ,  - ,  5 ,  127 ,  314 ,  405 ,  851 ,,1.2%,,,,,,,,,,,,,,
Ophthalmology,  - ,  56 ,,  - ,  - ,  30 ,  26 ,,  - ,  - ,  - ,  - ,  - ,  - ,  7 ,  14 ,  8 ,  9 ,  8 ,  9 ,  56 ,,0.0%,,,,,,,,,,,,,,
Infectious Disease,  1 ,  8 ,,  - ,  1 ,  4 ,  4 ,,  - ,  - ,  - ,  - ,  - ,  1 ,  1 ,  1 ,  1 ,  1 ,  1 ,  1 ,  9 ,,0.0%,,,,,,,,,,,,,,
CNS,  - ,  0 ,,  - ,  - ,  - ,  0 ,,  - ,  - ,  - ,  - ,  - ,  - ,  - ,  - ,  - ,  - ,  0 ,  0 ,  0 ,,0.0%,,,,,,,,,,,,,,
Revenue Optimization - Enrolling Studies,  130 ,  833 ,,  - ,  130 ,  452 ,  380 ,,  - ,  - ,  - ,  - ,  - ,  130 ,  159 ,  151 ,  142 ,  128 ,  120 ,  133 ,  962 ,,,,,,,,,,,,,,,,
Genuine Go-Get,  - ,"  6,182 ",,  - ,  - ,"  2,473 ","  3,709 ",,  - ,  - ,  - ,  - ,  - ,  - ,  618 ,  618 ,"  1,236 ",  927 ,"  1,546 ","  1,236 ","  6,182 ",,,,,,,,,,,,,,,,
Go-Get - Organic,  - ,"  5,810 ",,  - ,  - ,"  2,324 ","  3,486 ",,  - ,  - ,  - ,  - ,  - ,  - ,  581 ,  581 ,"  1,162 ",  871 ,"  1,452 ","  1,162 ","  5,810 ",,,,,,,,,,,,,,,,
Go-Get - Organic due to Enrolling Revenue Optimization,  - ,  (876),,  - ,  - ,  (350),  (526),,  - ,  - ,  - ,  - ,  - ,  - ,  (88),  (88),  (175),  (131),  (219),  (175),  (876),,,,,,,,,,,,,,,,
Go-Get - Organic due to Enrolling Adj.,  - ,  - ,,  - ,  - ,  - ,  - ,,  - ,  - ,  - ,  - ,  - ,  - ,  - ,  - ,  - ,  - ,  - ,  - ,  - ,,,,,,,,,,,,,,,,
Go-Get - Organic due to Budget Optimization,  - ,  - ,,  - ,  - ,  - ,  - ,,  - ,  - ,  - ,  - ,  - ,  - ,  - ,  - ,  - ,  - ,  - ,  - ,  - ,,,,,,,,,,,,,,,,
Go-Get - Organic due to Pipeline Adj,  - ,  861 ,,  - ,  - ,  344 ,  517 ,,  - ,  - ,  - ,  - ,  - ,  - ,  86 ,  86 ,  172 ,  129 ,  215 ,  172 ,  861 ,,,,,,,,,,,,,,,,
Go-Get - Organic due to Awarded Adj,  - ,  387 ,,  - ,  - ,  155 ,  232 ,,  - ,  - ,  - ,  - ,  - ,  - ,  39 ,  39 ,  77 ,  58 ,  97 ,  77 ,  387 ,,,,,,,,,,,,,,,,
,,,,,,,,,,,,,,,,,,,,,,,,,,,,,,,,,,,,,
,,,,,,,,,,,,,,,,,,,,,,,,,,,,,,,,,,,,,
Revenue by Region,"  39,545 ","  45,455 ",,"  21,785 ","  17,760 ","  18,600 ","  26,855 ",,"  6,359 ","  7,017 ","  8,408 ","  6,710 ","  6,993 ","  4,057 ","  5,421 ","  5,809 ","  7,369 ","  9,577 ","  8,833 ","  8,445 ","  85,000 ",,,,,,,,,,,,,,,,
Houston,"  16,896 ","  21,320 ",,"  9,572 ","  7,324 ","  9,081 ","  12,240 ",,"  2,881 ","  2,946 ","  3,745 ","  2,884 ","  2,860 ","  1,580 ","  2,602 ","  2,742 ","  3,737 ","  4,422 ","  4,138 ","  3,680 ","  38,216 ",,45.0%,,,,,,,,,,,,,,
Non-Houston,"  22,650 ","  24,134 ",,"  12,213 ","  10,436 ","  9,519 ","  14,615 ",,"  3,479 ","  4,071 ","  4,663 ","  3,826 ","  4,133 ","  2,477 ","  2,819 ","  3,067 ","  3,633 ","  5,155 ","  4,695 ","  4,766 ","  46,784 ",,55.0%,,,,,,,,,,,,,,
,,,,,,,,,,,,,,,,,,,,,,,,,,,,,,,,,,,,,
Revenue by Site Maturity,"  39,545 ","  45,455 ",,"  21,785 ","  17,760 ","  18,600 ","  26,855 ",,"  6,359 ","  7,017 ","  8,408 ","  6,710 ","  6,993 ","  4,057 ","  5,421 ","  5,809 ","  7,369 ","  9,577 ","  8,833 ","  8,445 ","  85,000 ",,,,,,,,,,,,,,,,
Mature,"  34,845 ","  30,554 ",,"  19,681 ","  15,164 ","  12,485 ","  18,069 ",,"  5,883 ","  6,302 ","  7,495 ","  5,832 ","  5,931 ","  3,401 ","  3,828 ","  3,942 ","  4,715 ","  6,770 ","  5,628 ","  5,671 ","  65,399 ",,76.9%,,,,,,,,,,,,,,
Developing,"  3,655 ","  5,142 ",,"  1,846 ","  1,809 ","  1,873 ","  3,269 ",,  457 ,  651 ,  738 ,  675 ,  769 ,  365 ,  460 ,  595 ,  818 ,"  1,203 ","  1,068 ",  998 ,"  8,797 ",,1.2%,,,,,,,,,,,,,,
Early Stage,"  1,046 ","  9,758 ",,  259 ,  787 ,"  4,242 ","  5,517 ",,  20 ,  64 ,  175 ,  203 ,  293 ,  291 ,"  1,133 ","  1,272 ","  1,837 ","  1,603 ","  2,137 ","  1,776 ","  10,804 ",,2.1%,,,,,,,,,,,,,,
,,,,,,,,,,,,,,,,,,,,,,,,,,,,,,,,,,,,,
Revenue by Sponsor,"  39,545 ","  45,455 ",,"  21,785 ","  17,760 ","  18,599 ","  26,856 ",,"  6,359 ","  7,017 ","  8,408 ","  6,710 ","  6,993 ","  4,057 ","  5,421 ","  5,809 ","  7,369 ","  9,577 ","  8,833 ","  8,446 ","  85,000 ",,,,,,,,,,,,,,,,
Moderna,"  9,740 ","  3,841 ",,"  5,730 ","  4,010 ",  699 ,"  3,142 ",,"  1,981 ","  1,849 ","  1,899 ","  1,649 ","  1,516 ",  846 ,  297 ,  107 ,  295 ,"  1,185 ",  632 ,"  1,325 ","  13,581 ",,16.0%,,,,,,,,,,,,,,
Ichnos Sciences,"  10,323 ",  624 ,,"  6,100 ","  4,223 ",  624 ,  - ,,  750 ,"  1,903 ","  3,447 ","  2,204 ","  1,367 ",  652 ,  459 ,  148 ,  17 ,  - ,  - ,  - ,"  10,947 ",,0.0%,,,,,,,,,,,,,,
Pfizer,"  3,469 ","  4,122 ",,"  1,802 ","  1,667 ","  1,917 ","  2,205 ",,  340 ,  632 ,  831 ,  575 ,  802 ,  290 ,  500 ,  778 ,  639 ,  805 ,  759 ,  641 ,"  7,591 ",,0.8%,,,,,,,,,,,,,,
AstraZeneca,"  1,281 ","  5,060 ",,  480 ,  801 ,"  2,288 ","  2,772 ",,  157 ,  136 ,  186 ,  217 ,  326 ,  257 ,  403 ,  887 ,  998 ,"  1,035 ",  864 ,  874 ,"  6,341 ",,1.0%,,,,,,,,,,,,,,
GSK,  250 ,"  2,430 ",,  136 ,  114 ,  495 ,"  1,935 ",,  66 ,  30 ,  39 ,  (5),  22 ,  96 ,  130 ,  141 ,  224 ,"  1,343 ",  356 ,  236 ,"  2,680 ",,0.3%,,,,,,,,,,,,,,
Sanofi,  33 ,"  1,140 ",,  19 ,  13 ,  114 ,"  1,026 ",,  32 ,  26 ,  (39),  (0),  1 ,  12 ,  7 ,  16 ,  91 ,  657 ,  285 ,  83 ,"  1,172 ",,0.1%,,,,,,,,,,,,,,
Vaxcyte,"  2,914 ",  170 ,,"  2,375 ",  539 ,  169 ,  1 ,,"  1,041 ",  742 ,  592 ,  175 ,  92 ,  272 ,  78 ,  45 ,  46 ,  1 ,  - ,  - ,"  3,084 ",,,,,,,,,,,,,,,,
Seqirus,"  2,149 ",  9 ,,  978 ,"  1,170 ",  - ,  9 ,,  308 ,  551 ,  119 ,  73 ,"  1,097 ",  - ,  - ,  - ,  - ,  - ,  4 ,  5 ,"  2,158 ",,2.5%,,,,,,,,,,,,,,
Other,"  9,233 ","  13,976 ",,"  4,165 ","  5,069 ","  6,533 ","  7,443 ",,"  1,683 ","  1,149 ","  1,333 ","  1,821 ","  1,769 ","  1,479 ","  2,054 ","  2,208 ","  2,272 ","  2,431 ","  2,511 ","  2,502 ","  23,210 ",,2.9%,,,,,,,,,,,,,,
Revenue Optimization - Enrolling Studies,  154 ,  914 ,,  - ,  154 ,  493 ,  421 ,,  - ,  - ,  - ,  - ,  - ,  154 ,  177 ,  162 ,  154 ,  145 ,  130 ,  146 ,"  1,068 ",,,,,,,,,,,,,,,,
Genuine Go-Get,  - ,"  13,168 ",,  - ,  - ,"  5,267 ","  7,901 ",,  - ,  - ,  - ,  - ,  - ,  - ,"  1,317 ","  1,317 ","  2,634 ","  1,975 ","  3,292 ","  2,634 ","  13,168 ",,,,,,,,,,,,,,,,
Go-Get - Organic,  - ,"  7,085 ",,  - ,  - ,"  2,834 ","  4,251 ",,  - ,  - ,  - ,  - ,  - ,  - ,  708 ,  708 ,"  1,417 ","  1,063 ","  1,771 ","  1,417 ","  7,085 ",,8.3%,,,,,,,,,,,,,,
Go-Get - Organic due to Enrolling Revenue Optimization,  - ,"  (1,068)",,  - ,  - ,  (427),  (641),,  - ,  - ,  - ,  - ,  - ,  - ,  (107),  (107),  (214),  (160),  (267),  (214),"  (1,068)",,,,,,,,,,,,,,,,
Go-Get - Organic due to Enrolling Adj.,  - ,  - ,,  - ,  - ,  - ,  - ,,  - ,  - ,  - ,  - ,  - ,  - ,  - ,  - ,  - ,  - ,  - ,  - ,  - ,,,,,,,,,,,,,,,,
Go-Get - Organic due to Budget Optimization,  - ,  - ,,  - ,  - ,  - ,  - ,,  - ,  - ,  - ,  - ,  - ,  - ,  - ,  - ,  - ,  - ,  - ,  - ,  - ,,,,,,,,,,,,,,,,
Go-Get - Organic due to Pipeline Adj,  - ,"  1,050 ",,  - ,  - ,  420 ,  630 ,,  - ,  - ,  - ,  - ,  - ,  - ,  105 ,  105 ,  210 ,  158 ,  263 ,  210 ,"  1,050 ",,,,,,,,,,,,,,,,
Go-Get - Organic due to Awarded Adj,  - ,"  6,101 ",,  - ,  - ,"  2,440 ","  3,660 ",,  - ,  - ,  - ,  - ,  - ,  - ,  610 ,  610 ,"  1,220 ",  915 ,"  1,525 ","  1,220 ","  6,101 ",,,,,,,,,,,,,,,,
,,,,,,,,,,,,,,,,,,,,,,,,,,,,,,,,,,,,,
Revenue by CRO,"  39,545 ","  45,455 ",,"  21,785 ","  17,760 ","  18,599 ","  26,856 ",,"  6,359 ","  7,017 ","  8,408 ","  6,710 ","  6,993 ","  4,057 ","  5,421 ","  5,809 ","  7,369 ","  9,577 ","  8,833 ","  8,446 ","  85,000 ",,,,,,,,,,,,,,,,
Parexel,"  11,305 ","  5,304 ",,"  5,886 ","  5,419 ","  1,065 ","  4,240 ",,"  2,321 ","  2,277 ","  1,287 ","  1,791 ","  2,652 ",  976 ,  415 ,  207 ,  443 ,"  1,433 ","  1,048 ","  1,759 ","  16,610 ",,,,,,,,,,,,,,,,
ICON,"  1,967 ","  2,190 ",,  948 ,"  1,019 ",  729 ,"  1,461 ",,  484 ,  275 ,  189 ,  239 ,  572 ,  209 ,  386 ,  154 ,  189 ,  848 ,  443 ,  170 ,"  4,158 ",,,,,,,,,,,,,,,,
IQVIA,"  2,860 ","  3,937 ",,"  1,144 ","  1,716 ","  2,040 ","  1,897 ",,  364 ,  397 ,  382 ,  517 ,  659 ,  540 ,  646 ,  679 ,  715 ,  656 ,  556 ,  685 ,"  6,796 ",,,,,,,,,,,,,,,,
PPD,"  5,042 ","  2,899 ",,"  3,686 ","  1,356 ","  1,390 ","  1,510 ",,"  1,362 ",  867 ,"  1,458 ",  552 ,  366 ,  438 ,  281 ,  548 ,  561 ,  576 ,  475 ,  459 ,"  7,942 ",,,,,,,,,,,,,,,,
Worldwide Clinical Trials,  348 ,"  1,238 ",,  75 ,  274 ,  501 ,  738 ,,  - ,  - ,  75 ,  82 ,  83 ,  109 ,  170 ,  163 ,  168 ,  215 ,  236 ,  287 ,"  1,587 ",,,,,,,,,,,,,,,,
Confidence Pharmaceutical Research,  - ,  494 ,,  - ,  - ,  182 ,  313 ,,  - ,  - ,  - ,  - ,  - ,  - ,  - ,  73 ,  108 ,  120 ,  116 ,  77 ,  494 ,,,,,,,,,,,,,,,,
Allucent,  511 ,  753 ,,  58 ,  453 ,  428 ,  325 ,,  0 ,  22 ,  37 ,  96 ,  212 ,  145 ,  146 ,  144 ,  138 ,  141 ,  119 ,  65 ,"  1,264 ",,,,,,,,,,,,,,,,
Syneos Health,  320 ,  407 ,,  232 ,  89 ,  159 ,  248 ,,  121 ,  62 ,  48 ,  40 ,  30 ,  20 ,  19 ,  49 ,  91 ,  85 ,  97 ,  66 ,  727 ,,,,,,,,,,,,,,,,
Other,"  17,037 ","  14,150 ",,"  9,757 ","  7,280 ","  6,346 ","  7,804 ",,"  1,706 ","  3,119 ","  4,932 ","  3,393 ","  2,420 ","  1,467 ","  1,863 ","  2,312 ","  2,170 ","  3,382 ","  2,322 ","  2,100 ","  31,187 ",,,,,,,,,,,,,,,,
Revenue Optimization - Enrolling Studies,  154 ,  914 ,,  - ,  154 ,  493 ,  421 ,,  - ,  - ,  - ,  - ,  - ,  154 ,  177 ,  162 ,  154 ,  145 ,  130 ,  146 ,"  1,068 ",,,,,,,,,,,,,,,,
Genuine Go-Get,  - ,"  13,168 ",,  - ,  - ,"  5,267 ","  7,901 ",,  - ,  - ,  - ,  - ,  - ,  - ,"  1,317 ","  1,317 ","  2,634 ","  1,975 ","  3,292 ","  2,634 ","  13,168 ",,,,,,,,,,,,,,,,
Go-Get - Organic,  - ,"  7,085 ",,  - ,  - ,"  2,834 ","  4,251 ",,  - ,  - ,  - ,  - ,  - ,  - ,  708 ,  708 ,"  1,417 ","  1,063 ","  1,771 ","  1,417 ","  7,085 ",,,,,,,,,,,,,,,,
Go-Get - Organic due to Enrolling Revenue Optimization,  - ,"  (1,068)",,  - ,  - ,  (427),  (641),,  - ,  - ,  - ,  - ,  - ,  - ,  (107),  (107),  (214),  (160),  (267),  (214),"  (1,068)",,,,,,,,,,,,,,,,
Go-Get - Organic due to Enrolling Adj.,  - ,  - ,,  - ,  - ,  - ,  - ,,  - ,  - ,  - ,  - ,  - ,  - ,  - ,  - ,  - ,  - ,  - ,  - ,  - ,,,,,,,,,,,,,,,,
Go-Get - Organic due to Budget Optimization,  - ,  - ,,  - ,  - ,  - ,  - ,,  - ,  - ,  - ,  - ,  - ,  - ,  - ,  - ,  - ,  - ,  - ,  - ,  - ,,,,,,,,,,,,,,,,
Go-Get - Organic due to Pipeline Adj,  - ,"  1,050 ",,  - ,  - ,  420 ,  630 ,,  - ,  - ,  - ,  - ,  - ,  - ,  105 ,  105 ,  210 ,  158 ,  263 ,  210 ,"  1,050 ",,,,,,,,,,,,,,,,
Go-Get - Organic due to Awarded Adj,  - ,"  6,101 ",,  - ,  - ,"  2,440 ","  3,660 ",,  - ,  - ,  - ,  - ,  - ,  - ,  610 ,  610 ,"  1,220 ",  915 ,"  1,525 ","  1,220 ","  6,101 ",,,,,,,,,,,,,,,,
,,,,,,,,,,,,,,,,,,,,,,,,,,,,,,,,,,,,,
Super Regional Manager Wise View,"  39,545 ","  45,455 ",,"  21,785 ","  17,760 ","  18,600 ","  26,855 ",,"  6,359 ","  7,017 ","  8,408 ","  6,710 ","  6,993 ","  4,057 ","  5,421 ","  5,809 ","  7,369 ","  9,577 ","  8,833 ","  8,445 ","  85,000 ",,,,,,,,,,,,,,,,
Jamie Williams,"  2,103 ","  4,341 ",,  777 ,"  1,326 ","  1,631 ","  2,711 ",,  333 ,  268 ,  176 ,  382 ,  617 ,  327 ,  468 ,  494 ,  668 ,  831 ,  976 ,  904 ,"  6,445 ",,7.6%,,,,,,,,,,,,,,
Shumaila Butt,"  4,374 ","  4,537 ",,"  2,340 ","  2,034 ","  1,600 ","  2,937 ",,  626 ,  741 ,  973 ,  632 ,  956 ,  446 ,  526 ,  506 ,  568 ,"  1,132 ",  905 ,  900 ,"  8,911 ",,10.5%,,,,,,,,,,,,,,
Gaby Becerra,"  5,332 ","  5,424 ",,"  3,322 ","  2,010 ","  2,005 ","  3,419 ",,"  1,028 ","  1,058 ","  1,236 ",  889 ,  706 ,  414 ,  392 ,  573 ,"  1,040 ","  1,375 ","  1,085 ",  959 ,"  10,756 ",,12.7%,,,,,,,,,,,,,,
Miranda Trier,"  13,766 ","  12,712 ",,"  7,492 ","  6,274 ","  5,856 ","  6,856 ",,"  2,107 ","  2,284 ","  3,101 ","  2,459 ","  2,438 ","  1,378 ","  1,938 ","  1,896 ","  2,022 ","  2,680 ","  2,132 ","  2,044 ","  26,477 ",,31.1%,,,,,,,,,,,,,,
Caridad Carrrion,"  1,233 ","  4,833 ",,  478 ,  754 ,"  2,049 ","  2,784 ",,  136 ,  184 ,  158 ,  184 ,  301 ,  269 ,  534 ,  718 ,  798 ,"  1,023 ",  896 ,  864 ,"  6,066 ",,7.1%,,,,,,,,,,,,,,
Sarah Boyer,"  12,737 ","  8,709 ",,"  7,375 ","  5,362 ","  3,499 ","  5,210 ",,"  2,129 ","  2,483 ","  2,763 ","  2,164 ","  1,975 ","  1,223 ","  1,074 ","  1,131 ","  1,294 ","  1,800 ","  1,615 ","  1,794 ","  21,446 ",,25.2%,,,,,,,,,,,,,,
All,  - ,  - ,,  - ,  - ,  - ,  - ,,  - ,  - ,  - ,  - ,  - ,  - ,  - ,  - ,  - ,  - ,  - ,  - ,  - ,,0.0%,,,,,,,,,,,,,,
New,  - ,"  4,900 ",,  - ,  - ,"  1,960 ","  2,940 ",,  - ,  - ,  - ,  - ,  - ,  - ,  490 ,  490 ,  980 ,  735 ,"  1,225 ",  980 ,"  4,900 ",,5.8%,,,,,,,,,,,,,,
,,,,,,,,,,,,,,,,,,,,,,,,,,,,,,,,,,,,,
,,,,,,,,,,,,,,,,,,,,,,,,,,,,,,,,,,,,,
Site Wise View,"  39,545 ","  45,455 ",,"  21,785 ","  17,760 ","  18,600 ","  26,855 ",,"  6,359 ","  7,017 ","  8,408 ","  6,710 ","  6,993 ","  4,057 ","  5,421 ","  5,809 ","  7,369 ","  9,577 ","  8,833 ","  8,445 ","  85,000 ",,,,,,,,,,,Check,,,,,
Albuquerque,619,"1,667",,366,252,561,"1,106",,169,117,80,81,93,79,125,160,277,282,407,416,"2,286",,Non-Houston,Mature,Jamie Williams,Dedicated,,,,Albuquerque,Jamie Williams,0,"2,285,888",,,,
Backlog (Maintenance),617,215,,366,251,47,168,,169,117,80,81,93,77,23,6,18,33,31,105,832,,,,,,,,,Albuquerque,,,,,,,
Total Enrolling,0,0,,0,0,0,0,,-,-,-,-,-,-,-,-,-,-,-,-,-,,,,,,,,,Albuquerque,,,,,,,
Enrolling,0,0,,0,0,0,0,,-,-,-,-,-,-,-,-,-,-,-,-,-,,,,,,,,,Albuquerque,,,,,,,
Revenue Optimization - Enrolling Studies,0,0,,0,0,0,0,,-,-,-,-,-,-,-,-,-,-,-,-,-,,,,,,,,,Albuquerque,,,,,,,
Risk Adjustments for Enrolling Trials,0,0,,0,0,0,0,,-,-,-,-,-,-,-,-,-,-,-,-,-,,,,,,,,,Albuquerque,,,,,,,
Total Awarded,0,153,,0,0,10,143,,-,-,-,-,-,-,-,-,10,43,60,41,153,,,,,,,,,Albuquerque,,,,,,,
Awarded,0,346,,0,0,37,309,,-,-,-,-,-,-,-,-,37,153,103,53,346,,,,,,,,,Albuquerque,,,,,,,
Awarded Adjustment,0,-193,,0,0,-27,-166,,-,-,-,-,-,-,-,-,(27),(111),(43),(13),(193),,,,,,,,,Albuquerque,,,,,,,
Budget Optimization,0,0,,0,0,0,0,,-,-,-,-,-,-,-,-,-,-,-,-,-,,,,,,,,,Albuquerque,,,,,,,
Total Pipeline,2,348,,0,2,124,224,,-,-,-,-,-,2,7,58,58,64,79,81,349,,,,,,,,,Albuquerque,,,,,,,
Pipeline,0,61,,0,0,20,41,,-,-,-,-,-,-,1,12,7,10,18,13,61,,,,,,,,,Albuquerque,,,,,,,
Pipeline Below PSV,6,314,,0,6,118,197,,-,-,-,-,-,6,10,51,56,59,66,72,320,,,,,,,,,Albuquerque,,,,,,,
Pipeline Adjustment,-4,-27,,0,-4,-14,-14,,-,-,-,-,-,(4),(5),(5),(4),(5),(4),(5),(32),,,,,,,,,Albuquerque,,,,,,,
Genuine Go-Get,0,951,,0,0,381,571,,-,-,-,-,-,-,95,95,190,143,238,190,951,,,,,,,,,Albuquerque,,,,,,,
Go-Get - Organic due to Enrolling Revenue Optimization,0,0,,0,0,0,0,,-,-,-,-,-,-,-,-,-,-,-,-,-,,,,,,,,,Albuquerque,,,,,,,
Go-Get - Organic due to Enrolling Adj.,0,0,,0,0,0,0,,-,-,-,-,-,-,-,-,-,-,-,-,-,,,,,,,,,Albuquerque,,,,,,,
Go-Get - Organic due to Budget Optimization,0,0,,0,0,0,0,,-,-,-,-,-,-,-,-,-,-,-,-,-,,,,,,,,,Albuquerque,,,,,,,
Go-Get - Organic due to Pipeline Adj,0,32,,0,0,13,19,,-,-,-,-,-,-,3,3,6,5,8,6,32,,,,,,,,,Albuquerque,,,,,,,
Go-Get - Organic due to Awarded Adj,0,193,,0,0,77,116,,-,-,-,-,-,-,19,19,39,29,48,39,193,,,,,,,,,Albuquerque,,,,,,,
Go-Get Organic,0,727,,0,0,291,436,,-,-,-,-,-,-,73,73,145,109,182,145,727,,,,,,,,,Albuquerque,,,,,,,
Brooklyn,134,721,,67,67,219,502,,33,12,22,25,18,24,60,76,83,131,175,196,855,,Non-Houston,Mature,Shumaila Butt,Embedded,,,,Brooklyn,Shumaila Butt,0,"855,000",,,,
Backlog (Maintenance),13,9,,2,11,0,9,,1,-,1,5,2,3,-,-,-,3,1,5,22,,,,,,,,,Brooklyn,,,,,,,
Total Enrolling,119,194,,65,54,90,104,,32,12,21,20,16,18,35,34,22,31,40,33,313,,,,,,,,,Brooklyn,,,,,,,
Enrolling,118,180,,65,53,84,96,,32,12,21,20,16,17,32,31,20,29,37,31,298,,,,,,,,,Brooklyn,,,,,,,
Revenue Optimization - Enrolling Studies,1,14,,0,1,7,8,,-,-,-,-,-,1,3,2,2,2,3,2,16,,,,,,,,,Brooklyn,,,,,,,
Risk Adjustments for Enrolling Trials,0,0,,0,0,0,0,,-,-,-,-,-,-,(0),-,-,-,-,-,(0),,,,,,,,,Brooklyn,,,,,,,
Total Awarded,0,242,,0,0,41,201,,-,-,-,-,-,-,6,12,23,53,66,82,242,,,,,,,,,Brooklyn,,,,,,,
Awarded,0,242,,0,0,41,201,,-,-,-,-,-,-,6,12,23,53,66,82,242,,,,,,,,,Brooklyn,,,,,,,
Awarded Adjustment,0,0,,0,0,0,0,,-,-,-,-,-,-,-,-,-,-,-,-,-,,,,,,,,,Brooklyn,,,,,,,
Budget Optimization,0,0,,0,0,0,0,,-,-,-,-,-,-,-,-,-,-,-,-,-,,,,,,,,,Brooklyn,,,,,,,
Total Pipeline,2,175,,0,2,47,127,,-,-,-,-,-,2,9,20,18,29,43,56,177,,,,,,,,,Brooklyn,,,,,,,
Pipeline,0,120,,0,0,38,82,,-,-,-,-,-,-,6,17,15,22,24,36,120,,,,,,,,,Brooklyn,,,,,,,
Pipeline Below PSV,6,82,,0,6,23,59,,-,-,-,-,-,6,7,8,8,11,23,25,88,,,,,,,,,Brooklyn,,,,,,,
Pipeline Adjustment,-4,-27,,0,-4,-14,-14,,-,-,-,-,-,(4),(5),(5),(4),(5),(4),(5),(32),,,,,,,,,Brooklyn,,,,,,,
Genuine Go-Get,0,101,,0,0,40,61,,-,-,-,-,-,-,10,10,20,15,25,20,101,,,,,,,,,Brooklyn,,,,,,,
Go-Get - Organic due to Enrolling Revenue Optimization,0,-16,,0,0,-6,-9,,-,-,-,-,-,-,(2),(2),(3),(2),(4),(3),(16),,,,,,,,,Brooklyn,,,,,,,
Go-Get - Organic due to Enrolling Adj.,0,0,,0,0,0,0,,-,-,-,-,-,-,0,0,0,0,0,0,0,,,,,,,,,Brooklyn,,,,,,,
Go-Get - Organic due to Budget Optimization,0,0,,0,0,0,0,,-,-,-,-,-,-,-,-,-,-,-,-,-,,,,,,,,,Brooklyn,,,,,,,
Go-Get - Organic due to Pipeline Adj,0,32,,0,0,13,19,,-,-,-,-,-,-,3,3,6,5,8,6,32,,,,,,,,,Brooklyn,,,,,,,
Go-Get - Organic due to Awarded Adj,0,0,,0,0,0,0,,-,-,-,-,-,-,-,-,-,-,-,-,-,,,,,,,,,Brooklyn,,,,,,,
Go-Get Organic,0,85,,0,0,34,51,,-,-,-,-,-,-,8,8,17,13,21,17,85,,,,,,,,,Brooklyn,,,,,,,
Bellaire,"1,173","3,183",,717,456,"1,062","2,121",,284,248,185,240,155,62,137,283,642,909,674,538,"4,356",,Houston,Mature,Gaby Becerra,Dedicated,,,,Bellaire,Gaby Becerra,0,"4,355,961",,,,
Backlog (Maintenance),"1,001",333,,642,359,72,261,,269,235,138,173,133,53,22,17,33,90,57,114,"1,333",,,,,,,,,Bellaire,,,,,,,
Total Enrolling,166,644,,75,91,225,419,,15,13,47,67,21,2,1,73,151,181,134,104,810,,,,,,,,,Bellaire,,,,,,,
Enrolling,166,639,,75,91,221,418,,15,13,47,67,21,2,1,71,148,180,134,104,805,,,,,,,,,Bellaire,,,,,,,
Revenue Optimization - Enrolling Studies,0,6,,0,0,4,1,,-,-,-,-,-,-,-,1,3,1,1,(1),6,,,,,,,,,Bellaire,,,,,,,
Risk Adjustments for Enrolling Trials,0,0,,0,0,0,0,,-,-,-,-,-,0,-,-,-,-,-,-,0,,,,,,,,,Bellaire,,,,,,,
Total Awarded,0,830,,0,0,235,595,,-,-,-,-,-,-,1,81,152,352,175,68,830,,,,,,,,,Bellaire,,,,,,,
Awarded,0,"1,493",,0,0,238,"1,255",,-,-,-,-,-,-,1,82,155,908,267,80,"1,493",,,,,,,,,Bellaire,,,,,,,
Awarded Adjustment,0,-663,,0,0,-3,-659,,-,-,-,-,-,-,-,(1),(3),(556),(92),(12),(663),,,,,,,,,Bellaire,,,,,,,
Budget Optimization,0,0,,0,0,0,0,,-,-,-,-,-,-,-,-,-,-,-,-,-,,,,,,,,,Bellaire,,,,,,,
Total Pipeline,6,335,,0,6,114,221,,-,-,-,-,-,6,7,8,99,129,48,44,341,,,,,,,,,Bellaire,,,,,,,
Pipeline,0,278,,0,0,91,186,,-,-,-,-,-,-,-,-,91,121,36,30,278,,,,,,,,,Bellaire,,,,,,,
Pipeline Below PSV,11,85,,0,11,36,48,,-,-,-,-,-,11,12,12,12,13,17,19,96,,,,,,,,,Bellaire,,,,,,,
Pipeline Adjustment,-4,-27,,0,-4,-14,-14,,-,-,-,-,-,(4),(5),(5),(4),(5),(4),(5),(32),,,,,,,,,Bellaire,,,,,,,
Genuine Go-Get,0,"1,041",,0,0,416,624,,-,-,-,-,-,-,104,104,208,156,260,208,"1,041",,,,,,,,,Bellaire,,,,,,,
Go-Get - Organic due to Enrolling Revenue Optimization,0,-6,,0,0,-2,-4,,-,-,-,-,-,-,(1),(1),(1),(1),(1),(1),(6),,,,,,,,,Bellaire,,,,,,,
Go-Get - Organic due to Enrolling Adj.,0,0,,0,0,0,0,,-,-,-,-,-,-,(0),(0),(0),(0),(0),(0),(0),,,,,,,,,Bellaire,,,,,,,
Go-Get - Organic due to Budget Optimization,0,0,,0,0,0,0,,-,-,-,-,-,-,-,-,-,-,-,-,-,,,,,,,,,Bellaire,,,,,,,
Go-Get - Organic due to Pipeline Adj,0,32,,0,0,13,19,,-,-,-,-,-,-,3,3,6,5,8,6,32,,,,,,,,,Bellaire,,,,,,,
Go-Get - Organic due to Awarded Adj,0,663,,0,0,265,398,,-,-,-,-,-,-,66,66,133,99,166,133,663,,,,,,,,,Bellaire,,,,,,,
Go-Get Organic,0,352,,0,0,141,211,,-,-,-,-,-,-,35,35,70,53,88,70,352,,,,,,,,,Bellaire,,,,,,,
Brookline,"1,631","2,229",,733,898,706,"1,523",,284,270,180,223,484,192,194,232,280,602,475,446,"3,860",,Non-Houston,Mature,Shumaila Butt,Dedicated,,,,Brookline,Shumaila Butt,0,"3,860,240",,,,
Backlog (Maintenance),"1,215",319,,706,510,84,235,,284,270,152,130,308,72,29,28,27,95,42,98,"1,534",,,,,,,,,Brookline,,,,,,,
Total Enrolling,416,623,,28,388,348,274,,-,-,28,93,176,119,116,116,116,112,97,66,"1,038",,,,,,,,,Brookline,,,,,,,
Enrolling,411,601,,28,384,336,265,,-,-,28,93,176,115,112,112,112,108,93,63,"1,012",,,,,,,,,Brookline,,,,,,,
Revenue Optimization - Enrolling Studies,4,22,,0,4,12,10,,-,-,-,-,-,4,4,4,4,4,3,2,26,,,,,,,,,Brookline,,,,,,,
Risk Adjustments for Enrolling Trials,0,0,,0,0,0,0,,-,-,-,-,-,-,-,-,-,-,-,-,-,,,,,,,,,Brookline,,,,,,,
Total Awarded,0,249,,0,0,0,249,,-,-,-,-,-,-,-,-,-,213,33,3,249,,,,,,,,,Brookline,,,,,,,
Awarded,0,897,,0,0,0,897,,-,-,-,-,-,-,-,-,-,766,120,12,897,,,,,,,,,Brookline,,,,,,,
Awarded Adjustment,0,-648,,0,0,0,-648,,-,-,-,-,-,-,-,-,-,(553),(87),(8),(648),,,,,,,,,Brookline,,,,,,,
Budget Optimization,0,0,,0,0,0,0,,-,-,-,-,-,-,-,-,-,-,-,-,-,,,,,,,,,Brookline,,,,,,,
Total Pipeline,0,558,,0,0,81,477,,-,-,-,-,-,0,0,39,42,111,183,183,558,,,,,,,,,Brookline,,,,,,,
Pipeline,0,346,,0,0,45,302,,-,-,-,-,-,-,-,22,23,48,118,136,346,,,,,,,,,Brookline,,,,,,,
Pipeline Below PSV,0,486,,0,0,36,450,,-,-,-,-,-,0,0,18,18,165,175,110,486,,,,,,,,,Brookline,,,,,,,
Pipeline Adjustment,0,-274,,0,0,0,-274,,-,-,-,-,-,-,-,-,0,(102),(109),(63),(274),,,,,,,,,Brookline,,,,,,,
Genuine Go-Get,0,480,,0,0,192,288,,-,-,-,-,-,-,48,48,96,72,120,96,480,,,,,,,,,Brookline,,,,,,,
Go-Get - Organic due to Enrolling Revenue Optimization,0,-26,,0,0,-10,-16,,-,-,-,-,-,-,(3),(3),(5),(4),(6),(5),(26),,,,,,,,,Brookline,,,,,,,
Go-Get - Organic due to Enrolling Adj.,0,0,,0,0,0,0,,-,-,-,-,-,-,-,-,-,-,-,-,-,,,,,,,,,Brookline,,,,,,,
Go-Get - Organic due to Budget Optimization,0,0,,0,0,0,0,,-,-,-,-,-,-,-,-,-,-,-,-,-,,,,,,,,,Brookline,,,,,,,
Go-Get - Organic due to Pipeline Adj,0,274,,0,0,110,165,,-,-,-,-,-,-,27,27,55,41,69,55,274,,,,,,,,,Brookline,,,,,,,
Go-Get - Organic due to Awarded Adj,0,648,,0,0,259,389,,-,-,-,-,-,-,65,65,130,97,162,130,648,,,,,,,,,Brookline,,,,,,,
Go-Get Organic,0,-416,,0,0,-167,-250,,-,-,-,-,-,-,(42),(42),(83),(62),(104),(83),(416),,,,,,,,,Brookline,,,,,,,
CyFair,"4,763","2,500",,"2,742","2,021","1,196","1,304",,698,772,"1,272",914,704,404,537,340,319,628,400,275,"7,263",,Houston,Mature,Miranda Trier,Dedicated,,,,CyFair,Miranda Trier,0,"7,262,638",,,,
Backlog (Maintenance),"1,599",433,,"1,160",439,221,213,,288,234,638,197,161,82,155,51,15,140,52,21,"2,033",,,,,,,,,CyFair,,,,,,,
Total Enrolling,"3,130","1,114",,"1,582","1,549",690,424,,409,538,634,717,524,307,307,214,169,167,147,110,"4,244",,,,,,,,,CyFair,,,,,,,
Enrolling,"3,107","1,049",,"1,582","1,525",648,401,,409,538,634,717,524,284,285,203,160,154,141,105,"4,156",,,,,,,,,CyFair,,,,,,,
Revenue Optimization - Enrolling Studies,23,65,,0,23,42,24,,-,-,-,-,-,23,22,11,9,13,6,5,89,,,,,,,,,CyFair,,,,,,,
Risk Adjustments for Enrolling Trials,0,0,,0,0,0,0,,-,-,-,-,-,0,-,0,0,0,(0),-,0,,,,,,,,,CyFair,,,,,,,
Total Awarded,31,409,,0,31,75,335,,-,-,-,-,18,13,22,22,31,242,63,30,441,,,,,,,,,CyFair,,,,,,,
Awarded,31,"1,057",,0,31,75,983,,-,-,-,-,18,13,22,22,31,795,150,38,"1,089",,,,,,,,,CyFair,,,,,,,
Awarded Adjustment,0,-648,,0,0,0,-648,,-,-,-,-,-,-,-,-,-,(553),(87),(8),(648),,,,,,,,,CyFair,,,,,,,
Budget Optimization,0,0,,0,0,0,0,,-,-,-,-,-,-,-,-,-,-,-,-,-,,,,,,,,,CyFair,,,,,,,
Total Pipeline,2,32,,0,2,7,25,,-,-,-,-,-,2,2,2,3,3,11,12,34,,,,,,,,,CyFair,,,,,,,
Pipeline,0,0,,0,0,0,0,,-,-,-,-,-,-,-,-,-,-,-,-,-,,,,,,,,,CyFair,,,,,,,
Pipeline Below PSV,6,60,,0,6,20,39,,-,-,-,-,-,6,6,7,7,7,15,17,66,,,,,,,,,CyFair,,,,,,,
Pipeline Adjustment,-4,-27,,0,-4,-14,-14,,-,-,-,-,-,(4),(5),(5),(4),(5),(4),(5),(32),,,,,,,,,CyFair,,,,,,,
Genuine Go-Get,0,511,,0,0,204,306,,-,-,-,-,-,-,51,51,102,77,128,102,511,,,,,,,,,CyFair,,,,,,,
Go-Get - Organic due to Enrolling Revenue Optimization,0,-89,,0,0,-36,-53,,-,-,-,-,-,-,(9),(9),(18),(13),(22),(18),(89),,,,,,,,,CyFair,,,,,,,
Go-Get - Organic due to Enrolling Adj.,0,0,,0,0,0,0,,-,-,-,-,-,-,(0),(0),(0),(0),(0),(0),(0),,,,,,,,,CyFair,,,,,,,
Go-Get - Organic due to Budget Optimization,0,0,,0,0,0,0,,-,-,-,-,-,-,-,-,-,-,-,-,-,,,,,,,,,CyFair,,,,,,,
Go-Get - Organic due to Pipeline Adj,0,32,,0,0,13,19,,-,-,-,-,-,-,3,3,6,5,8,6,32,,,,,,,,,CyFair,,,,,,,
Go-Get - Organic due to Awarded Adj,0,648,,0,0,259,389,,-,-,-,-,-,-,65,65,130,97,162,130,648,,,,,,,,,CyFair,,,,,,,
Go-Get Organic,0,-80,,0,0,-32,-48,,-,-,-,-,-,-,(8),(8),(16),(12),(20),(16),(80),,,,,,,,,CyFair,,,,,,,
Dallas - Fort Worth,"2,252","1,426",,"1,242","1,010",567,859,,254,395,592,483,335,191,184,134,249,332,269,257,"3,678",,Non-Houston,Developing,Miranda Trier,Dedicated,,,,Dallas - Fort Worth,Miranda Trier,0,"3,678,195",,,,
Backlog (Maintenance),691,346,,383,308,96,250,,141,122,120,97,134,78,27,14,55,84,81,85,"1,038",,,,,,,,,Dallas - Fort Worth,,,,,,,
Total Enrolling,"1,536",421,,859,677,222,199,,114,274,472,386,201,89,100,56,66,59,69,71,"1,957",,,,,,,,,Dallas - Fort Worth,,,,,,,
Enrolling,"1,538",430,,859,678,226,204,,114,274,472,386,201,90,102,57,67,61,70,73,"1,967",,,,,,,,,Dallas - Fort Worth,,,,,,,
Revenue Optimization - Enrolling Studies,-2,-8,,0,-2,-4,-5,,-,-,-,-,-,(2),(2),(1),(1),(2),(1),(1),(10),,,,,,,,,Dallas - Fort Worth,,,,,,,
Risk Adjustments for Enrolling Trials,0,0,,0,0,0,0,,-,-,-,-,-,-,-,-,-,-,-,-,-,,,,,,,,,Dallas - Fort Worth,,,,,,,
Total Awarded,2,234,,0,2,69,165,,-,-,-,-,-,2,7,10,51,122,29,15,236,,,,,,,,,Dallas - Fort Worth,,,,,,,
Awarded,2,650,,0,2,172,478,,-,-,-,-,-,2,7,10,155,385,69,23,652,,,,,,,,,Dallas - Fort Worth,,,,,,,
Awarded Adjustment,0,-416,,0,0,-104,-312,,-,-,-,-,-,-,-,0,(104),(263),(41),(8),(416),,,,,,,,,Dallas - Fort Worth,,,,,,,
Budget Optimization,0,0,,0,0,0,0,,-,-,-,-,-,-,-,-,-,-,-,-,-,,,,,,,,,Dallas - Fort Worth,,,,,,,
Total Pipeline,22,195,,0,22,88,107,,-,-,-,-,-,22,27,30,31,33,33,40,217,,,,,,,,,Dallas - Fort Worth,,,,,,,
Pipeline,0,45,,0,0,14,31,,-,-,-,-,-,-,3,5,6,7,9,15,45,,,,,,,,,Dallas - Fort Worth,,,,,,,
Pipeline Below PSV,27,177,,0,27,88,90,,-,-,-,-,-,27,28,30,29,30,29,30,204,,,,,,,,,Dallas - Fort Worth,,,,,,,
Pipeline Adjustment,-4,-27,,0,-4,-14,-14,,-,-,-,-,-,(4),(5),(5),(4),(5),(4),(5),(32),,,,,,,,,Dallas - Fort Worth,,,,,,,
Genuine Go-Get,0,230,,0,0,92,138,,-,-,-,-,-,-,23,23,46,34,57,46,230,,,,,,,,,Dallas - Fort Worth,,,,,,,
Go-Get - Organic due to Enrolling Revenue Optimization,0,10,,0,0,4,6,,-,-,-,-,-,-,1,1,2,1,2,2,10,,,,,,,,,Dallas - Fort Worth,,,,,,,
Go-Get - Organic due to Enrolling Adj.,0,0,,0,0,0,0,,-,-,-,-,-,-,-,-,-,-,-,-,-,,,,,,,,,Dallas - Fort Worth,,,,,,,
Go-Get - Organic due to Budget Optimization,0,0,,0,0,0,0,,-,-,-,-,-,-,-,-,-,-,-,-,-,,,,,,,,,Dallas - Fort Worth,,,,,,,
Go-Get - Organic due to Pipeline Adj,0,32,,0,0,13,19,,-,-,-,-,-,-,3,3,6,5,8,6,32,,,,,,,,,Dallas - Fort Worth,,,,,,,
Go-Get - Organic due to Awarded Adj,0,416,,0,0,166,250,,-,-,-,-,-,-,42,42,83,62,104,83,416,,,,,,,,,Dallas - Fort Worth,,,,,,,
Go-Get Organic,0,-228,,0,0,-91,-137,,-,-,-,-,-,-,(23),(23),(46),(34),(57),(46),(228),,,,,,,,,Dallas - Fort Worth,,,,,,,
Dominion,293,"1,387",,120,173,472,914,,30,58,31,29,113,32,98,160,215,371,287,256,"1,679",,Non-Houston,Developing,Caridad Carrrion,Embedded,,,,Dominion,Caridad Carrrion,0,"1,679,384",,,,
Backlog (Maintenance),182,0,,96,86,0,0,,28,55,12,6,80,-,-,-,-,-,-,-,182,"  2,239 ",,,,,,,,Dominion,,,,,,,
Total Enrolling,105,180,,24,82,128,52,,2,3,19,23,32,26,36,48,44,28,15,9,285,,,,,,,,,Dominion,,,,,,,
Enrolling,102,159,,24,78,113,46,,2,3,19,23,32,23,32,42,39,25,13,8,261,,,,,,,,,Dominion,,,,,,,
Revenue Optimization - Enrolling Studies,3,21,,0,3,15,6,,-,-,-,-,-,3,4,6,5,3,2,1,24,,,,,,,,,Dominion,,,,,,,
Risk Adjustments for Enrolling Trials,0,0,,0,0,0,0,,-,-,-,-,-,-,0,-,-,-,-,-,0,,,,,,,,,Dominion,,,,,,,
Total Awarded,2,232,,0,2,13,220,,-,-,-,-,-,2,2,4,6,172,37,10,234,,,,,,,,,Dominion,,,,,,,
Awarded,2,730,,0,2,13,717,,-,-,-,-,-,2,2,4,6,583,116,19,732,,,,,,,,,Dominion,,,,,,,
Awarded Adjustment,0,-498,,0,0,0,-498,,-,-,-,-,-,-,(0),0,-,(411),(78),(8),(498),,,,,,,,,Dominion,,,,,,,
Budget Optimization,0,0,,0,0,0,0,,-,-,-,-,-,-,-,-,-,-,-,-,-,,,,,,,,,Dominion,,,,,,,
Total Pipeline,3,528,,0,3,153,375,,-,-,-,-,-,3,15,63,75,105,123,147,532,,,,,,,,,Dominion,,,,,,,
Pipeline,0,212,,0,0,60,152,,-,-,-,-,-,-,12,21,28,44,47,61,212,,,,,,,,,Dominion,,,,,,,
Pipeline Below PSV,8,344,,0,8,106,237,,-,-,-,-,-,8,8,47,51,66,81,91,351,,,,,,,,,Dominion,,,,,,,
Pipeline Adjustment,-4,-27,,0,-4,-14,-14,,-,-,-,-,-,(4),(5),(5),(4),(5),(4),(5),(32),,,,,,,,,Dominion,,,,,,,
Genuine Go-Get,0,446,,0,0,179,268,,-,-,-,-,-,-,45,45,89,67,112,89,446,,,,,,,,,Dominion,,,,,,,
Go-Get - Organic due to Enrolling Revenue Optimization,0,-24,,0,0,-10,-14,,-,-,-,-,-,-,(2),(2),(5),(4),(6),(5),(24),,,,,,,,,Dominion,,,,,,,
Go-Get - Organic due to Enrolling Adj.,0,0,,0,0,0,0,,-,-,-,-,-,-,(0),(0),(0),(0),(0),(0),(0),,,,,,,,,Dominion,,,,,,,
Go-Get - Organic due to Budget Optimization,0,0,,0,0,0,0,,-,-,-,-,-,-,-,-,-,-,-,-,-,,,,,,,,,Dominion,,,,,,,
Go-Get - Organic due to Pipeline Adj,0,32,,0,0,13,19,,-,-,-,-,-,-,3,3,6,5,8,6,32,,,,,,,,,Dominion,,,,,,,
Go-Get - Organic due to Awarded Adj,0,498,,0,0,199,299,,-,-,-,-,-,-,50,50,100,75,124,100,498,,,,,,,,,Dominion,,,,,,,
Go-Get Organic,0,-59,,0,0,-24,-36,,-,-,-,-,-,-,(6),(6),(12),(9),(15),(12),(59),,,,,,,,,Dominion,,,,,,,
Jersey City,"2,609","1,587",,"1,539","1,069",675,912,,309,459,772,384,454,231,272,198,205,398,255,258,"4,196",,Non-Houston,Mature,Shumaila Butt,Dedicated,,,,Jersey City,Shumaila Butt,0,"4,195,558",,,,
Backlog (Maintenance),"1,243",313,,797,446,182,130,,268,301,227,116,230,101,106,43,33,42,14,74,"1,556",,,,,,,,,Jersey City,,,,,,,
Total Enrolling,"1,346",134,,743,603,134,0,,41,157,545,269,224,110,89,41,3,-,-,-,"1,479",,,,,,,,,Jersey City,,,,,,,
Enrolling,"1,346",134,,743,603,134,0,,41,157,545,269,224,110,89,41,3,-,-,-,"1,479",,,,,,,,,Jersey City,,,,,,,
Revenue Optimization - Enrolling Studies,0,0,,0,0,0,0,,-,-,-,-,-,-,-,-,-,-,-,-,-,,,,,,,,,Jersey City,,,,,,,
Risk Adjustments for Enrolling Trials,0,0,,0,0,0,0,,-,-,-,-,-,-,-,-,-,-,-,-,-,,,,,,,,,Jersey City,,,,,,,
Total Awarded,0,249,,0,0,0,249,,-,-,-,-,-,-,-,-,-,213,33,3,249,,,,,,,,,Jersey City,,,,,,,
Awarded,0,897,,0,0,0,897,,-,-,-,-,-,-,-,-,-,766,120,12,897,,,,,,,,,Jersey City,,,,,,,
Awarded Adjustment,0,-648,,0,0,0,-648,,-,-,-,-,-,-,-,-,-,(553),(87),(8),(648),,,,,,,,,Jersey City,,,,,,,
Budget Optimization,0,0,,0,0,0,0,,-,-,-,-,-,-,-,-,-,-,-,-,-,,,,,,,,,Jersey City,,,,,,,
Total Pipeline,20,332,,0,20,135,196,,-,-,-,-,-,20,21,59,56,60,68,68,351,,,,,,,,,Jersey City,,,,,,,
Pipeline,0,22,,0,0,10,13,,-,-,-,-,-,-,-,8,2,3,6,4,22,,,,,,,,,Jersey City,,,,,,,
Pipeline Below PSV,20,309,,0,20,126,184,,-,-,-,-,-,20,21,51,54,57,62,65,329,,,,,,,,,Jersey City,,,,,,,
Pipeline Adjustment,0,0,,0,0,0,0,,-,-,-,-,-,-,(0),-,(0),-,-,-,(0),,,,,,,,,Jersey City,,,,,,,
Genuine Go-Get,0,560,,0,0,224,336,,-,-,-,-,-,-,56,56,112,84,140,112,560,,,,,,,,,Jersey City,,,,,,,
Go-Get - Organic due to Enrolling Revenue Optimization,0,0,,0,0,0,0,,-,-,-,-,-,-,-,-,-,-,-,-,-,,,,,,,,,Jersey City,,,,,,,
Go-Get - Organic due to Enrolling Adj.,0,0,,0,0,0,0,,-,-,-,-,-,-,-,-,-,-,-,-,-,,,,,,,,,Jersey City,,,,,,,
Go-Get - Organic due to Budget Optimization,0,0,,0,0,0,0,,-,-,-,-,-,-,-,-,-,-,-,-,-,,,,,,,,,Jersey City,,,,,,,
Go-Get - Organic due to Pipeline Adj,0,0,,0,0,0,0,,-,-,-,-,-,-,0,0,0,0,0,0,0,,,,,,,,,Jersey City,,,,,,,
Go-Get - Organic due to Awarded Adj,0,648,,0,0,259,389,,-,-,-,-,-,-,65,65,130,97,162,130,648,,,,,,,,,Jersey City,,,,,,,
Go-Get Organic,0,-88,,0,0,-35,-53,,-,-,-,-,-,-,(9),(9),(18),(13),(22),(18),(88),,,,,,,,,Jersey City,,,,,,,
NOVA,48,802,,0,48,349,453,,-,-,-,-,21,27,69,135,145,155,157,141,850,,Non-Houston,Developing,Miranda Trier,Embedded,,,,NOVA,Miranda Trier,0,"850,006",,,,
Backlog (Maintenance),0,0,,0,0,0,0,,-,-,-,-,-,-,-,-,-,-,-,-,-,,,,,,,,,NOVA,,,,,,,
Total Enrolling,0,0,,0,0,0,0,,-,-,-,-,-,-,-,-,-,-,-,-,-,,,,,,,,,NOVA,,,,,,,
Enrolling,0,0,,0,0,0,0,,-,-,-,-,-,-,-,-,-,-,-,-,-,,,,,,,,,NOVA,,,,,,,
Revenue Optimization - Enrolling Studies,0,0,,0,0,0,0,,-,-,-,-,-,-,-,-,-,-,-,-,-,,,,,,,,,NOVA,,,,,,,
Risk Adjustments for Enrolling Trials,0,0,,0,0,0,0,,-,-,-,-,-,-,-,-,-,-,-,-,-,,,,,,,,,NOVA,,,,,,,
Total Awarded,46,275,,0,46,150,124,,-,-,-,-,21,25,56,50,45,39,48,38,321,,,,,,,,,NOVA,,,,,,,
Awarded,46,275,,0,46,150,124,,-,-,-,-,21,25,56,50,45,39,48,38,321,,,,,,,,,NOVA,,,,,,,
Awarded Adjustment,0,0,,0,0,0,0,,-,-,-,-,-,-,-,-,-,-,-,-,-,,,,,,,,,NOVA,,,,,,,
Budget Optimization,0,0,,0,0,0,0,,-,-,-,-,-,-,-,-,-,-,-,-,-,,,,,,,,,NOVA,,,,,,,
Total Pipeline,2,492,,0,2,185,308,,-,-,-,-,-,2,10,82,93,111,100,97,494,,,,,,,,,NOVA,,,,,,,
Pipeline,0,161,,0,0,45,115,,-,-,-,-,-,-,8,16,21,36,38,42,161,,,,,,,,,NOVA,,,,,,,
Pipeline Below PSV,6,359,,0,6,153,206,,-,-,-,-,-,6,6,71,76,80,67,59,365,,,,,,,,,NOVA,,,,,,,
Pipeline Adjustment,-4,-27,,0,-4,-14,-14,,-,-,-,-,-,(4),(5),(5),(4),(5),(4),(5),(32),,,,,,,,,NOVA,,,,,,,
Genuine Go-Get,0,35,,0,0,14,21,,-,-,-,-,-,-,3,3,7,5,9,7,35,,,,,,,,,NOVA,,,,,,,
Go-Get - Organic due to Enrolling Revenue Optimization,0,0,,0,0,0,0,,-,-,-,-,-,-,-,-,-,-,-,-,-,,,,,,,,,NOVA,,,,,,,
Go-Get - Organic due to Enrolling Adj.,0,0,,0,0,0,0,,-,-,-,-,-,-,-,-,-,-,-,-,-,,,,,,,,,NOVA,,,,,,,
Go-Get - Organic due to Budget Optimization,0,0,,0,0,0,0,,-,-,-,-,-,-,-,-,-,-,-,-,-,,,,,,,,,NOVA,,,,,,,
Go-Get - Organic due to Pipeline Adj,0,32,,0,0,13,19,,-,-,-,-,-,-,3,3,6,5,8,6,32,,,,,,,,,NOVA,,,,,,,
Go-Get - Organic due to Awarded Adj,0,0,,0,0,0,0,,-,-,-,-,-,-,-,-,-,-,-,-,-,,,,,,,,,NOVA,,,,,,,
Go-Get Organic,0,3,,0,0,1,2,,-,-,-,-,-,-,0,0,1,0,1,1,3,,,,,,,,,NOVA,,,,,,,
Philadelphia,"5,680","2,929",,"3,362","2,319","1,136","1,794",,992,853,"1,516","1,063",729,526,399,348,388,804,488,502,"8,609",,Non-Houston,Mature,Sarah Boyer,Dedicated,,,,Philadelphia,Sarah Boyer,0,"8,609,445",,,,
Backlog (Maintenance),"2,449",445,,"1,683",765,155,290,,867,403,414,351,203,212,85,30,41,108,46,136,"2,893",,,,,,,,,Philadelphia,,,,,,,
Total Enrolling,"3,181","1,156",,"1,678","1,503",612,544,,126,451,"1,102",713,526,264,244,190,178,263,166,115,"4,337",,,,,,,,,Philadelphia,,,,,,,
Enrolling,"3,186","1,173",,"1,678","1,507",623,551,,126,451,"1,102",713,526,268,247,193,182,267,169,115,"4,359",,,,,,,,,Philadelphia,,,,,,,
Revenue Optimization - Enrolling Studies,-4,-18,,0,-4,-11,-7,,-,-,-,-,-,(4),(3),(4),(4),(4),(3),1,(22),,,,,,,,,Philadelphia,,,,,,,
Risk Adjustments for Enrolling Trials,0,0,,0,0,0,0,,-,-,-,-,-,-,0,0,-,-,-,(0),0,,,,,,,,,Philadelphia,,,,,,,
Total Awarded,21,401,,0,21,54,348,,-,-,-,-,-,21,9,23,22,274,48,26,422,,,,,,,,,Philadelphia,,,,,,,
Awarded,21,"1,195",,0,21,81,"1,114",,-,-,-,-,-,21,9,23,49,931,144,38,"1,215",,,,,,,,,Philadelphia,,,,,,,
Awarded Adjustment,0,-793,,0,0,-27,-766,,-,-,-,-,-,-,-,-,(27),(658),(96),(13),(793),,,,,,,,,Philadelphia,,,,,,,
Budget Optimization,0,0,,0,0,0,0,,-,-,-,-,-,-,-,-,-,-,-,-,-,,,,,,,,,Philadelphia,,,,,,,
Total Pipeline,29,636,,0,29,198,438,,-,-,-,-,-,29,33,76,89,116,156,166,666,,,,,,,,,Philadelphia,,,,,,,
Pipeline,0,242,,0,0,26,216,,-,-,-,-,-,-,-,8,19,41,83,91,242,,,,,,,,,Philadelphia,,,,,,,
Pipeline Below PSV,29,394,,0,29,172,222,,-,-,-,-,-,29,33,69,71,74,73,75,424,,,,,,,,,Philadelphia,,,,,,,
Pipeline Adjustment,0,0,,0,0,0,0,,-,-,-,-,-,-,-,(0),-,-,-,-,(0),,,,,,,,,Philadelphia,,,,,,,
Genuine Go-Get,0,291,,0,0,116,175,,-,-,-,-,-,-,29,29,58,44,73,58,291,,,,,,,,,Philadelphia,,,,,,,
Go-Get - Organic due to Enrolling Revenue Optimization,0,22,,0,0,9,13,,-,-,-,-,-,-,2,2,4,3,5,4,22,,,,,,,,,Philadelphia,,,,,,,
Go-Get - Organic due to Enrolling Adj.,0,0,,0,0,0,0,,-,-,-,-,-,-,(0),(0),(0),(0),(0),(0),(0),,,,,,,,,Philadelphia,,,,,,,
Go-Get - Organic due to Budget Optimization,0,0,,0,0,0,0,,-,-,-,-,-,-,-,-,-,-,-,-,-,,,,,,,,,Philadelphia,,,,,,,
Go-Get - Organic due to Pipeline Adj,0,0,,0,0,0,0,,-,-,-,-,-,-,0,0,0,0,0,0,0,,,,,,,,,Philadelphia,,,,,,,
Go-Get - Organic due to Awarded Adj,0,793,,0,0,317,476,,-,-,-,-,-,-,79,79,159,119,198,159,793,,,,,,,,,Philadelphia,,,,,,,
Go-Get Organic,0,-524,,0,0,-210,-315,,-,-,-,-,-,-,(52),(52),(105),(79),(131),(105),(524),,,,,,,,,Philadelphia,,,,,,,
Phoenix,834,"1,334",,213,621,626,709,,97,65,51,197,232,192,237,198,191,241,232,236,"2,168",,Non-Houston,Mature,Jamie Williams,Dedicated,,,,Phoenix,Jamie Williams,0,"2,168,443",,,,
Backlog (Maintenance),405,82,,152,253,5,77,,64,65,23,52,178,23,5,-,-,28,26,23,487,,,,,,,,,Phoenix,,,,,,,
Total Enrolling,389,686,,62,328,369,317,,34,-,28,145,54,129,158,107,104,105,94,118,"1,075",,,,,,,,,Phoenix,,,,,,,
Enrolling,357,507,,62,295,276,231,,34,-,28,145,54,96,120,80,77,76,68,87,864,,,,,,,,,Phoenix,,,,,,,
Revenue Optimization - Enrolling Studies,32,178,,0,32,93,85,,-,-,-,-,-,32,39,27,28,29,26,30,211,,,,,,,,,Phoenix,,,,,,,
Risk Adjustments for Enrolling Trials,0,0,,0,0,0,0,,-,-,-,-,-,-,-,-,-,-,-,-,-,,,,,,,,,Phoenix,,,,,,,
Total Awarded,21,154,,0,21,82,73,,-,-,-,-,-,21,29,36,16,44,21,8,175,,,,,,,,,Phoenix,,,,,,,
Awarded,21,304,,0,21,82,222,,-,-,-,-,-,21,29,36,16,144,61,16,324,,,,,,,,,Phoenix,,,,,,,
Awarded Adjustment,0,-149,,0,0,0,-149,,-,-,-,-,-,-,-,0,0,(100),(41),(8),(149),,,,,,,,,Phoenix,,,,,,,
Budget Optimization,0,0,,0,0,0,0,,-,-,-,-,-,-,-,-,-,-,-,-,-,,,,,,,,,Phoenix,,,,,,,
Total Pipeline,19,212,,0,19,90,122,,-,-,-,-,-,19,24,35,30,34,41,47,231,,,,,,,,,Phoenix,,,,,,,
Pipeline,0,73,,0,0,25,47,,-,-,-,-,-,-,4,13,9,11,15,20,73,,,,,,,,,Phoenix,,,,,,,
Pipeline Below PSV,19,139,,0,19,65,75,,-,-,-,-,-,19,20,22,22,23,26,27,159,,,,,,,,,Phoenix,,,,,,,
Pipeline Adjustment,0,0,,0,0,0,0,,-,-,-,-,-,-,-,-,(0),-,-,(0),(0),,,,,,,,,Phoenix,,,,,,,
Genuine Go-Get,0,200,,0,0,80,120,,-,-,-,-,-,-,20,20,40,30,50,40,200,,,,,,,,,Phoenix,,,,,,,
Go-Get - Organic due to Enrolling Revenue Optimization,0,-211,,0,0,-84,-127,,-,-,-,-,-,-,(21),(21),(42),(32),(53),(42),(211),,,,,,,,,Phoenix,,,,,,,
Go-Get - Organic due to Enrolling Adj.,0,0,,0,0,0,0,,-,-,-,-,-,-,-,-,-,-,-,-,-,,,,,,,,,Phoenix,,,,,,,
Go-Get - Organic due to Budget Optimization,0,0,,0,0,0,0,,-,-,-,-,-,-,-,-,-,-,-,-,-,,,,,,,,,Phoenix,,,,,,,
Go-Get - Organic due to Pipeline Adj,0,0,,0,0,0,0,,-,-,-,-,-,-,0,0,0,0,0,0,0,,,,,,,,,Phoenix,,,,,,,
Go-Get - Organic due to Awarded Adj,0,149,,0,0,60,90,,-,-,-,-,-,-,15,15,30,22,37,30,149,,,,,,,,,Phoenix,,,,,,,
Go-Get Organic,0,262,,0,0,105,157,,-,-,-,-,-,-,26,26,52,39,65,52,262,,,,,,,,,Phoenix,,,,,,,
Rehman,396,704,,225,172,319,384,,83,98,44,80,44,48,101,95,123,116,138,131,"1,100",,Houston,Mature,Miranda Trier,Embedded,,,,Rehman,Miranda Trier,0,"1,100,000",,,,
Backlog (Maintenance),331,99,,210,122,73,26,,83,83,44,55,34,33,40,24,8,12,3,11,430,,,,,,,,,Rehman,,,,,,,
Total Enrolling,63,173,,15,48,87,86,,-,15,-,25,10,13,24,34,29,30,28,28,235,,,,,,,,,Rehman,,,,,,,
Enrolling,58,121,,15,43,57,64,,-,15,-,25,10,9,15,23,19,21,21,22,180,,,,,,,,,Rehman,,,,,,,
Revenue Optimization - Enrolling Studies,4,51,,0,4,30,21,,-,-,-,-,-,4,9,12,9,9,7,6,56,,,,,,,,,Rehman,,,,,,,
Risk Adjustments for Enrolling Trials,0,0,,0,0,0,0,,-,-,-,-,-,-,-,-,-,-,-,-,-,,,,,,,,,Rehman,,,,,,,
Total Awarded,0,0,,0,0,0,0,,-,-,-,-,-,-,-,-,-,-,-,-,-,,,,,,,,,Rehman,,,,,,,
Awarded,0,0,,0,0,0,0,,-,-,-,-,-,-,-,-,-,-,-,-,-,,,,,,,,,Rehman,,,,,,,
Awarded Adjustment,0,0,,0,0,0,0,,-,-,-,-,-,-,-,-,-,-,-,-,-,,,,,,,,,Rehman,,,,,,,
Budget Optimization,0,0,,0,0,0,0,,-,-,-,-,-,-,-,-,-,-,-,-,-,,,,,,,,,Rehman,,,,,,,
Total Pipeline,2,98,,0,2,26,72,,-,-,-,-,-,2,3,3,19,24,24,25,100,,,,,,,,,Rehman,,,,,,,
Pipeline,0,0,,0,0,0,0,,-,-,-,-,-,-,-,-,-,-,-,-,-,,,,,,,,,Rehman,,,,,,,
Pipeline Below PSV,2,98,,0,2,26,72,,-,-,-,-,-,2,3,3,19,24,24,25,100,,,,,,,,,Rehman,,,,,,,
Pipeline Adjustment,0,0,,0,0,0,0,,-,-,-,-,-,-,-,-,-,-,-,-,-,,,,,,,,,Rehman,,,,,,,
Genuine Go-Get,0,335,,0,0,134,201,,-,-,-,-,-,-,33,33,67,50,84,67,335,,,,,,,,,Rehman,,,,,,,
Go-Get - Organic due to Enrolling Revenue Optimization,0,-56,,0,0,-22,-33,,-,-,-,-,-,-,(6),(6),(11),(8),(14),(11),(56),,,,,,,,,Rehman,,,,,,,
Go-Get - Organic due to Enrolling Adj.,0,0,,0,0,0,0,,-,-,-,-,-,-,-,-,-,-,-,-,-,,,,,,,,,Rehman,,,,,,,
Go-Get - Organic due to Budget Optimization,0,0,,0,0,0,0,,-,-,-,-,-,-,-,-,-,-,-,-,-,,,,,,,,,Rehman,,,,,,,
Go-Get - Organic due to Pipeline Adj,0,0,,0,0,0,0,,-,-,-,-,-,-,-,-,-,-,-,-,-,,,,,,,,,Rehman,,,,,,,
Go-Get - Organic due to Awarded Adj,0,0,,0,0,0,0,,-,-,-,-,-,-,-,-,-,-,-,-,-,,,,,,,,,Rehman,,,,,,,
Go-Get Organic,0,390,,0,0,156,234,,-,-,-,-,-,-,39,39,78,59,98,78,390,,,,,,,,,Rehman,,,,,,,
River Forest,"3,705","2,280",,"2,075","1,630","1,002","1,278",,561,839,676,626,669,335,296,335,371,405,362,512,"5,985",,Non-Houston,Mature,Sarah Boyer,Dedicated,,,,River Forest,Sarah Boyer,0,"5,985,088",,,,
Backlog (Maintenance),"1,803",456,,"1,114",689,163,293,,421,442,251,255,318,116,38,60,65,95,29,169,"2,259",,,,,,,,,River Forest,,,,,,,
Total Enrolling,"1,901",683,,962,939,420,263,,140,397,425,370,351,217,192,136,92,74,74,115,"2,583",,,,,,,,,River Forest,,,,,,,
Enrolling,"1,899",672,,962,937,415,257,,140,397,425,370,351,216,190,134,90,73,72,112,"2,571",,,,,,,,,River Forest,,,,,,,
Revenue Optimization - Enrolling Studies,1,11,,0,1,5,6,,-,-,-,-,-,1,2,2,2,2,2,2,12,,,,,,,,,River Forest,,,,,,,
Risk Adjustments for Enrolling Trials,0,0,,0,0,0,0,,-,-,-,-,-,-,(0),-,-,-,0,-,0,,,,,,,,,River Forest,,,,,,,
Total Awarded,0,134,,0,0,26,108,,-,-,-,-,-,-,4,4,18,58,28,23,134,,,,,,,,,River Forest,,,,,,,
Awarded,0,327,,0,0,53,274,,-,-,-,-,-,-,4,4,45,169,70,35,327,,,,,,,,,River Forest,,,,,,,
Awarded Adjustment,0,-193,,0,0,-27,-166,,-,-,-,-,-,-,-,-,(27),(111),(43),(13),(193),,,,,,,,,River Forest,,,,,,,
Budget Optimization,0,0,,0,0,0,0,,-,-,-,-,-,-,-,-,-,-,-,-,-,,,,,,,,,River Forest,,,,,,,
Total Pipeline,2,455,,0,2,173,283,,-,-,-,-,-,2,7,79,86,95,93,94,457,,,,,,,,,River Forest,,,,,,,
Pipeline,0,193,,0,0,63,130,,-,-,-,-,-,-,4,29,31,37,43,50,193,,,,,,,,,River Forest,,,,,,,
Pipeline Below PSV,6,289,,0,6,123,166,,-,-,-,-,-,6,8,55,60,63,55,48,295,,,,,,,,,River Forest,,,,,,,
Pipeline Adjustment,-4,-27,,0,-4,-14,-14,,-,-,-,-,-,(4),(5),(5),(4),(5),(4),(5),(32),,,,,,,,,River Forest,,,,,,,
Genuine Go-Get,0,552,,0,0,221,331,,-,-,-,-,-,-,55,55,110,83,138,110,552,,,,,,,,,River Forest,,,,,,,
Go-Get - Organic due to Enrolling Revenue Optimization,0,-12,,0,0,-5,-7,,-,-,-,-,-,-,(1),(1),(2),(2),(3),(2),(12),,,,,,,,,River Forest,,,,,,,
Go-Get - Organic due to Enrolling Adj.,0,0,,0,0,0,0,,-,-,-,-,-,-,(0),(0),(0),(0),(0),(0),(0),,,,,,,,,River Forest,,,,,,,
Go-Get - Organic due to Budget Optimization,0,0,,0,0,0,0,,-,-,-,-,-,-,-,-,-,-,-,-,-,,,,,,,,,River Forest,,,,,,,
Go-Get - Organic due to Pipeline Adj,0,32,,0,0,13,19,,-,-,-,-,-,-,3,3,6,5,8,6,32,,,,,,,,,River Forest,,,,,,,
Go-Get - Organic due to Awarded Adj,0,193,,0,0,77,116,,-,-,-,-,-,-,19,19,39,29,48,39,193,,,,,,,,,River Forest,,,,,,,
Go-Get Organic,0,339,,0,0,136,204,,-,-,-,-,-,-,34,34,68,51,85,68,339,,,,,,,,,River Forest,,,,,,,
San Antonio,509,701,,286,223,217,484,,106,111,69,78,81,64,37,83,97,156,141,186,"1,211",,Non-Houston,Developing,Caridad Carrrion,Dedicated,,,,San Antonio,Caridad Carrrion,0,"1,210,743",,,,
Backlog (Maintenance),489,158,,280,209,29,129,,105,103,72,73,80,56,11,6,12,27,27,75,648,,,,,,,,,San Antonio,,,,,,,
Total Enrolling,20,129,,6,14,59,69,,1,9,(3),5,1,8,22,16,21,23,20,26,149,,,,,,,,,San Antonio,,,,,,,
Enrolling,20,125,,6,14,58,67,,1,9,(3),5,1,8,22,16,20,23,20,25,145,,,,,,,,,San Antonio,,,,,,,
Revenue Optimization - Enrolling Studies,0,4,,0,0,2,2,,-,-,-,-,-,0,1,1,1,1,1,1,4,,,,,,,,,San Antonio,,,,,,,
Risk Adjustments for Enrolling Trials,0,0,,0,0,0,0,,-,-,-,-,-,-,-,(0),-,-,-,-,(0),,,,,,,,,San Antonio,,,,,,,
Total Awarded,0,57,,0,0,0,57,,-,-,-,-,-,-,-,-,-,39,16,3,57,,,,,,,,,San Antonio,,,,,,,
Awarded,0,207,,0,0,0,207,,-,-,-,-,-,-,-,-,-,139,56,12,207,,,,,,,,,San Antonio,,,,,,,
Awarded Adjustment,0,-149,,0,0,0,-149,,-,-,-,-,-,-,-,-,-,(100),(41),(8),(149),,,,,,,,,San Antonio,,,,,,,
Budget Optimization,0,0,,0,0,0,0,,-,-,-,-,-,-,-,-,-,-,-,-,-,,,,,,,,,San Antonio,,,,,,,
Total Pipeline,0,344,,0,0,124,220,,-,-,-,-,-,-,3,59,62,65,75,80,344,,,,,,,,,San Antonio,,,,,,,
Pipeline,0,153,,0,0,58,95,,-,-,-,-,-,-,1,28,29,32,30,32,153,,,,,,,,,San Antonio,,,,,,,
Pipeline Below PSV,0,191,,0,0,65,126,,-,-,-,-,-,-,2,32,32,33,44,48,191,,,,,,,,,San Antonio,,,,,,,
Pipeline Adjustment,0,0,,0,0,0,0,,-,-,-,-,-,-,-,-,0,-,0,0,0,,,,,,,,,San Antonio,,,,,,,
Genuine Go-Get,0,13,,0,0,5,8,,-,-,-,-,-,-,1,1,3,2,3,3,13,,,,,,,,,San Antonio,,,,,,,
Go-Get - Organic due to Enrolling Revenue Optimization,0,-4,,0,0,-2,-3,,-,-,-,-,-,-,(0),(0),(1),(1),(1),(1),(4),,,,,,,,,San Antonio,,,,,,,
Go-Get - Organic due to Enrolling Adj.,0,0,,0,0,0,0,,-,-,-,-,-,-,0,0,0,0,0,0,0,,,,,,,,,San Antonio,,,,,,,
Go-Get - Organic due to Budget Optimization,0,0,,0,0,0,0,,-,-,-,-,-,-,-,-,-,-,-,-,-,,,,,,,,,San Antonio,,,,,,,
Go-Get - Organic due to Pipeline Adj,0,0,,0,0,0,0,,-,-,-,-,-,-,(0),(0),(0),(0),(0),(0),(0),,,,,,,,,San Antonio,,,,,,,
Go-Get - Organic due to Awarded Adj,0,149,,0,0,60,90,,-,-,-,-,-,-,15,15,30,22,37,30,149,,,,,,,,,San Antonio,,,,,,,
Go-Get Organic,0,-132,,0,0,-53,-79,,-,-,-,-,-,-,(13),(13),(26),(20),(33),(26),(132),,,,,,,,,San Antonio,,,,,,,
Seattle,552,827,,198,355,267,559,,67,86,45,85,219,50,72,84,111,188,213,158,"1,379",,Non-Houston,Developing,Jamie Williams,Dedicated,,,,Seattle,Jamie Williams,0,"1,379,096",,,,
Backlog (Maintenance),500,161,,168,331,12,149,,41,84,43,83,210,38,12,-,-,54,56,39,660,,,,,,,,,Seattle,,,,,,,
Total Enrolling,48,44,,29,19,30,13,,25,2,2,2,9,8,15,6,9,4,6,3,92,,,,,,,,,Seattle,,,,,,,
Enrolling,48,44,,29,19,30,13,,25,2,2,2,9,8,15,6,9,4,6,3,92,,,,,,,,,Seattle,,,,,,,
Revenue Optimization - Enrolling Studies,0,0,,0,0,0,0,,-,-,-,-,-,-,-,-,-,-,-,-,-,,,,,,,,,Seattle,,,,,,,
Risk Adjustments for Enrolling Trials,0,0,,0,0,0,0,,-,-,-,-,-,0,-,-,-,-,0,-,0,,,,,,,,,Seattle,,,,,,,
Total Awarded,5,97,,0,5,20,77,,-,-,-,-,-,5,8,8,4,46,25,7,101,,,,,,,,,Seattle,,,,,,,
Awarded,5,246,,0,5,20,226,,-,-,-,-,-,5,8,8,4,146,65,15,250,,,,,,,,,Seattle,,,,,,,
Awarded Adjustment,0,-149,,0,0,0,-149,,-,-,-,-,-,0,-,-,-,(100),(41),(8),(149),,,,,,,,,Seattle,,,,,,,
Budget Optimization,0,0,,0,0,0,0,,-,-,-,-,-,-,-,-,-,-,-,-,-,,,,,,,,,Seattle,,,,,,,
Total Pipeline,0,190,,0,0,72,118,,-,-,-,-,-,-,4,36,31,34,43,42,190,,,,,,,,,Seattle,,,,,,,
Pipeline,0,21,,0,0,9,12,,-,-,-,-,-,-,-,7,2,3,5,4,21,,,,,,,,,Seattle,,,,,,,
Pipeline Below PSV,0,169,,0,0,63,106,,-,-,-,-,-,-,4,29,30,31,37,39,169,,,,,,,,,Seattle,,,,,,,
Pipeline Adjustment,0,0,,0,0,0,0,,-,-,-,-,-,-,-,0,-,0,(0),-,0,,,,,,,,,Seattle,,,,,,,
Genuine Go-Get,0,336,,0,0,134,202,,-,-,-,-,-,-,34,34,67,50,84,67,336,,,,,,,,,Seattle,,,,,,,
Go-Get - Organic due to Enrolling Revenue Optimization,0,0,,0,0,0,0,,-,-,-,-,-,-,-,-,-,-,-,-,-,,,,,,,,,Seattle,,,,,,,
Go-Get - Organic due to Enrolling Adj.,0,0,,0,0,0,0,,-,-,-,-,-,-,(0),(0),(0),(0),(0),(0),(0),,,,,,,,,Seattle,,,,,,,
Go-Get - Organic due to Budget Optimization,0,0,,0,0,0,0,,-,-,-,-,-,-,-,-,-,-,-,-,-,,,,,,,,,Seattle,,,,,,,
Go-Get - Organic due to Pipeline Adj,0,0,,0,0,0,0,,-,-,-,-,-,-,(0),(0),(0),(0),(0),(0),(0),,,,,,,,,Seattle,,,,,,,
Go-Get - Organic due to Awarded Adj,0,149,,0,0,60,90,,-,-,-,-,-,-,15,15,30,22,37,30,149,,,,,,,,,Seattle,,,,,,,
Go-Get Organic,0,187,,0,0,75,112,,-,-,-,-,-,-,19,19,37,28,47,37,187,,,,,,,,,Seattle,,,,,,,
Southfield,"2,835","2,080",,"1,752","1,083",680,"1,400",,557,741,454,369,464,250,174,216,290,381,487,532,"4,915",,Non-Houston,Mature,Sarah Boyer,Dedicated,,,,Southfield,Sarah Boyer,0,"4,915,338",,,,
Backlog (Maintenance),"2,558",434,,"1,678",880,177,258,,546,707,425,329,376,175,59,49,69,68,70,120,"2,992",,,,,,,,,Southfield,,,,,,,
Total Enrolling,269,489,,74,195,205,284,,11,34,29,40,88,67,75,62,69,96,97,91,758,,,,,,,,,Southfield,,,,,,,
Enrolling,265,447,,74,191,186,261,,11,34,29,40,88,63,67,57,61,88,90,82,711,,,,,,,,,Southfield,,,,,,,
Revenue Optimization - Enrolling Studies,4,42,,0,4,19,23,,-,-,-,-,-,4,7,5,7,7,7,9,47,,,,,,,,,Southfield,,,,,,,
Risk Adjustments for Enrolling Trials,0,0,,0,0,0,0,,-,-,-,-,-,(0),-,-,-,-,(0),-,(0),,,,,,,,,Southfield,,,,,,,
Total Awarded,6,252,,0,6,46,206,,-,-,-,-,-,6,12,9,25,66,77,63,259,,,,,,,,,Southfield,,,,,,,
Awarded,6,445,,0,6,73,372,,-,-,-,-,-,6,12,9,52,177,120,76,452,,,,,,,,,Southfield,,,,,,,
Awarded Adjustment,0,-193,,0,0,-27,-166,,-,-,-,-,-,(0),0,-,(27),(111),(43),(13),(193),,,,,,,,,Southfield,,,,,,,
Budget Optimization,0,0,,0,0,0,0,,-,-,-,-,-,-,-,-,-,-,-,-,-,,,,,,,,,Southfield,,,,,,,
Total Pipeline,2,656,,0,2,153,503,,-,-,-,-,-,2,4,72,77,114,181,208,658,,,,,,,,,Southfield,,,,,,,
Pipeline,0,247,,0,0,0,247,,-,-,-,-,-,-,-,-,-,33,95,120,247,,,,,,,,,Southfield,,,,,,,
Pipeline Below PSV,6,436,,0,6,167,269,,-,-,-,-,-,6,8,77,82,85,91,93,442,,,,,,,,,Southfield,,,,,,,
Pipeline Adjustment,-4,-27,,0,-4,-14,-14,,-,-,-,-,-,(4),(5),(5),(4),(5),(4),(5),(32),,,,,,,,,Southfield,,,,,,,
Genuine Go-Get,0,248,,0,0,99,149,,-,-,-,-,-,-,25,25,50,37,62,50,248,,,,,,,,,Southfield,,,,,,,
Go-Get - Organic due to Enrolling Revenue Optimization,0,-47,,0,0,-19,-28,,-,-,-,-,-,-,(5),(5),(9),(7),(12),(9),(47),,,,,,,,,Southfield,,,,,,,
Go-Get - Organic due to Enrolling Adj.,0,0,,0,0,0,0,,-,-,-,-,-,-,0,0,0,0,0,0,0,,,,,,,,,Southfield,,,,,,,
Go-Get - Organic due to Budget Optimization,0,0,,0,0,0,0,,-,-,-,-,-,-,-,-,-,-,-,-,-,,,,,,,,,Southfield,,,,,,,
Go-Get - Organic due to Pipeline Adj,0,32,,0,0,13,19,,-,-,-,-,-,-,3,3,6,5,8,6,32,,,,,,,,,Southfield,,,,,,,
Go-Get - Organic due to Awarded Adj,0,193,,0,0,77,116,,-,-,-,-,-,-,19,19,39,29,48,39,193,,,,,,,,,Southfield,,,,,,,
Go-Get Organic,0,70,,0,0,28,42,,-,-,-,-,-,-,7,7,14,11,18,14,70,,,,,,,,,Southfield,,,,,,,
Sugarland,"4,159","2,059",,"2,605","1,554",878,"1,181",,744,810,"1,051",650,552,352,249,268,361,424,366,391,"6,219",,Houston,Mature,Gaby Becerra,Dedicated,,,,Sugarland,Gaby Becerra,0,"6,218,505",,,,
Backlog (Maintenance),"2,477",653,,"1,672",805,306,347,,664,571,437,258,324,223,89,97,121,186,47,114,"3,130",,,,,,,,,Sugarland,,,,,,,
Total Enrolling,"1,677",178,,933,745,143,34,,80,239,614,392,228,124,89,30,25,16,9,9,"1,855",,,,,,,,,Sugarland,,,,,,,
Enrolling,"1,676",172,,933,744,139,32,,80,239,614,392,228,123,87,29,23,15,9,9,"1,848",,,,,,,,,Sugarland,,,,,,,
Revenue Optimization - Enrolling Studies,1,6,,0,1,4,2,,-,-,-,-,-,1,1,1,1,1,1,1,7,,,,,,,,,Sugarland,,,,,,,
Risk Adjustments for Enrolling Trials,0,0,,0,0,0,0,,-,-,-,-,-,-,-,-,-,-,-,-,-,,,,,,,,,Sugarland,,,,,,,
Total Awarded,0,217,,0,0,26,192,,-,-,-,-,-,-,5,4,17,61,70,60,217,,,,,,,,,Sugarland,,,,,,,
Awarded,0,410,,0,0,53,358,,-,-,-,-,-,-,5,4,44,172,113,73,410,,,,,,,,,Sugarland,,,,,,,
Awarded Adjustment,0,-193,,0,0,-27,-166,,-,-,-,-,-,-,-,-,(27),(111),(43),(13),(193),,,,,,,,,Sugarland,,,,,,,
Budget Optimization,0,0,,0,0,0,0,,-,-,-,-,-,-,-,-,-,-,-,-,-,,,,,,,,,Sugarland,,,,,,,
Total Pipeline,5,421,,0,5,166,255,,-,-,-,-,-,5,8,78,80,73,92,89,426,,,,,,,,,Sugarland,,,,,,,
Pipeline,0,112,,0,0,51,61,,-,-,-,-,-,-,-,25,26,17,26,19,112,,,,,,,,,Sugarland,,,,,,,
Pipeline Below PSV,9,336,,0,9,129,207,,-,-,-,-,-,9,13,58,59,61,71,75,346,,,,,,,,,Sugarland,,,,,,,
Pipeline Adjustment,-4,-27,,0,-4,-14,-14,,-,-,-,-,-,(4),(5),(5),(4),(5),(4),(5),(32),,,,,,,,,Sugarland,,,,,,,
Genuine Go-Get,0,590,,0,0,236,354,,-,-,-,-,-,-,59,59,118,88,147,118,590,,,,,,,,,Sugarland,,,,,,,
Go-Get - Organic due to Enrolling Revenue Optimization,0,-7,,0,0,-3,-4,,-,-,-,-,-,-,(1),(1),(1),(1),(2),(1),(7),,,,,,,,,Sugarland,,,,,,,
Go-Get - Organic due to Enrolling Adj.,0,0,,0,0,0,0,,-,-,-,-,-,-,-,-,-,-,-,-,-,,,,,,,,,Sugarland,,,,,,,
Go-Get - Organic due to Budget Optimization,0,0,,0,0,0,0,,-,-,-,-,-,-,-,-,-,-,-,-,-,,,,,,,,,Sugarland,,,,,,,
Go-Get - Organic due to Pipeline Adj,0,32,,0,0,13,19,,-,-,-,-,-,-,3,3,6,5,8,6,32,,,,,,,,,Sugarland,,,,,,,
Go-Get - Organic due to Awarded Adj,0,193,,0,0,77,116,,-,-,-,-,-,-,19,19,39,29,48,39,193,,,,,,,,,Sugarland,,,,,,,
Go-Get Organic,0,372,,0,0,149,223,,-,-,-,-,-,-,37,37,74,56,93,74,372,,,,,,,,,Sugarland,,,,,,,
Tomball 13406,"5,100","6,009",,"2,717","2,383","2,808","3,201",,844,860,"1,013",758,"1,076",548,851,984,973,"1,241",943,"1,018","11,109",,Houston,Mature,Miranda Trier,Dedicated,,,,Tomball 13406,Miranda Trier,408,"11,108,782",,,,
Backlog (Maintenance),"3,715","1,290",,"2,189","1,526",585,705,,777,700,713,500,768,258,229,200,156,347,179,179,"5,005",,,,,,,,,Tomball 13406,,,,,,,
Total Enrolling,"1,324","1,754",,528,796,843,911,,67,160,301,258,296,242,277,295,271,350,272,289,"3,078",,,,,,,,,Tomball 13406,,,,,,,
Enrolling,"1,271","1,416",,528,743,667,750,,67,160,301,258,296,189,217,234,216,301,218,230,"2,687",,,,,,,,,Tomball 13406,,,,,,,
Revenue Optimization - Enrolling Studies,53,338,,0,53,176,162,,-,-,-,-,-,53,59,61,55,49,54,59,391,,,,,,,,,Tomball 13406,,,,,,,
Risk Adjustments for Enrolling Trials,0,0,,0,0,0,0,,-,-,-,-,-,0,-,(0),-,(0),-,-,(0),,,,,,,,,Tomball 13406,,,,,,,
Total Awarded,33,"1,665",,0,33,937,728,,-,-,-,-,12,20,256,340,340,326,220,182,"1,698",,,,,,,,,Tomball 13406,,,,,,,
Awarded,33,"1,926",,0,33,984,941,,-,-,-,-,12,20,256,348,380,453,277,211,"1,958",,,,,,,,,Tomball 13406,,,,,,,
Awarded Adjustment,0,-261,,0,0,-48,-213,,-,-,-,-,-,(0),0,(8),(39),(127),(57),(29),(261),,,,,,,,,Tomball 13406,,,,,,,
Budget Optimization,0,0,,0,0,0,0,,-,-,-,-,-,-,-,-,-,-,-,-,-,,,,,,,,,Tomball 13406,,,,,,,
Total Pipeline,28,"1,011",,0,28,328,683,,-,-,-,-,-,28,60,121,147,174,199,310,"1,040",,,,,,,,,Tomball 13406,,,,,,,
Pipeline,18,381,,0,18,141,239,,-,-,-,-,-,18,44,45,52,69,79,91,399,,,,,,,,,Tomball 13406,,,,,,,
Pipeline Below PSV,14,658,,0,14,201,458,,-,-,-,-,-,14,21,80,100,110,125,223,673,,,,,,,,,Tomball 13406,,,,,,,
Pipeline Adjustment,-4,-27,,0,-4,-14,-14,,-,-,-,-,-,(4),(5),(5),(4),(5),(4),(5),(32),,,,,,,,,Tomball 13406,,,,,,,
Genuine Go-Get,0,288,,0,0,115,173,,-,-,-,-,-,-,29,29,58,43,72,58,288,,,,,,,,,Tomball 13406,,,,,,,
Go-Get - Organic due to Enrolling Revenue Optimization,0,-391,,0,0,-156,-234,,-,-,-,-,-,-,(39),(39),(78),(59),(98),(78),(391),,,,,,,,,Tomball 13406,,,,,,,
Go-Get - Organic due to Enrolling Adj.,0,0,,0,0,0,0,,-,-,-,-,-,-,0,0,0,0,0,0,0,,,,,,,,,Tomball 13406,,,,,,,
Go-Get - Organic due to Budget Optimization,0,0,,0,0,0,0,,-,-,-,-,-,-,-,-,-,-,-,-,-,,,,,,,,,Tomball 13406,,,,,,,
Go-Get - Organic due to Pipeline Adj,0,32,,0,0,13,19,,-,-,-,-,-,-,3,3,6,5,8,6,32,,,,,,,,,Tomball 13406,,,,,,,
Go-Get - Organic due to Awarded Adj,0,261,,0,0,104,156,,-,-,-,-,-,-,26,26,52,39,65,52,261,,,,,,,,,Tomball 13406,,,,,,,
Go-Get Organic,0,386,,0,0,155,232,,-,-,-,-,-,-,39,39,77,58,97,77,386,,,,,,,,,Tomball 13406,,,,,,,
Tomball 13414,"1,206","1,272",,566,640,617,655,,228,158,180,224,258,159,196,208,212,207,225,223,"2,478",,Houston,Mature,Miranda Trier,Dedicated,,,,Tomball 13414,Miranda Trier,0,"2,477,755",,,,
Backlog (Maintenance),580,187,,353,227,121,67,,154,98,101,114,60,53,57,38,27,25,22,19,767,,,,,,,,,Tomball 13414,,,,,,,
Total Enrolling,584,512,,213,371,256,256,,74,60,79,110,175,86,70,102,84,90,74,91,"1,095",,,,,,,,,Tomball 13414,,,,,,,
Enrolling,574,447,,213,361,224,223,,74,60,79,110,175,76,62,89,73,79,66,79,"1,021",,,,,,,,,Tomball 13414,,,,,,,
Revenue Optimization - Enrolling Studies,10,64,,0,10,32,32,,-,-,-,-,-,10,7,14,11,11,8,13,74,,,,,,,,,Tomball 13414,,,,,,,
Risk Adjustments for Enrolling Trials,0,0,,0,0,0,0,,-,-,-,-,-,-,-,-,0,-,-,-,0,,,,,,,,,Tomball 13414,,,,,,,
Total Awarded,23,31,,0,23,13,18,,-,-,-,-,22,0,4,2,6,4,9,5,54,,,,,,,,,Tomball 13414,,,,,,,
Awarded,23,31,,0,23,13,18,,-,-,-,-,22,0,4,2,6,4,9,5,54,,,,,,,,,Tomball 13414,,,,,,,
Awarded Adjustment,0,0,,0,0,0,0,,-,-,-,-,-,-,-,-,-,-,-,-,-,,,,,,,,,Tomball 13414,,,,,,,
Budget Optimization,0,0,,0,0,0,0,,-,-,-,-,-,-,-,-,-,-,-,-,-,,,,,,,,,Tomball 13414,,,,,,,
Total Pipeline,20,252,,0,20,112,140,,-,-,-,-,-,20,37,37,38,45,47,49,271,,,,,,,,,Tomball 13414,,,,,,,
Pipeline,18,258,,0,18,109,148,,-,-,-,-,-,18,36,36,38,45,50,53,276,,,,,,,,,Tomball 13414,,,,,,,
Pipeline Below PSV,1,26,,0,1,5,22,,-,-,-,-,-,1,1,1,2,6,7,8,27,,,,,,,,,Tomball 13414,,,,,,,
Pipeline Adjustment,0,-32,,0,0,-2,-30,,-,-,-,-,-,-,0,(0),(2),(7),(11),(12),(32),,,,,,,,,Tomball 13414,,,,,,,
Genuine Go-Get,0,290,,0,0,116,174,,-,-,-,-,-,-,29,29,58,44,73,58,290,,,,,,,,,Tomball 13414,,,,,,,
Go-Get - Organic due to Enrolling Revenue Optimization,0,-74,,0,0,-30,-44,,-,-,-,-,-,-,(7),(7),(15),(11),(19),(15),(74),,,,,,,,,Tomball 13414,,,,,,,
Go-Get - Organic due to Enrolling Adj.,0,0,,0,0,0,0,,-,-,-,-,-,-,(0),(0),(0),(0),(0),(0),(0),,,,,,,,,Tomball 13414,,,,,,,
Go-Get - Organic due to Budget Optimization,0,0,,0,0,0,0,,-,-,-,-,-,-,-,-,-,-,-,-,-,,,,,,,,,Tomball 13414,,,,,,,
Go-Get - Organic due to Pipeline Adj,0,32,,0,0,13,19,,-,-,-,-,-,-,3,3,6,5,8,6,32,,,,,,,,,Tomball 13414,,,,,,,
Go-Get - Organic due to Awarded Adj,0,0,,0,0,0,0,,-,-,-,-,-,-,-,-,-,-,-,-,-,,,,,,,,,Tomball 13414,,,,,,,
Go-Get Organic,0,332,,0,0,133,199,,-,-,-,-,-,-,33,33,66,50,83,66,332,,,,,,,,,Tomball 13414,,,,,,,
Shreveport,0,0,,0,0,0,0,,-,-,-,-,-,-,-,-,-,-,-,-,-,,Non-Houston,Early Stage,All,Embedded,,,,Shreveport,All,0,0,,,,
Backlog (Maintenance),0,0,,0,0,0,0,,-,-,-,-,-,-,-,-,-,-,-,-,-,,,,,,,,,Shreveport,,,,,,,
Total Enrolling,0,0,,0,0,0,0,,-,-,-,-,-,-,-,-,-,-,-,-,-,,,,,,,,,Shreveport,,,,,,,
Enrolling,0,0,,0,0,0,0,,-,-,-,-,-,-,-,-,-,-,-,-,-,,,,,,,,,Shreveport,,,,,,,
Revenue Optimization - Enrolling Studies,0,0,,0,0,0,0,,-,-,-,-,-,-,-,-,-,-,-,-,-,,,,,,,,,Shreveport,,,,,,,
Risk Adjustments for Enrolling Trials,0,0,,0,0,0,0,,-,-,-,-,-,-,-,-,-,-,-,-,-,,,,,,,,,Shreveport,,,,,,,
Total Awarded,0,0,,0,0,0,0,,-,-,-,-,-,-,-,-,-,-,-,-,-,,,,,,,,,Shreveport,,,,,,,
Awarded,0,0,,0,0,0,0,,-,-,-,-,-,-,-,-,-,-,-,-,-,,,,,,,,,Shreveport,,,,,,,
Awarded Adjustment,0,0,,0,0,0,0,,-,-,-,-,-,-,-,-,-,-,-,-,-,,,,,,,,,Shreveport,,,,,,,
Budget Optimization,0,0,,0,0,0,0,,-,-,-,-,-,-,-,-,-,-,-,-,-,,,,,,,,,Shreveport,,,,,,,
Total Pipeline,0,0,,0,0,0,0,,-,-,-,-,-,-,-,-,-,-,-,-,-,,,,,,,,,Shreveport,,,,,,,
Pipeline,0,0,,0,0,0,0,,-,-,-,-,-,-,-,-,-,-,-,-,-,,,,,,,,,Shreveport,,,,,,,
Pipeline Below PSV,0,0,,0,0,0,0,,-,-,-,-,-,-,-,-,-,-,-,-,-,,,,,,,,,Shreveport,,,,,,,
Pipeline Adjustment,0,0,,0,0,0,0,,-,-,-,-,-,-,-,-,-,-,-,-,-,,,,,,,,,Shreveport,,,,,,,
Genuine Go-Get,0,0,,0,0,0,0,,-,-,-,-,-,-,-,-,-,-,-,-,-,,,,,,,,,Shreveport,,,,,,,
Go-Get - Organic due to Enrolling Revenue Optimization,0,0,,0,0,0,0,,-,-,-,-,-,-,-,-,-,-,-,-,-,,,,,,,,,Shreveport,,,,,,,
Go-Get - Organic due to Enrolling Adj.,0,0,,0,0,0,0,,-,-,-,-,-,-,-,-,-,-,-,-,-,,,,,,,,,Shreveport,,,,,,,
Go-Get - Organic due to Budget Optimization,0,0,,0,0,0,0,,-,-,-,-,-,-,-,-,-,-,-,-,-,,,,,,,,,Shreveport,,,,,,,
Go-Get - Organic due to Pipeline Adj,0,0,,0,0,0,0,,-,-,-,-,-,-,-,-,-,-,-,-,-,,,,,,,,,Shreveport,,,,,,,
Go-Get - Organic due to Awarded Adj,0,0,,0,0,0,0,,-,-,-,-,-,-,-,-,-,-,-,-,-,,,,,,,,,Shreveport,,,,,,,
Go-Get Organic,0,0,,0,0,0,0,,-,-,-,-,-,-,-,-,-,-,-,-,-,,,,,,,,,Shreveport,,,,,,,
Miami,296,"1,002",,72,224,457,546,,0,14,58,57,81,86,134,163,160,182,168,196,"1,299",,Non-Houston,Early Stage,Caridad Carrrion,Embedded,,,,Miami,Caridad Carrrion,0,"1,298,631",,,,
Backlog (Maintenance),0,0,,0,0,0,0,,-,-,-,-,-,-,-,-,-,-,-,-,-,,,,,,,,,Miami,,,,,,,
Total Enrolling,294,477,,72,222,253,224,,0,14,58,57,81,84,101,83,69,72,64,88,771,,,,,,,,,Miami,,,,,,,
Enrolling,289,445,,72,217,238,207,,0,14,58,57,81,79,95,79,65,67,59,81,734,,,,,,,,,Miami,,,,,,,
Revenue Optimization - Enrolling Studies,5,31,,0,5,15,16,,-,-,-,-,-,5,6,5,4,5,5,6,37,,,,,,,,,Miami,,,,,,,
Risk Adjustments for Enrolling Trials,0,0,,0,0,0,0,,-,-,-,-,-,-,-,0,-,-,-,-,0,,,,,,,,,Miami,,,,,,,
Total Awarded,0,72,,0,0,44,28,,-,-,-,-,-,-,16,15,14,13,9,6,72,,,,,,,,,Miami,,,,,,,
Awarded,0,72,,0,0,44,28,,-,-,-,-,-,-,16,15,14,13,9,6,72,,,,,,,,,Miami,,,,,,,
Awarded Adjustment,0,0,,0,0,0,0,,-,-,-,-,-,-,-,-,0,-,0,-,0,,,,,,,,,Miami,,,,,,,
Budget Optimization,0,0,,0,0,0,0,,-,-,-,-,-,-,-,-,-,-,-,-,-,,,,,,,,,Miami,,,,,,,
Total Pipeline,2,439,,0,2,153,286,,-,-,-,-,-,2,16,64,74,95,92,99,441,,,,,,,,,Miami,,,,,,,
Pipeline,0,238,,0,0,71,166,,-,-,-,-,-,-,14,24,33,53,49,64,238,,,,,,,,,Miami,,,,,,,
Pipeline Below PSV,6,229,,0,6,96,133,,-,-,-,-,-,6,6,44,45,47,47,39,235,,,,,,,,,Miami,,,,,,,
Pipeline Adjustment,-4,-27,,0,-4,-14,-14,,-,-,-,-,-,(4),(5),(5),(4),(5),(4),(5),(32),,,,,,,,,Miami,,,,,,,
Genuine Go-Get,0,14,,0,0,6,9,,-,-,-,-,-,-,1,1,3,2,4,3,14,,,,,,,,,Miami,,,,,,,
Go-Get - Organic due to Enrolling Revenue Optimization,0,-37,,0,0,-15,-22,,-,-,-,-,-,-,(4),(4),(7),(6),(9),(7),(37),,,,,,,,,Miami,,,,,,,
Go-Get - Organic due to Enrolling Adj.,0,0,,0,0,0,0,,-,-,-,-,-,-,(0),(0),(0),(0),(0),(0),(0),,,,,,,,,Miami,,,,,,,
Go-Get - Organic due to Budget Optimization,0,0,,0,0,0,0,,-,-,-,-,-,-,-,-,-,-,-,-,-,,,,,,,,,Miami,,,,,,,
Go-Get - Organic due to Pipeline Adj,0,32,,0,0,13,19,,-,-,-,-,-,-,3,3,6,5,8,6,32,,,,,,,,,Miami,,,,,,,
Go-Get - Organic due to Awarded Adj,0,0,,0,0,0,0,,-,-,-,-,-,-,(0),(0),(0),(0),(0),(0),(0),,,,,,,,,Miami,,,,,,,
Go-Get Organic,0,19,,0,0,8,12,,-,-,-,-,-,-,2,2,4,3,5,4,19,,,,,,,,,Miami,,,,,,,
FSS,134,"1,743",,0,134,903,840,,-,-,-,21,27,87,265,312,326,314,299,227,"1,877",,Non-Houston,Early Stage,Caridad Carrrion,Embedded,,,,FSS,Caridad Carrrion,0,"1,876,800",,,,
Backlog (Maintenance),0,0,,0,0,0,0,,-,-,-,-,-,-,-,-,-,-,-,-,-,,,,,,,,,FSS,,,,,,,
Total Enrolling,50,270,,0,50,243,27,,-,-,-,-,-,50,88,99,56,27,-,-,320,,,,,,,,,FSS,,,,,,,
Enrolling,48,259,,0,48,233,26,,-,-,-,-,-,48,84,95,54,26,-,-,307,,,,,,,,,FSS,,,,,,,
Revenue Optimization - Enrolling Studies,2,11,,0,2,10,1,,-,-,-,-,-,2,4,4,2,1,-,-,13,,,,,,,,,FSS,,,,,,,
Risk Adjustments for Enrolling Trials,0,0,,0,0,0,0,,-,-,-,-,-,-,-,-,-,-,-,-,-,,,,,,,,,FSS,,,,,,,
Total Awarded,83,670,,0,83,357,313,,-,-,-,21,27,35,133,102,122,132,125,57,752,,,,,,,,,FSS,,,,,,,
Awarded,87,851,,0,87,452,398,,-,-,-,21,27,39,169,126,157,174,158,67,938,,,,,,,,,FSS,,,,,,,
Awarded Adjustment,-4,-181,,0,-4,-95,-86,,-,-,-,-,-,(4),(36),(24),(35),(42),(33),(10),(185),,,,,,,,,FSS,,,,,,,
Budget Optimization,0,0,,0,0,0,0,,-,-,-,-,-,-,-,-,-,-,-,-,-,,,,,,,,,FSS,,,,,,,
Total Pipeline,2,593,,0,2,218,374,,-,-,-,-,-,2,22,90,106,124,122,128,594,,,,,,,,,FSS,,,,,,,
Pipeline,0,294,,0,0,89,205,,-,-,-,-,-,-,20,28,41,57,67,81,294,,,,,,,,,FSS,,,,,,,
Pipeline Below PSV,6,326,,0,6,143,183,,-,-,-,-,-,6,7,67,69,72,60,52,332,,,,,,,,,FSS,,,,,,,
Pipeline Adjustment,-4,-27,,0,-4,-14,-14,,-,-,-,-,-,(4),(5),(5),(4),(5),(4),(5),(32),,,,,,,,,FSS,,,,,,,
Genuine Go-Get,0,210,,0,0,84,126,,-,-,-,-,-,-,21,21,42,32,53,42,210,,,,,,,,,FSS,,,,,,,
Go-Get - Organic due to Enrolling Revenue Optimization,0,-13,,0,0,-5,-8,,-,-,-,-,-,-,(1),(1),(3),(2),(3),(3),(13),,,,,,,,,FSS,,,,,,,
Go-Get - Organic due to Enrolling Adj.,0,0,,0,0,0,0,,-,-,-,-,-,-,-,-,-,-,-,-,-,,,,,,,,,FSS,,,,,,,
Go-Get - Organic due to Budget Optimization,0,0,,0,0,0,0,,-,-,-,-,-,-,-,-,-,-,-,-,-,,,,,,,,,FSS,,,,,,,
Go-Get - Organic due to Pipeline Adj,0,32,,0,0,13,19,,-,-,-,-,-,-,3,3,6,5,8,6,32,,,,,,,,,FSS,,,,,,,
Go-Get - Organic due to Awarded Adj,0,185,,0,0,74,111,,-,-,-,-,-,-,19,19,37,28,46,37,185,,,,,,,,,FSS,,,,,,,
Go-Get Organic,0,7,,0,0,3,4,,-,-,-,-,-,-,1,1,1,1,2,1,7,,,,,,,,,FSS,,,,,,,
Pupila,0,70,,0,0,36,34,,-,-,-,-,-,-,9,16,11,11,12,12,70,,Non-Houston,Early Stage,Sarah Boyer,Embedded,,,,Pupila,Sarah Boyer,0,"70,002",,,,
Backlog (Maintenance),0,0,,0,0,0,0,,-,-,-,-,-,-,-,-,-,-,-,-,-,,,,,,,,,Pupila,,,,,,,
Total Enrolling,0,0,,0,0,0,0,,-,-,-,-,-,-,-,-,-,-,-,-,-,,,,,,,,,Pupila,,,,,,,
Enrolling,0,0,,0,0,0,0,,-,-,-,-,-,-,-,-,-,-,-,-,-,,,,,,,,,Pupila,,,,,,,
Revenue Optimization - Enrolling Studies,0,0,,0,0,0,0,,-,-,-,-,-,-,-,-,-,-,-,-,-,,,,,,,,,Pupila,,,,,,,
Risk Adjustments for Enrolling Trials,0,0,,0,0,0,0,,-,-,-,-,-,-,-,-,-,-,-,-,-,,,,,,,,,Pupila,,,,,,,
Total Awarded,0,0,,0,0,0,0,,-,-,-,-,-,-,-,-,-,-,-,-,-,,,,,,,,,Pupila,,,,,,,
Awarded,0,0,,0,0,0,0,,-,-,-,-,-,-,-,-,-,-,-,-,-,,,,,,,,,Pupila,,,,,,,
Awarded Adjustment,0,0,,0,0,0,0,,-,-,-,-,-,-,-,-,-,-,-,-,-,,,,,,,,,Pupila,,,,,,,
Budget Optimization,0,0,,0,0,0,0,,-,-,-,-,-,-,-,-,-,-,-,-,-,,,,,,,,,Pupila,,,,,,,
Total Pipeline,0,56,,0,0,30,26,,-,-,-,-,-,-,7,14,8,9,8,9,56,,,,,,,,,Pupila,,,,,,,
Pipeline,0,0,,0,0,0,0,,-,-,-,-,-,-,-,-,-,-,-,-,-,,,,,,,,,Pupila,,,,,,,
Pipeline Below PSV,0,56,,0,0,30,26,,-,-,-,-,-,-,7,14,8,9,8,9,56,,,,,,,,,Pupila,,,,,,,
Pipeline Adjustment,0,0,,0,0,0,0,,-,-,-,-,-,-,0,(0),-,-,0,-,0,,,,,,,,,Pupila,,,,,,,
Genuine Go-Get,0,14,,0,0,6,8,,-,-,-,-,-,-,1,1,3,2,4,3,14,,,,,,,,,Pupila,,,,,,,
Go-Get - Organic due to Enrolling Revenue Optimization,0,0,,0,0,0,0,,-,-,-,-,-,-,-,-,-,-,-,-,-,,,,,,,,,Pupila,,,,,,,
Go-Get - Organic due to Enrolling Adj.,0,0,,0,0,0,0,,-,-,-,-,-,-,-,-,-,-,-,-,-,,,,,,,,,Pupila,,,,,,,
Go-Get - Organic due to Budget Optimization,0,0,,0,0,0,0,,-,-,-,-,-,-,-,-,-,-,-,-,-,,,,,,,,,Pupila,,,,,,,
Go-Get - Organic due to Pipeline Adj,0,0,,0,0,0,0,,-,-,-,-,-,-,(0),(0),(0),(0),(0),(0),(0),,,,,,,,,Pupila,,,,,,,
Go-Get - Organic due to Awarded Adj,0,0,,0,0,0,0,,-,-,-,-,-,-,-,-,-,-,-,-,-,,,,,,,,,Pupila,,,,,,,
Go-Get Organic,0,14,,0,0,6,8,,-,-,-,-,-,-,1,1,3,2,4,3,14,,,,,,,,,Pupila,,,,,,,
Indianapolis,517,"1,349",,186,331,645,703,,20,50,117,106,113,112,195,217,234,200,266,237,"1,866",,Non-Houston,Early Stage,Sarah Boyer,Dedicated,,,,Indianapolis,Sarah Boyer,0,"1,866,022",,,,
Backlog (Maintenance),154,130,,87,67,118,12,,20,37,30,22,20,25,56,38,24,12,-,-,284,,,,,,,,,Indianapolis,,,,,,,
Total Enrolling,341,268,,99,241,151,117,,-,13,87,83,94,64,57,41,53,41,42,34,608,,,,,,,,,Indianapolis,,,,,,,
Enrolling,326,195,,99,227,111,84,,-,13,87,83,94,50,43,29,39,29,31,25,522,,,,,,,,,Indianapolis,,,,,,,
Revenue Optimization - Enrolling Studies,14,72,,0,14,40,32,,-,-,-,-,-,14,14,12,14,12,11,9,87,,,,,,,,,Indianapolis,,,,,,,
Risk Adjustments for Enrolling Trials,0,0,,0,0,0,0,,-,-,-,-,-,0,(0),-,-,-,-,-,-,,,,,,,,,Indianapolis,,,,,,,
Total Awarded,18,430,,0,18,178,251,,-,-,-,-,-,18,45,73,60,64,100,87,448,,,,,,,,,Indianapolis,,,,,,,
Awarded,18,490,,0,18,199,291,,-,-,-,-,-,18,45,81,73,80,114,96,508,,,,,,,,,Indianapolis,,,,,,,
Awarded Adjustment,0,-61,,0,0,-21,-40,,-,-,-,-,-,-,0,(8),(12),(16),(14),(9),(61),,,,,,,,,Indianapolis,,,,,,,
Budget Optimization,0,0,,0,0,0,0,,-,-,-,-,-,-,-,-,-,-,-,-,-,,,,,,,,,Indianapolis,,,,,,,
Total Pipeline,5,228,,0,5,80,148,,-,-,-,-,-,5,7,35,38,39,51,57,233,,,,,,,,,Indianapolis,,,,,,,
Pipeline,0,158,,0,0,50,108,,-,-,-,-,-,-,3,20,28,30,36,42,158,,,,,,,,,Indianapolis,,,,,,,
Pipeline Below PSV,9,200,,0,9,79,121,,-,-,-,-,-,9,11,34,34,35,42,44,209,,,,,,,,,Indianapolis,,,,,,,
Pipeline Adjustment,-4,-130,,0,-4,-49,-81,,-,-,-,-,-,(4),(7),(18),(24),(26),(27),(29),(135),,,,,,,,,Indianapolis,,,,,,,
Genuine Go-Get,0,293,,0,0,117,176,,-,-,-,-,-,-,29,29,59,44,73,59,293,,,,,,,,,Indianapolis,,,,,,,
Go-Get - Organic due to Enrolling Revenue Optimization,0,-87,,0,0,-35,-52,,-,-,-,-,-,-,(9),(9),(17),(13),(22),(17),(87),,,,,,,,,Indianapolis,,,,,,,
Go-Get - Organic due to Enrolling Adj.,0,0,,0,0,0,0,,-,-,-,-,-,-,-,-,-,-,-,-,-,,,,,,,,,Indianapolis,,,,,,,
Go-Get - Organic due to Budget Optimization,0,0,,0,0,0,0,,-,-,-,-,-,-,-,-,-,-,-,-,-,,,,,,,,,Indianapolis,,,,,,,
Go-Get - Organic due to Pipeline Adj,0,135,,0,0,54,81,,-,-,-,-,-,-,13,13,27,20,34,27,135,,,,,,,,,Indianapolis,,,,,,,
Go-Get - Organic due to Awarded Adj,0,61,,0,0,24,36,,-,-,-,-,-,-,6,6,12,9,15,12,61,,,,,,,,,Indianapolis,,,,,,,
Go-Get Organic,0,185,,0,0,74,111,,-,-,-,-,-,-,18,18,37,28,46,37,185,,,,,,,,,Indianapolis,,,,,,,
Sugarland Neurology,0,182,,0,0,66,116,,-,-,-,-,-,-,6,23,37,42,44,31,182,,Houston,Early Stage,Gaby Becerra,Embedded,,,,Sugarland Neurology,Gaby Becerra,0,"181,774",,,,
Backlog (Maintenance),0,0,,0,0,0,0,,-,-,-,-,-,-,-,-,-,-,-,-,-,,,,,,,,,Sugarland Neurology,,,,,,,
Total Enrolling,0,0,,0,0,0,0,,-,-,-,-,-,-,-,-,-,-,-,-,-,,,,,,,,,Sugarland Neurology,,,,,,,
Enrolling,0,0,,0,0,0,0,,-,-,-,-,-,-,-,-,-,-,-,-,-,,,,,,,,,Sugarland Neurology,,,,,,,
Revenue Optimization - Enrolling Studies,0,0,,0,0,0,0,,-,-,-,-,-,-,-,-,-,-,-,-,-,,,,,,,,,Sugarland Neurology,,,,,,,
Risk Adjustments for Enrolling Trials,0,0,,0,0,0,0,,-,-,-,-,-,-,-,-,-,-,-,-,-,,,,,,,,,Sugarland Neurology,,,,,,,
Total Awarded,0,121,,0,0,41,80,,-,-,-,-,-,-,-,17,25,33,29,19,121,,,,,,,,,Sugarland Neurology,,,,,,,
Awarded,0,182,,0,0,62,120,,-,-,-,-,-,-,-,25,37,49,43,28,182,,,,,,,,,Sugarland Neurology,,,,,,,
Awarded Adjustment,0,-61,,0,0,-21,-40,,-,-,-,-,-,-,-,(8),(12),(16),(14),(9),(61),,,,,,,,,Sugarland Neurology,,,,,,,
Budget Optimization,0,0,,0,0,0,0,,-,-,-,-,-,-,-,-,-,-,-,-,-,,,,,,,,,Sugarland Neurology,,,,,,,
Total Pipeline,0,0,,0,0,0,0,,-,-,-,-,-,-,-,-,-,-,-,-,-,,,,,,,,,Sugarland Neurology,,,,,,,
Pipeline,0,0,,0,0,0,0,,-,-,-,-,-,-,-,-,-,-,-,-,-,,,,,,,,,Sugarland Neurology,,,,,,,
Pipeline Below PSV,0,2,,0,0,1,1,,-,-,-,-,-,-,0,0,0,0,0,0,2,,,,,,,,,Sugarland Neurology,,,,,,,
Pipeline Adjustment,0,-2,,0,0,-1,-1,,-,-,-,-,-,-,(0),(0),(0),(0),(0),(0),(2),,,,,,,,,Sugarland Neurology,,,,,,,
Genuine Go-Get,0,61,,0,0,24,36,,-,-,-,-,-,-,6,6,12,9,15,12,61,,,,,,,,,Sugarland Neurology,,,,,,,
Go-Get - Organic due to Enrolling Revenue Optimization,0,0,,0,0,0,0,,-,-,-,-,-,-,-,-,-,-,-,-,-,,,,,,,,,Sugarland Neurology,,,,,,,
Go-Get - Organic due to Enrolling Adj.,0,0,,0,0,0,0,,-,-,-,-,-,-,-,-,-,-,-,-,-,,,,,,,,,Sugarland Neurology,,,,,,,
Go-Get - Organic due to Budget Optimization,0,0,,0,0,0,0,,-,-,-,-,-,-,-,-,-,-,-,-,-,,,,,,,,,Sugarland Neurology,,,,,,,
Go-Get - Organic due to Pipeline Adj,0,2,,0,0,1,1,,-,-,-,-,-,-,0,0,0,0,0,0,2,,,,,,,,,Sugarland Neurology,,,,,,,
Go-Get - Organic due to Awarded Adj,0,61,,0,0,24,36,,-,-,-,-,-,-,6,6,12,9,15,12,61,,,,,,,,,Sugarland Neurology,,,,,,,
Go-Get Organic,0,-2,,0,0,-1,-1,,-,-,-,-,-,-,(0),(0),(0),(0),(0),(0),(2),,,,,,,,,Sugarland Neurology,,,,,,,
Trident (Phoenix),98,513,,0,98,176,337,,-,-,-,19,72,7,35,52,89,120,123,95,611,,Houston,Early Stage,Jamie Williams,Embedded,,,,Trident (Phoenix),Jamie Williams,0,"611,203",,,,
Backlog (Maintenance),0,0,,0,0,0,0,,-,-,-,-,-,-,-,-,-,-,-,-,-,,,,,,,,,Trident (Phoenix),,,,,,,
Total Enrolling,96,27,,0,96,20,7,,-,-,-,19,72,5,9,4,7,5,1,1,123,,,,,,,,,Trident (Phoenix),,,,,,,
Enrolling,96,25,,0,96,19,7,,-,-,-,19,72,5,9,3,7,5,1,1,121,,,,,,,,,Trident (Phoenix),,,,,,,
Revenue Optimization - Enrolling Studies,0,2,,0,0,1,0,,-,-,-,-,-,0,1,0,0,0,0,0,2,,,,,,,,,Trident (Phoenix),,,,,,,
Risk Adjustments for Enrolling Trials,0,0,,0,0,0,0,,-,-,-,-,-,-,(0),-,-,-,-,-,(0),,,,,,,,,Trident (Phoenix),,,,,,,
Total Awarded,0,52,,0,0,16,36,,-,-,-,-,-,-,4,4,8,16,9,10,52,,,,,,,,,Trident (Phoenix),,,,,,,
Awarded,0,52,,0,0,16,36,,-,-,-,-,-,-,4,4,8,16,9,10,52,,,,,,,,,Trident (Phoenix),,,,,,,
Awarded Adjustment,0,0,,0,0,0,0,,-,-,-,-,-,-,0,0,-,-,-,-,0,,,,,,,,,Trident (Phoenix),,,,,,,
Budget Optimization,0,0,,0,0,0,0,,-,-,-,-,-,-,-,-,-,-,-,-,-,,,,,,,,,Trident (Phoenix),,,,,,,
Total Pipeline,2,254,,0,2,67,186,,-,-,-,-,-,2,3,26,38,71,68,48,255,,,,,,,,,Trident (Phoenix),,,,,,,
Pipeline,0,252,,0,0,36,215,,-,-,-,-,-,-,-,8,29,115,84,16,252,,,,,,,,,Trident (Phoenix),,,,,,,
Pipeline Below PSV,6,191,,0,6,64,128,,-,-,-,-,-,6,8,23,33,40,43,45,197,,,,,,,,,Trident (Phoenix),,,,,,,
Pipeline Adjustment,-4,-189,,0,-4,-33,-157,,-,-,-,-,-,(4),(5),(5),(23),(84),(60),(13),(194),,,,,,,,,Trident (Phoenix),,,,,,,
Genuine Go-Get,0,181,,0,0,72,108,,-,-,-,-,-,-,18,18,36,27,45,36,181,,,,,,,,,Trident (Phoenix),,,,,,,
Go-Get - Organic due to Enrolling Revenue Optimization,0,-2,,0,0,-1,-1,,-,-,-,-,-,-,(0),(0),(0),(0),(1),(0),(2),,,,,,,,,Trident (Phoenix),,,,,,,
Go-Get - Organic due to Enrolling Adj.,0,0,,0,0,0,0,,-,-,-,-,-,-,0,0,0,0,0,0,0,,,,,,,,,Trident (Phoenix),,,,,,,
Go-Get - Organic due to Budget Optimization,0,0,,0,0,0,0,,-,-,-,-,-,-,-,-,-,-,-,-,-,,,,,,,,,Trident (Phoenix),,,,,,,
Go-Get - Organic due to Pipeline Adj,0,194,,0,0,78,116,,-,-,-,-,-,-,19,19,39,29,48,39,194,,,,,,,,,Trident (Phoenix),,,,,,,
Go-Get - Organic due to Awarded Adj,0,0,,0,0,0,0,,-,-,-,-,-,-,(0),(0),(0),(0),(0),(0),(0),,,,,,,,,Trident (Phoenix),,,,,,,
Go-Get Organic,0,-11,,0,0,-4,-7,,-,-,-,-,-,-,(1),(1),(2),(2),(3),(2),(11),,,,,,,,,Trident (Phoenix),,,,,,,
New Sites & M&A,0,"4,900",,0,0,"1,960","2,940",,-,-,-,-,-,-,490,490,980,735,"1,225",980,"4,900",,Houston,Early Stage,New,Embedded,,,,New Sites & M&A,New,0,"4,899,501",,,,
Backlog (Maintenance),0,0,,0,0,0,0,,-,-,-,-,-,-,-,-,-,-,-,-,-,,,,,,,,,New Sites & M&A,,,,,,,
Total Enrolling,0,0,,0,0,0,0,,-,-,-,-,-,-,-,-,-,-,-,-,-,,,,,,,,,New Sites & M&A,,,,,,,
Enrolling,0,0,,0,0,0,0,,-,-,-,-,-,-,-,-,-,-,-,-,-,,,,,,,,,New Sites & M&A,,,,,,,
Revenue Optimization - Enrolling Studies,0,0,,0,0,0,0,,-,-,-,-,-,-,-,-,-,-,-,-,-,,,,,,,,,New Sites & M&A,,,,,,,
Risk Adjustments for Enrolling Trials,0,0,,0,0,0,0,,-,-,-,-,-,-,-,-,-,-,-,-,-,,,,,,,,,New Sites & M&A,,,,,,,
Total Awarded,0,0,,0,0,0,0,,-,-,-,-,-,-,-,-,-,-,-,-,-,,,,,,,,,New Sites & M&A,,,,,,,
Awarded,0,0,,0,0,0,0,,-,-,-,-,-,-,-,-,-,-,-,-,-,,,,,,,,,New Sites & M&A,,,,,,,
Awarded Adjustment,0,0,,0,0,0,0,,-,-,-,-,-,-,-,-,-,-,-,-,-,,,,,,,,,New Sites & M&A,,,,,,,
Budget Optimization,0,0,,0,0,0,0,,-,-,-,-,-,-,-,-,-,-,-,-,-,,,,,,,,,New Sites & M&A,,,,,,,
Total Pipeline,0,0,,0,0,0,0,,-,-,-,-,-,-,-,-,-,-,-,-,-,,,,,,,,,New Sites & M&A,,,,,,,
Pipeline,0,0,,0,0,0,0,,-,-,-,-,-,-,-,-,-,-,-,-,-,,,,,,,,,New Sites & M&A,,,,,,,
Pipeline Below PSV,0,0,,0,0,0,0,,-,-,-,-,-,-,-,-,-,-,-,-,-,,,,,,,,,New Sites & M&A,,,,,,,
Pipeline Adjustment,0,0,,0,0,0,0,,-,-,-,-,-,-,-,-,-,-,-,-,-,,,,,,,,,New Sites & M&A,,,,,,,
Genuine Go-Get,0,"4,900",,0,0,"1,960","2,940",,-,-,-,-,-,-,490,490,980,735,"1,225",980,"4,900",,,,,,,,,New Sites & M&A,,,,,,,
Go-Get - Organic due to Enrolling Revenue Optimization,0,0,,0,0,0,0,,-,-,-,-,-,-,-,-,-,-,-,-,-,,,,,,,,,New Sites & M&A,,,,,,,
Go-Get - Organic due to Enrolling Adj.,0,0,,0,0,0,0,,-,-,-,-,-,-,-,-,-,-,-,-,-,,,,,,,,,New Sites & M&A,,,,,,,
Go-Get - Organic due to Budget Optimization,0,0,,0,0,0,0,,-,-,-,-,-,-,-,-,-,-,-,-,-,,,,,,,,,New Sites & M&A,,,,,,,
Go-Get - Organic due to Pipeline Adj,0,0,,0,0,0,0,,-,-,-,-,-,-,-,-,-,-,-,-,-,,,,,,,,,New Sites & M&A,,,,,,,
Go-Get - Organic due to Awarded Adj,0,0,,0,0,0,0,,-,-,-,-,-,-,-,-,-,-,-,-,-,,,,,,,,,New Sites & M&A,,,,,,,
Go-Get Organic,0,"4,900",,0,0,"1,960","2,940",,-,-,-,-,-,-,490,490,980,735,"1,225",980,"4,900",,,,,,,,,New Sites & M&A,,,,,,,
,,,,,,,,,,,,,,,,,,,,,,,,,,,,,,,,,,,,,
,,,,,,,,,,,,,,,,,,,,,,,,,,,,,,,,,,,,,
Backlog (Maintenance),,,,,,,,,"  5,189 ","  4,627 ","  3,921 ","  2,896 ","  3,710 ","  1,678 ","  1,042 ",  700 ,  702 ,"  1,448 ",  783 ,"  1,387 ","  28,085 ",0,,,,,,,,,,,,,,,
Total Enrolling,0,0,,0,0,0,0,,"  1,170 ","  2,390 ","  4,487 ","  3,792 ","  3,183 ","  2,034 ","  2,104 ","  1,788 ","  1,637 ","  1,775 ","  1,449 ","  1,400 ","  27,210 ",0,,,,,,,,,,,,,,,
Enrolling,,,,,,,,,"  1,170 ","  2,390 ","  4,487 ","  3,792 ","  3,183 ","  1,880 ","  1,927 ","  1,626 ","  1,484 ","  1,630 ","  1,318 ","  1,255 ","  26,142 ",0,,,,,,,,,,,,,,,
Revenue Optimization - Enrolling Studies,,,,,,,,,  - ,  - ,  - ,  - ,  - ,  154 ,  177 ,  162 ,  154 ,  145 ,  130 ,  146 ,"  1,068 ",0,,,,,,,,,,,,,,,
Risk Adjustments for Enrolling Trials,,,,,,,,,  - ,  - ,  - ,  - ,  - ,  0 ,  0 ,  0 ,  0 ,  0 ,  0 ,  (0),  0 ,0,,,,,,,,,,,,,,,
Total Awarded,0,0,,0,0,0,0,,  - ,  - ,  - ,  21 ,  101 ,  170 ,  620 ,  817 ,  996 ,"  2,622 ","  1,329 ",  844 ,"  7,519 ",0,,,,,,,,,,,,,,,
Awarded,,,,,,,,,  - ,  - ,  - ,  21 ,  101 ,  174 ,  656 ,  866 ,"  1,336 ","  7,113 ","  2,308 ","  1,044 ","  13,620 ",0,,,,,,,,,,,,,,,
Awarded Adjustment,,,,,,,,,  - ,  - ,  - ,  - ,  - ,  (4),  (36),  (50),  (340),"  (4,491)",  (979),  (200),"  (6,101)",0,,,,,,,,,,,,,,,
Budget Optimization,,,,,,,,,  - ,  - ,  - ,  - ,  - ,  - ,  - ,  - ,  - ,  - ,  - ,  - ,  - ,0,,,,,,,,,,,,,,,
Total Pipeline,,,,,,,,,  - ,  - ,  - ,  - ,  - ,  176 ,  337 ,"  1,188 ","  1,399 ","  1,756 ","  1,980 ","  2,179 ","  9,016 ","-2,698",,,,,,,,,,,,,,,
Pipeline,,,,,,,,,  - ,  - ,  - ,  - ,  - ,  37 ,  156 ,  368 ,  529 ,  835 ,  957 ,"  1,020 ","  3,902 ",0,,,,,,,,,,,,,,,
Pipeline Below PSV,,,,,,,,,  - ,  - ,  - ,  - ,  - ,  206 ,  253 ,  903 ,  978 ,"  1,200 ","  1,288 ","  1,337 ","  6,164 ","-2,698",,,,,,,,,,,,,,,
Pipeline Adjustment,,,,,,,,,  - ,  - ,  - ,  - ,  - ,  (67),  (71),  (83),  (108),  (279),  (265),  (177),"  (1,050)",0,,,,,,,,,,,,,,,
Genuine Go-Get,,,,,,,,,  - ,  - ,  - ,  - ,  - ,  - ,"  1,317 ","  1,317 ","  2,634 ","  1,976 ","  3,293 ","  2,634 ","  13,170 ","2,694",,,,,,,,,,,,,,,
Go-Get - Organic due to Enrolling Revenue Optimization,,,,,,,,,  - ,  - ,  - ,  - ,  - ,  - ,  (107),  (107),  (214),  (160),  (267),  (214),"  (1,068)",-4,,,,,,,,,,,,,,,
Go-Get - Organic due to Enrolling Adj.,,,,,,,,,  - ,  - ,  - ,  - ,  - ,  - ,  (0),  (0),  (0),  (0),  (0),  (0),  (0),0,,,,,,,,,,,,,,,
Go-Get - Organic due to Budget Optimization,,,,,,,,,  - ,  - ,  - ,  - ,  - ,  - ,  - ,  - ,  - ,  - ,  - ,  - ,  - ,0,,,,,,,,,,,,,,,
Go-Get - Organic due to Pipeline Adj,,,,,,,,,  - ,  - ,  - ,  - ,  - ,  - ,  105 ,  105 ,  210 ,  158 ,  263 ,  210 ,"  1,050 ",0,,,,,,,,,,,,,,,
Go-Get - Organic due to Awarded Adj,,,,,,,,,  - ,  - ,  - ,  - ,  - ,  - ,  610 ,  610 ,"  1,220 ",  915 ,"  1,525 ","  1,220 ","  6,101 ",0,,,,,,,,,,,,,,,
Go-Get Organic,,,,,,,,,  - ,  - ,  - ,  - ,  - ,  - ,  709 ,  709 ,"  1,417 ","  1,063 ","  1,772 ","  1,417 ","  7,087 ","2,698",,,,,,,,,,,,,,,
,,,,,,,,,,,,,,,,,,,,,,,,,,,,,,,,,,,,,
,,,,,,,,,,,,,,,,,,,,,,,,,,,,,,,,,,,,,
,,,,Sites Details Comparison,,,,,  - ,  - ,  - ,  - ,  (0),  0 ,  0 ,  (0),  0 ,  0 ,  (0),  - , TRUE ,,,,,,,,,,,,,,,,
,,,,,,,,,  - ,  - ,  - ,  (0),  (0),  (0),  - ,  0 ,  (0),  0 ,  - ,  - , TRUE ,,,,,,,,,,,,,,,,
,,,,,,,,,  - ,  - ,  - ,  - ,  - ,  (0),  0 ,  0 ,  - ,  0 ,  0 ,  (0), TRUE ,,,,,,,,,,,,,,,,
,,,,,,,,,  - ,  - ,  - ,  - ,  - ,  (0),  0 ,  0 ,  (0),  - ,  0 ,  (0), TRUE ,,,,,,,,,,,,,,,,
,,,,,,,,,  - ,  - ,  - ,  - ,  - ,  - ,  - ,  - ,  - ,  - ,  - ,  - , TRUE ,,,,,,,,,,,,,,,,
,,,,,,,,,  - ,  - ,  - ,  - ,  - ,  0 ,0.00,0.00,0.00,-827.70,-919.66,-950.32, TRUE ,,,,,,,,,,,,,,,,
,,,,,,,,,  - ,  - ,  - ,  - ,  - ,  - ,  - ,  - ,  - ,  - ,  - ,  - , TRUE ,,,,,,,,,,,,,,,,
,,,,,,,,,  - ,  - ,  - ,  - ,  - ,  - ,  0 ,  0 ,  0 ,  (0),  - ,  0 , TRUE ,,,,,,,,,,,,,,,,
,,,,,,,,,  - ,  - ,  - ,  - ,  - ,  - ,  0 ,  0 ,  1 ,  0 ,  1 ,  1 , TRUE ,,,,,,,,,,,,,,,,
,,,,,,,,,  - ,  - ,  - ,  - ,  - ,  - ,  - ,  - ,  - ,  - ,  - ,  - , TRUE ,,,,,,,,,,,,,,,,
,,,,Month on Month Comparison,,,,,  - ,  - ,  - ,  - ,  - ,  - ,  - ,  - ,  - ,  - ,  - ,  - , TRUE ,,,,,,,,,,,,,,,,
,,,,,,,,,,,,,,,,,,,,,,,,,,,,,,,,,,,,,
,,,,Sites Revenue Match,,,,,,,,,,,,,,,,, TRUE ,,,,,,,,,,,,,,,,
,,,,,,,,,,,,,,,,,,,,,,,,,,,,,,,,,,,,,
,,,,,,,,,,,,,,,,,,,,,,,,,,,,,,,,,,,,,
,,,,,,,,,,,,,,,,,,,,,,,,,,,,,,,,,,,,,
,,,,,,,,,,,,,,,,,,,,,,,,,,,,,,,,,,,,,
Site Wise View (TA Wise),"39,545","45,455",,"21,785","17,760","18,600","26,855",,"  6,359 ","  7,017 ","  8,408 ","  6,710 ","  6,993 ","  4,057 ","  5,421 ","  5,809 ","  7,369 ","  9,577 ","  8,833 ","  8,445 ","  85,000 ",,,,,,,,,,,,,,,,
Albuquerque,619,"1,667",,366,252,561,"1,106",,  169 ,  117 ,  80 ,  81 ,  93 ,  79 ,  125 ,  160 ,  277 ,  282 ,  407 ,  416 ,"  2,286 ",,,,,,,,,Albuquerque,,,,,,,
Vaccine,589,484,,353,235,85,399,,  165 ,  112 ,  76 ,  72 ,  90 ,  73 ,  23 ,  7 ,  56 ,  186 ,  90 ,  123 ,"  1,073 ",,,,,,,,,Albuquerque,,,,,,,
Vaccine-Influenza,0,0,,0,0,0,0,,  - ,  - ,  0 ,  - ,  - ,  - ,  - ,  - ,  - ,  - ,  - ,  - ,  0 ,,,,,,,,,Albuquerque,,,,,,,
Vaccine-Other,471,202,,250,221,33,169,,  115 ,  82 ,  53 ,  61 ,  87 ,  73 ,  16 ,  2 ,  15 ,  33 ,  31 ,  105 ,  673 ,,,,,,,,,Albuquerque,,,,,,,
Vaccine-COVID,117,15,,103,14,15,0,,  50 ,  30 ,  23 ,  11 ,  3 ,  - ,  7 ,  5 ,  3 ,  - ,  - ,  - ,  132 ,,,,,,,,,Albuquerque,,,,,,,
Vaccine-Respiratory,0,267,,0,0,37,230,,  - ,  - ,  - ,  - ,  - ,  - ,  - ,  - ,  37 ,  153 ,  59 ,  17 ,  267 ,,,,,,,,,Albuquerque,,,,,,,
Non-Vaccine,35,452,,13,22,136,315,,  4 ,  5 ,  4 ,  8 ,  3 ,  10 ,  11 ,  63 ,  62 ,  69 ,  126 ,  120 ,  486 ,,,,,,,,,Albuquerque,,,,,,,
Psychiatry,29,0,,13,16,0,0,,  4 ,  5 ,  4 ,  8 ,  3 ,  4 ,  - ,  - ,  - ,  - ,  - ,  - ,  29 ,,,,,,,,,Albuquerque,,,,,,,
Obesity,0,266,,0,0,83,183,,  - ,  - ,  - ,  - ,  - ,  - ,  1 ,  40 ,  42 ,  45 ,  77 ,  61 ,  266 ,,,,,,,,,Albuquerque,,,,,,,
Cardiovascular,0,35,,0,0,9,26,,  - ,  - ,  - ,  - ,  - ,  - ,  1 ,  2 ,  5 ,  7 ,  8 ,  12 ,  35 ,,,,,,,,,Albuquerque,,,,,,,
General Medicine,0,27,,0,0,12,15,,  - ,  - ,  - ,  - ,  - ,  - ,  1 ,  8 ,  3 ,  4 ,  6 ,  5 ,  27 ,,,,,,,,,Albuquerque,,,,,,,
Respiratory,0,18,,0,0,4,15,,  - ,  - ,  - ,  - ,  - ,  - ,  - ,  2 ,  2 ,  2 ,  8 ,  5 ,  18 ,,,,,,,,,Albuquerque,,,,,,,
Endocrine & Metabolism,6,106,,0,6,29,77,,  - ,  - ,  - ,  - ,  - ,  6 ,  8 ,  11 ,  10 ,  11 ,  28 ,  39 ,  112 ,,,,,,,,,Albuquerque,,,,,,,
,0,0,,0,0,0,0,,  - ,  - ,  - ,  - ,  - ,  - ,  - ,  - ,  - ,  - ,  - ,  - ,  - ,,,,,,,,,Albuquerque,,,,,,,
Awarded Adjustment,0,-193,,0,0,-27,-166,,  - ,  - ,  - ,  - ,  - ,  - ,  - ,  - ,  (27),  (111),  (43),  (13),  (193),,,,,,,,,Albuquerque,,,,,,,
Revenue Optimization - Enrolling Studies,0,0,,0,0,0,0,,  - ,  - ,  - ,  - ,  - ,  - ,  - ,  - ,  - ,  - ,  - ,  - ,  - ,,,,,,,,,Albuquerque,,,,,,,
Risk Adjustments for Enrolling Trials,0,0,,0,0,0,0,,  - ,  - ,  - ,  - ,  - ,  - ,  - ,  - ,  - ,  - ,  - ,  - ,  - ,,,,,,,,,Albuquerque,,,,,,,
Pipeline Adjustment,-4,-27,,0,-4,-14,-14,,  - ,  - ,  - ,  - ,  - ,  (4),  (5),  (5),  (4),  (5),  (4),  (5),  (32),,,,,,,,,Albuquerque,,,,,,,
Budget Optimization,0,0,,0,0,0,0,,  - ,  - ,  - ,  - ,  - ,  - ,  - ,  - ,  - ,  - ,  - ,  - ,  - ,,,,,,,,,Albuquerque,,,,,,,
Genuine Go-Get,0,951,,0,0,381,571,,  - ,  - ,  - ,  - ,  - ,  - ,  95 ,  95 ,  190 ,  143 ,  238 ,  190 ,  951 ,,,,,,,,,Albuquerque,,,,,,,
Go-Get - Organic due to Enrolling Revenue Optimization,0,0,,0,0,0,0,,  - ,  - ,  - ,  - ,  - ,  - ,  - ,  - ,  - ,  - ,  - ,  - ,  - ,,,,,,,,,Albuquerque,,,,,,,
Go-Get - Organic due to Enrolling Adj.,0,0,,0,0,0,0,,  - ,  - ,  - ,  - ,  - ,  - ,  - ,  - ,  - ,  - ,  - ,  - ,  - ,,,,,,,,,Albuquerque,,,,,,,
Go-Get - Organic due to Budget Optimization,0,0,,0,0,0,0,,  - ,  - ,  - ,  - ,  - ,  - ,  - ,  - ,  - ,  - ,  - ,  - ,  - ,,,,,,,,,Albuquerque,,,,,,,
Go-Get - Organic due to Pipeline Adj,0,32,,0,0,13,19,,  - ,  - ,  - ,  - ,  - ,  - ,  3 ,  3 ,  6 ,  5 ,  8 ,  6 ,  32 ,,,,,,,,,Albuquerque,,,,,,,
Go-Get - Organic due to Awarded Adj,0,193,,0,0,77,116,,  - ,  - ,  - ,  - ,  - ,  - ,  19 ,  19 ,  39 ,  29 ,  48 ,  39 ,  193 ,,,,,,,,,Albuquerque,,,,,,,
Go-Get Organic,0,727,,0,0,291,436,,  - ,  - ,  - ,  - ,  - ,  - ,  73 ,  73 ,  145 ,  109 ,  182 ,  145 ,  727 ,,,,,,,,,Albuquerque,,,,,,,
Brooklyn,  134 ,  721 ,,  67 ,  67 ,  219 ,  502 ,,  33 ,  12 ,  22 ,  25 ,  18 ,  24 ,  60 ,  76 ,  83 ,  131 ,  175 ,  196 ,  855 ,,,,,,,,,Brooklyn,,,,,,,
Vaccine,13,13,,2,11,2,12,,  1 ,  - ,  1 ,  5 ,  2 ,  4 ,  0 ,  1 ,  1 ,  4 ,  2 ,  5 ,  26 ,,,,,,,,,Brooklyn,,,,,,,
Vaccine-Influenza,0,0,,0,0,0,0,,  - ,  - ,  0 ,  - ,  - ,  - ,  - ,  - ,  - ,  - ,  - ,  - ,  0 ,,,,,,,,,Brooklyn,,,,,,,
Vaccine-Other,13,13,,2,11,2,12,,  1 ,  - ,  1 ,  5 ,  2 ,  4 ,  0 ,  1 ,  1 ,  4 ,  2 ,  5 ,  26 ,,,,,,,,,Brooklyn,,,,,,,
,0,0,,0,0,0,0,,  - ,  - ,  - ,  - ,  - ,  - ,  - ,  - ,  - ,  - ,  - ,  - ,  - ,,,,,,,,,Brooklyn,,,,,,,
,0,0,,0,0,0,0,,  - ,  - ,  - ,  - ,  - ,  - ,  - ,  - ,  - ,  - ,  - ,  - ,  - ,,,,,,,,,Brooklyn,,,,,,,
Non-Vaccine,124,620,,65,59,184,435,,  32 ,  12 ,  21 ,  20 ,  16 ,  23 ,  52 ,  68 ,  65 ,  114 ,  149 ,  172 ,  744 ,,,,,,,,,Brooklyn,,,,,,,
Cardiovascular,118,235,,65,53,100,135,,  32 ,  12 ,  21 ,  20 ,  16 ,  17 ,  36 ,  36 ,  27 ,  37 ,  47 ,  51 ,  353 ,,,,,,,,,Brooklyn,,,,,,,
Endocrine & Metabolism,6,185,,0,6,68,117,,  - ,  - ,  - ,  - ,  - ,  6 ,  15 ,  23 ,  30 ,  38 ,  41 ,  39 ,  191 ,,,,,,,,,Brooklyn,,,,,,,
Allergy/Immunology,0,154,,0,0,5,148,,  - ,  - ,  - ,  - ,  - ,  - ,  - ,  - ,  5 ,  33 ,  48 ,  68 ,  154 ,,,,,,,,,Brooklyn,,,,,,,
General Medicine,0,38,,0,0,12,27,,  - ,  - ,  - ,  - ,  - ,  - ,  1 ,  8 ,  3 ,  8 ,  10 ,  9 ,  38 ,,,,,,,,,Brooklyn,,,,,,,
Obesity,0,8,,0,0,0,8,,  - ,  - ,  - ,  - ,  - ,  - ,  - ,  - ,  - ,  - ,  3 ,  5 ,  8 ,,,,,,,,,Brooklyn,,,,,,,
Awarded Adjustment,0,0,,0,0,0,0,,  - ,  - ,  - ,  - ,  - ,  - ,  - ,  - ,  - ,  - ,  - ,  - ,  - ,,,,,,,,,Brooklyn,,,,,,,
Revenue Optimization - Enrolling Studies,1,14,,0,1,7,8,,  - ,  - ,  - ,  - ,  - ,  1 ,  3 ,  2 ,  2 ,  2 ,  3 ,  2 ,  16 ,,,,,,,,,Brooklyn,,,,,,,
Risk Adjustments for Enrolling Trials,0,0,,0,0,0,0,,  - ,  - ,  - ,  - ,  - ,  - ,  (0),  - ,  - ,  - ,  - ,  - ,  (0),,,,,,,,,Brooklyn,,,,,,,
Pipeline Adjustment,-4,-27,,0,-4,-14,-14,,  - ,  - ,  - ,  - ,  - ,  (4),  (5),  (5),  (4),  (5),  (4),  (5),  (32),,,,,,,,,Brooklyn,,,,,,,
Budget Optimization,0,0,,0,0,0,0,,  - ,  - ,  - ,  - ,  - ,  - ,  - ,  - ,  - ,  - ,  - ,  - ,  - ,,,,,,,,,Brooklyn,,,,,,,
Genuine Go-Get,0,101,,0,0,40,61,,  - ,  - ,  - ,  - ,  - ,  - ,  10 ,  10 ,  20 ,  15 ,  25 ,  20 ,  101 ,,,,,,,,,Brooklyn,,,,,,,
Go-Get - Organic due to Enrolling Revenue Optimization,0,-16,,0,0,-6,-9,,  - ,  - ,  - ,  - ,  - ,  - ,  (2),  (2),  (3),  (2),  (4),  (3),  (16),,,,,,,,,Brooklyn,,,,,,,
Go-Get - Organic due to Enrolling Adj.,0,0,,0,0,0,0,,  - ,  - ,  - ,  - ,  - ,  - ,  0 ,  0 ,  0 ,  0 ,  0 ,  0 ,  0 ,,,,,,,,,Brooklyn,,,,,,,
Go-Get - Organic due to Budget Optimization,0,0,,0,0,0,0,,  - ,  - ,  - ,  - ,  - ,  - ,  - ,  - ,  - ,  - ,  - ,  - ,  - ,,,,,,,,,Brooklyn,,,,,,,
Go-Get - Organic due to Pipeline Adj,0,32,,0,0,13,19,,  - ,  - ,  - ,  - ,  - ,  - ,  3 ,  3 ,  6 ,  5 ,  8 ,  6 ,  32 ,,,,,,,,,Brooklyn,,,,,,,
Go-Get - Organic due to Awarded Adj,0,0,,0,0,0,0,,  - ,  - ,  - ,  - ,  - ,  - ,  - ,  - ,  - ,  - ,  - ,  - ,  - ,,,,,,,,,Brooklyn,,,,,,,
Go-Get Organic,0,85,,0,0,34,51,,  - ,  - ,  - ,  - ,  - ,  - ,  8 ,  8 ,  17 ,  13 ,  21 ,  17 ,  85 ,,,,,,,,,Brooklyn,,,,,,,
Bellaire,"1,173","3,183",,717,456,"1,062","2,121",,  284 ,  248 ,  185 ,  240 ,  155 ,  62 ,  137 ,  283 ,  642 ,  909 ,  674 ,  538 ,"  4,356 ",,,,,,,,,Bellaire,,,,,,,
Vaccine,923,"1,507",,604,319,161,"1,346",,  257 ,  210 ,  137 ,  149 ,  117 ,  53 ,  22 ,  17 ,  121 ,  977 ,  215 ,  153 ,"  2,430 ",,,,,,,,,Bellaire,,,,,,,
Vaccine-COVID,204,24,,181,23,24,0,,  78 ,  58 ,  45 ,  17 ,  4 ,  2 ,  7 ,  10 ,  7 ,  - ,  - ,  - ,  228 ,,,,,,,,,Bellaire,,,,,,,
Vaccine-Respiratory,24,207,,17,8,0,207,,  1 ,  6 ,  9 ,  6 ,  1 ,  - ,  - ,  - ,  - ,  139 ,  56 ,  12 ,  231 ,,,,,,,,,Bellaire,,,,,,,
Vaccine-Influenza,-2,972,,0,-3,91,880,,  - ,  0 ,  - ,  (3),  - ,  - ,  - ,  - ,  91 ,  748 ,  102 ,  30 ,  969 ,,,,,,,,,Bellaire,,,,,,,
Vaccine-Other,697,305,,406,291,46,259,,  178 ,  146 ,  83 ,  128 ,  111 ,  52 ,  15 ,  7 ,  23 ,  91 ,  57 ,  111 ,"  1,002 ",,,,,,,,,Bellaire,,,,,,,
Non-Vaccine,255,"1,319",,113,142,497,822,,  27 ,  38 ,  48 ,  91 ,  38 ,  13 ,  15 ,  165 ,  317 ,  335 ,  294 ,  193 ,"  1,574 ",,,,,,,,,Bellaire,,,,,,,
Psychiatry,234,"1,243",,112,121,470,773,,  26 ,  38 ,  48 ,  86 ,  29 ,  7 ,  7 ,  156 ,  307 ,  320 ,  280 ,  174 ,"  1,477 ",,,,,,,,,Bellaire,,,,,,,
General Medicine,10,0,,1,9,0,0,,  1 ,  - ,  - ,  - ,  9 ,  - ,  - ,  - ,  - ,  - ,  - ,  - ,  10 ,,,,,,,,,Bellaire,,,,,,,
Cardiovascular,5,0,,0,5,0,0,,  (0),  - ,  - ,  5 ,  - ,  - ,  - ,  - ,  - ,  - ,  - ,  - ,  5 ,,,,,,,,,Bellaire,,,,,,,
Obesity,0,38,,0,0,8,30,,  - ,  - ,  - ,  - ,  - ,  - ,  1 ,  3 ,  4 ,  9 ,  8 ,  13 ,  38 ,,,,,,,,,Bellaire,,,,,,,
 Endocrine & Metabolism ,6,37,,0,6,19,19,,  - ,  - ,  - ,  - ,  - ,  6 ,  6 ,  6 ,  6 ,  6 ,  6 ,  6 ,  44 ,,,,,,,,,Bellaire,,,,,,,
 CNS ,0,0,,0,0,0,0,,  - ,  - ,  - ,  - ,  - ,  - ,  - ,  - ,  - ,  - ,  0 ,  0 ,  0 ,,,,,,,,,Bellaire,,,,,,,
,0,0,,0,0,0,0,,  - ,  - ,  - ,  - ,  - ,  - ,  - ,  - ,  - ,  - ,  - ,  - ,  - ,,,,,,,,,Bellaire,,,,,,,
,0,0,,0,0,0,0,,  - ,  - ,  - ,  - ,  - ,  - ,  - ,  - ,  - ,  - ,  - ,  - ,  - ,,,,,,,,,Bellaire,,,,,,,
Awarded Adjustment,0,-663,,0,0,-3,-659,,  - ,  - ,  - ,  - ,  - ,  - ,  - ,  (1),  (3),  (556),  (92),  (12),  (663),,,,,,,,,Bellaire,,,,,,,
Revenue Optimization - Enrolling Studies,0,6,,0,0,4,1,,  - ,  - ,  - ,  - ,  - ,  - ,  - ,  1 ,  3 ,  1 ,  1 ,  (1),  6 ,,,,,,,,,Bellaire,,,,,,,
Risk Adjustments for Enrolling Trials,0,0,,0,0,0,0,,  - ,  - ,  - ,  - ,  - ,  0 ,  - ,  - ,  - ,  - ,  - ,  - ,  0 ,,,,,,,,,Bellaire,,,,,,,
Pipeline Adjustment,-4,-27,,0,-4,-14,-14,,  - ,  - ,  - ,  - ,  - ,  (4),  (5),  (5),  (4),  (5),  (4),  (5),  (32),,,,,,,,,Bellaire,,,,,,,
Budget Optimization,0,0,,0,0,0,0,,  - ,  - ,  - ,  - ,  - ,  - ,  - ,  - ,  - ,  - ,  - ,  - ,  - ,,,,,,,,,Bellaire,,,,,,,
Genuine Go-Get,0,"1,041",,0,0,416,624,,  - ,  - ,  - ,  - ,  - ,  - ,  104 ,  104 ,  208 ,  156 ,  260 ,  208 ,"  1,041 ",,,,,,,,,Bellaire,,,,,,,
Go-Get - Organic due to Enrolling Revenue Optimization,0,-6,,0,0,-2,-4,,  - ,  - ,  - ,  - ,  - ,  - ,  (1),  (1),  (1),  (1),  (1),  (1),  (6),,,,,,,,,Bellaire,,,,,,,
Go-Get - Organic due to Enrolling Adj.,0,0,,0,0,0,0,,  - ,  - ,  - ,  - ,  - ,  - ,  (0),  (0),  (0),  (0),  (0),  (0),  (0),,,,,,,,,Bellaire,,,,,,,
Go-Get - Organic due to Budget Optimization,0,0,,0,0,0,0,,  - ,  - ,  - ,  - ,  - ,  - ,  - ,  - ,  - ,  - ,  - ,  - ,  - ,,,,,,,,,Bellaire,,,,,,,
Go-Get - Organic due to Pipeline Adj,0,32,,0,0,13,19,,  - ,  - ,  - ,  - ,  - ,  - ,  3 ,  3 ,  6 ,  5 ,  8 ,  6 ,  32 ,,,,,,,,,Bellaire,,,,,,,
Go-Get - Organic due to Awarded Adj,0,663,,0,0,265,398,,  - ,  - ,  - ,  - ,  - ,  - ,  66 ,  66 ,  133 ,  99 ,  166 ,  133 ,  663 ,,,,,,,,,Bellaire,,,,,,,
Go-Get Organic,0,352,,0,0,141,211,,  - ,  - ,  - ,  - ,  - ,  - ,  35 ,  35 ,  70 ,  53 ,  88 ,  70 ,  352 ,,,,,,,,,Bellaire,,,,,,,
Brookline,"1,631","2,229",,733,898,706,"1,523",,  284 ,  270 ,  180 ,  223 ,  484 ,  192 ,  194 ,  232 ,  280 ,  602 ,  475 ,  446 ,"  3,860 ",,,,,,,,,Brookline,,,,,,,
Vaccine,"1,602","2,152",,"720,895.00",881,392,"1,759",,  273 ,  270 ,  178 ,  223 ,  480 ,  178 ,  132 ,  132 ,  128 ,"  1,105 ",  401 ,  253 ,"  3,753 ",,,,,,,,,Brookline,,,,,,,
Vaccine-Other,"1,135",829,,428,708,360,470,,  189 ,  137 ,  102 ,  205 ,  331 ,  172 ,  127 ,  111 ,  121 ,  193 ,  125 ,  152 ,"  1,965 ",,,,,,,,,Brookline,,,,,,,
Vaccine-Influenza,233,"1,083",,103,130,0,"1,083",,  32 ,  59 ,  12 ,  4 ,  126 ,  - ,  - ,  - ,  - ,  773 ,  220 ,  90 ,"  1,316 ",,,,,,,,,Brookline,,,,,,,
Vaccine-COVID,233,33,,190,43,33,0,,  52 ,  74 ,  64 ,  14 ,  23 ,  6 ,  5 ,  21 ,  7 ,  - ,  - ,  - ,  266 ,,,,,,,,,Brookline,,,,,,,
Vaccine-Respiratory,0,207,,0,0,0,207,,  - ,  - ,  - ,  - ,  - ,  - ,  - ,  - ,  - ,  139 ,  56 ,  12 ,  207 ,,,,,,,,,Brookline,,,,,,,
Non-Vaccine,25,498,,13,13,109,389,,  11 ,  - ,  2 ,  - ,  4 ,  9 ,  9 ,  48 ,  52 ,  76 ,  147 ,  166 ,  523 ,,,,,,,,,Brookline,,,,,,,
Rheumatology,11,1,,11,0,0,1,,  11 ,  - ,  - ,  - ,  - ,  - ,  - ,  - ,  - ,  - ,  0 ,  1 ,  12 ,,,,,,,,,Brookline,,,,,,,
Cardiovascular,15,62,,2,13,30,32,,  - ,  - ,  2 ,  - ,  4 ,  9 ,  9 ,  9 ,  11 ,  10 ,  11 ,  11 ,  76 ,,,,,,,,,Brookline,,,,,,,
Obesity,0,187,,0,0,80,108,,  - ,  - ,  - ,  - ,  - ,  - ,  - ,  39 ,  41 ,  33 ,  40 ,  35 ,  187 ,,,,,,,,,Brookline,,,,,,,
 Allergy/Immunology ,0,247,,0,0,0,247,,  - ,  - ,  - ,  - ,  - ,  - ,  - ,  - ,  - ,  33 ,  95 ,  120 ,  247 ,,,,,,,,,Brookline,,,,,,,
Awarded Adjustment,0,-648,,0,0,0,-648,,  - ,  - ,  - ,  - ,  - ,  - ,  - ,  - ,  - ,  (553),  (87),  (8),  (648),,,,,,,,,Brookline,,,,,,,
Revenue Optimization - Enrolling Studies,4,22,,0,4,12,10,,  - ,  - ,  - ,  - ,  - ,  4 ,  4 ,  4 ,  4 ,  4 ,  3 ,  2 ,  26 ,,,,,,,,,Brookline,,,,,,,
Risk Adjustments for Enrolling Trials,0,0,,0,0,0,0,,  - ,  - ,  - ,  - ,  - ,  - ,  - ,  - ,  - ,  - ,  - ,  - ,  - ,,,,,,,,,Brookline,,,,,,,
Pipeline Adjustment,0,-274,,0,0,0,-274,,  - ,  - ,  - ,  - ,  - ,  - ,  - ,  - ,  0 ,  (102),  (109),  (63),  (274),,,,,,,,,Brookline,,,,,,,
Budget Optimization,0,0,,0,0,0,0,,  - ,  - ,  - ,  - ,  - ,  - ,  - ,  - ,  - ,  - ,  - ,  - ,  - ,,,,,,,,,Brookline,,,,,,,
Genuine Go-Get,0,480,,0,0,192,288,,  - ,  - ,  - ,  - ,  - ,  - ,  48 ,  48 ,  96 ,  72 ,  120 ,  96 ,  480 ,,,,,,,,,Brookline,,,,,,,
Go-Get - Organic due to Enrolling Revenue Optimization,0,-26,,0,0,-10,-16,,  - ,  - ,  - ,  - ,  - ,  - ,  (3),  (3),  (5),  (4),  (6),  (5),  (26),,,,,,,,,Brookline,,,,,,,
Go-Get - Organic due to Enrolling Adj.,0,0,,0,0,0,0,,  - ,  - ,  - ,  - ,  - ,  - ,  - ,  - ,  - ,  - ,  - ,  - ,  - ,,,,,,,,,Brookline,,,,,,,
Go-Get - Organic due to Budget Optimization,0,0,,0,0,0,0,,  - ,  - ,  - ,  - ,  - ,  - ,  - ,  - ,  - ,  - ,  - ,  - ,  - ,,,,,,,,,Brookline,,,,,,,
Go-Get - Organic due to Pipeline Adj,0,274,,0,0,110,165,,  - ,  - ,  - ,  - ,  - ,  - ,  27 ,  27 ,  55 ,  41 ,  69 ,  55 ,  274 ,,,,,,,,,Brookline,,,,,,,
Go-Get - Organic due to Awarded Adj,0,648,,0,0,259,389,,  - ,  - ,  - ,  - ,  - ,  - ,  65 ,  65 ,  130 ,  97 ,  162 ,  130 ,  648 ,,,,,,,,,Brookline,,,,,,,
Go-Get Organic,0,-416,,0,0,-167,-250,,  - ,  - ,  - ,  - ,  - ,  - ,  (42),  (42),  (83),  (62),  (104),  (83),  (416),,,,,,,,,Brookline,,,,,,,
CyFair,"4,763","2,500",,"2,742","2,021","1,196","1,304",,  698 ,  772 ,"  1,272 ",  914 ,  704 ,  404 ,  537 ,  340 ,  319 ,  628 ,  400 ,  275 ,"  7,263 ",,,,,,,,,CyFair,,,,,,,
Vaccine,"4,097","1,978",,"2,555","1,542",554,"1,424",,  654 ,  700 ,"  1,201 ",  750 ,  492 ,  300 ,  316 ,  144 ,  94 ,"  1,014 ",  288 ,  123 ,"  6,076 ",,,,,,,,,CyFair,,,,,,,
Vaccine-Respiratory,68,207,,59,9,1,207,,  24 ,  28 ,  8 ,  4 ,  3 ,  2 ,  1 ,  - ,  - ,  139 ,  56 ,  12 ,  275 ,,,,,,,,,CyFair,,,,,,,
Vaccine-COVID,"2,994",344,,"1,883","1,110",332,12,,  605 ,  619 ,  659 ,  582 ,  316 ,  213 ,  242 ,  74 ,  17 ,  12 ,  - ,  - ,"  3,338 ",,,,,,,,,CyFair,,,,,,,
Vaccine-Other,"1,036",735,,613,423,221,514,,  25 ,  54 ,  534 ,  164 ,  173 ,  85 ,  74 ,  70 ,  77 ,  236 ,  168 ,  110 ,"  1,771 ",,,,,,,,,CyFair,,,,,,,
Vaccine-Influenza,0,692,,0,0,0,692,,  - ,  - ,  - ,  - ,  - ,  - ,  - ,  - ,  - ,  627 ,  64 ,  1 ,  692 ,,,,,,,,,CyFair,,,,,,,
Non-Vaccine,647,621,,187,460,410,211,,  44 ,  72 ,  71 ,  164 ,  212 ,  85 ,  152 ,  139 ,  119 ,  83 ,  70 ,  58 ,"  1,267 ",,,,,,,,,CyFair,,,,,,,
Psychiatry,17,76,,0,17,39,37,,  - ,  - ,  - ,  - ,  - ,  17 ,  7 ,  21 ,  11 ,  10 ,  17 ,  9 ,  93 ,,,,,,,,,CyFair,,,,,,,
Obesity,230,264,,66,164,186,78,,  18 ,  29 ,  18 ,  92 ,  54 ,  18 ,  52 ,  63 ,  72 ,  43 ,  19 ,  16 ,  494 ,,,,,,,,,CyFair,,,,,,,
Rheumatology,389,187,,121,268,145,42,,  26 ,  43 ,  52 ,  71 ,  158 ,  39 ,  82 ,  44 ,  19 ,  17 ,  13 ,  12 ,  576 ,,,,,,,,,CyFair,,,,,,,
General Medicine,5,37,,0,5,20,17,,  - ,  - ,  - ,  - ,  - ,  5 ,  5 ,  5 ,  10 ,  5 ,  6 ,  6 ,  42 ,,,,,,,,,CyFair,,,,,,,
Endocrine & Metabolism,6,55,,0,6,19,35,,  - ,  - ,  - ,  - ,  - ,  6 ,  6 ,  7 ,  6 ,  7 ,  14 ,  15 ,  61 ,,,,,,,,,CyFair,,,,,,,
Cardiovascular,0,0,,0,0,0,0,,  - ,  - ,  - ,  - ,  - ,  - ,  - ,  - ,  - ,  - ,  0 ,  0 ,  0 ,,,,,,,,,CyFair,,,,,,,
Respiratory,0,1,,0,0,0,1,,  - ,  - ,  - ,  - ,  - ,  - ,  - ,  - ,  - ,  - ,  0 ,  1 ,  1 ,,,,,,,,,CyFair,,,,,,,
,0,0,,0,0,0,0,,  - ,  - ,  - ,  - ,  - ,  - ,  - ,  - ,  - ,  - ,  - ,  - ,  - ,,,,,,,,,CyFair,,,,,,,
Awarded Adjustment,0,-648,,0,0,0,-648,,  - ,  - ,  - ,  - ,  - ,  - ,  - ,  - ,  - ,  (553),  (87),  (8),  (648),,,,,,,,,CyFair,,,,,,,
Revenue Optimization - Enrolling Studies,23,65,,0,23,42,24,,  - ,  - ,  - ,  - ,  - ,  23 ,  22 ,  11 ,  9 ,  13 ,  6 ,  5 ,  89 ,,,,,,,,,CyFair,,,,,,,
Risk Adjustments for Enrolling Trials,0,0,,0,0,0,0,,  - ,  - ,  - ,  - ,  - ,  0 ,  - ,  0 ,  0 ,  0 ,  (0),  - ,  0 ,,,,,,,,,CyFair,,,,,,,
Pipeline Adjustment,-4,-27,,0,-4,-14,-14,,  - ,  - ,  - ,  - ,  - ,  (4),  (5),  (5),  (4),  (5),  (4),  (5),  (32),,,,,,,,,CyFair,,,,,,,
Budget Optimization,0,0,,0,0,0,0,,  - ,  - ,  - ,  - ,  - ,  - ,  - ,  - ,  - ,  - ,  - ,  - ,  - ,,,,,,,,,CyFair,,,,,,,
Genuine Go-Get,0,511,,0,0,204,306,,  - ,  - ,  - ,  - ,  - ,  - ,  51 ,  51 ,  102 ,  77 ,  128 ,  102 ,  511 ,,,,,,,,,CyFair,,,,,,,
Go-Get - Organic due to Enrolling Revenue Optimization,0,-89,,0,0,-36,-53,,  - ,  - ,  - ,  - ,  - ,  - ,  (9),  (9),  (18),  (13),  (22),  (18),  (89),,,,,,,,,CyFair,,,,,,,
Go-Get - Organic due to Enrolling Adj.,0,0,,0,0,0,0,,  - ,  - ,  - ,  - ,  - ,  - ,  (0),  (0),  (0),  (0),  (0),  (0),  (0),,,,,,,,,CyFair,,,,,,,
Go-Get - Organic due to Budget Optimization,0,0,,0,0,0,0,,  - ,  - ,  - ,  - ,  - ,  - ,  - ,  - ,  - ,  - ,  - ,  - ,  - ,,,,,,,,,CyFair,,,,,,,
Go-Get - Organic due to Pipeline Adj,0,32,,0,0,13,19,,  - ,  - ,  - ,  - ,  - ,  - ,  3 ,  3 ,  6 ,  5 ,  8 ,  6 ,  32 ,,,,,,,,,CyFair,,,,,,,
Go-Get - Organic due to Awarded Adj,0,648,,0,0,259,389,,  - ,  - ,  - ,  - ,  - ,  - ,  65 ,  65 ,  130 ,  97 ,  162 ,  130 ,  648 ,,,,,,,,,CyFair,,,,,,,
Go-Get Organic,0,-80,,0,0,-32,-48,,  - ,  - ,  - ,  - ,  - ,  - ,  (8),  (8),  (16),  (12),  (20),  (16),  (80),,,,,,,,,CyFair,,,,,,,
Dallas - Fort Worth,"2,252","1,426",,"1,242","1,010",567,859,,  254 ,  395 ,  592 ,  483 ,  335 ,  191 ,  184 ,  134 ,  249 ,  332 ,  269 ,  257 ,"  3,678 ",,,,,,,,,Dallas - Fort Worth,,,,,,,
Vaccine,"2,000","1,012",,"1,135",864,293,718,,  194 ,  372 ,  569 ,  427 ,  296 ,  142 ,  81 ,  31 ,  181 ,  459 ,  147 ,  112 ,"  3,011 ",,,,,,,,,Dallas - Fort Worth,,,,,,,
Vaccine-Other,540,267,,275,266,40,227,,  130 ,  90 ,  55 ,  85 ,  122 ,  59 ,  26 ,  1 ,  13 ,  74 ,  72 ,  81 ,  807 ,,,,,,,,,Dallas - Fort Worth,,,,,,,
Vaccine-COVID,"1,440",51,,861,579,51,0,,  64 ,  283 ,  514 ,  342 ,  173 ,  64 ,  36 ,  10 ,  5 ,  - ,  - ,  - ,"  1,491 ",,,,,,,,,Dallas - Fort Worth,,,,,,,
Vaccine-Respiratory,0,207,,0,0,0,207,,  - ,  - ,  - ,  - ,  - ,  - ,  - ,  - ,  - ,  139 ,  56 ,  12 ,  207 ,,,,,,,,,Dallas - Fort Worth,,,,,,,
Vaccine-Influenza,19,487,,0,19,202,284,,  - ,  - ,  - ,  - ,  - ,  19 ,  20 ,  20 ,  163 ,  246 ,  19 ,  20 ,  506 ,,,,,,,,,Dallas - Fort Worth,,,,,,,
Non-Vaccine,259,636,,107,152,303,334,,  60 ,  23 ,  24 ,  56 ,  40 ,  56 ,  86 ,  86 ,  131 ,  109 ,  111 ,  113 ,  895 ,,,,,,,,,Dallas - Fort Worth,,,,,,,
Cardiovascular,194,370,,66,127,200,170,,  20 ,  23 ,  24 ,  53 ,  34 ,  40 ,  59 ,  49 ,  92 ,  59 ,  58 ,  53 ,  564 ,,,,,,,,,Dallas - Fort Worth,,,,,,,
Endocrine & Metabolism,65,266,,41,25,102,164,,  41 ,  - ,  - ,  4 ,  5 ,  15 ,  27 ,  37 ,  39 ,  50 ,  54 ,  61 ,  331 ,,,,,,,,,Dallas - Fort Worth,,,,,,,
,0,0,,0,0,0,0,,  - ,  - ,  - ,  - ,  - ,  - ,  - ,  - ,  - ,  - ,  - ,  - ,  - ,,,,,,,,,Dallas - Fort Worth,,,,,,,
,0,0,,0,0,0,0,,  - ,  - ,  - ,  - ,  - ,  - ,  - ,  - ,  - ,  - ,  - ,  - ,  - ,,,,,,,,,Dallas - Fort Worth,,,,,,,
,0,0,,0,0,0,0,,  - ,  - ,  - ,  - ,  - ,  - ,  - ,  - ,  - ,  - ,  - ,  - ,  - ,,,,,,,,,Dallas - Fort Worth,,,,,,,
Awarded Adjustment,0,-416,,0,0,-104,-312,,  - ,  - ,  - ,  - ,  - ,  - ,  - ,  0 ,  (104),  (263),  (41),  (8),  (416),,,,,,,,,Dallas - Fort Worth,,,,,,,
Revenue Optimization - Enrolling Studies,-2,-8,,0,-2,-4,-5,,  - ,  - ,  - ,  - ,  - ,  (2),  (2),  (1),  (1),  (2),  (1),  (1),  (10),,,,,,,,,Dallas - Fort Worth,,,,,,,
Risk Adjustments for Enrolling Trials,0,0,,0,0,0,0,,  - ,  - ,  - ,  - ,  - ,  - ,  - ,  - ,  - ,  - ,  - ,  - ,  - ,,,,,,,,,Dallas - Fort Worth,,,,,,,
Pipeline Adjustment,-4,-27,,0,-4,-14,-14,,  - ,  - ,  - ,  - ,  - ,  (4),  (5),  (5),  (4),  (5),  (4),  (5),  (32),,,,,,,,,Dallas - Fort Worth,,,,,,,
Budget Optimization,0,0,,0,0,0,0,,  - ,  - ,  - ,  - ,  - ,  - ,  - ,  - ,  - ,  - ,  - ,  - ,  - ,,,,,,,,,Dallas - Fort Worth,,,,,,,
Genuine Go-Get,0,230,,0,0,92,138,,  - ,  - ,  - ,  - ,  - ,  - ,  23 ,  23 ,  46 ,  34 ,  57 ,  46 ,  230 ,,,,,,,,,Dallas - Fort Worth,,,,,,,
Go-Get - Organic due to Enrolling Revenue Optimization,0,10,,0,0,4,6,,  - ,  - ,  - ,  - ,  - ,  - ,  1 ,  1 ,  2 ,  1 ,  2 ,  2 ,  10 ,,,,,,,,,Dallas - Fort Worth,,,,,,,
Go-Get - Organic due to Enrolling Adj.,0,0,,0,0,0,0,,  - ,  - ,  - ,  - ,  - ,  - ,  - ,  - ,  - ,  - ,  - ,  - ,  - ,,,,,,,,,Dallas - Fort Worth,,,,,,,
Go-Get - Organic due to Budget Optimization,0,0,,0,0,0,0,,  - ,  - ,  - ,  - ,  - ,  - ,  - ,  - ,  - ,  - ,  - ,  - ,  - ,,,,,,,,,Dallas - Fort Worth,,,,,,,
Go-Get - Organic due to Pipeline Adj,0,32,,0,0,13,19,,  - ,  - ,  - ,  - ,  - ,  - ,  3 ,  3 ,  6 ,  5 ,  8 ,  6 ,  32 ,,,,,,,,,Dallas - Fort Worth,,,,,,,
Go-Get - Organic due to Awarded Adj,0,416,,0,0,166,250,,  - ,  - ,  - ,  - ,  - ,  - ,  42 ,  42 ,  83 ,  62 ,  104 ,  83 ,  416 ,,,,,,,,,Dallas - Fort Worth,,,,,,,
Go-Get Organic,0,-228,,0,0,-91,-137,,  - ,  - ,  - ,  - ,  - ,  - ,  (23),  (23),  (46),  (34),  (57),  (46),  (228),,,,,,,,,Dallas - Fort Worth,,,,,,,
Dominion,293,"1,387",,120,173,472,914,,  30 ,  58 ,  31 ,  29 ,  113 ,  32 ,  98 ,  160 ,  215 ,  371 ,  287 ,  256 ,"  1,679 ",,,,,,,,,Dominion,,,,,,,
Vaccine,182,692,,96,86,1,691,,  28 ,  55 ,  12 ,  6 ,  80 ,  - ,  - ,  0 ,  0 ,  570 ,  109 ,  12 ,  874 ,,,,,,,,,Dominion,,,,,,,
Vaccine-Influenza,182,483,,96,86,0,483,,  28 ,  55 ,  12 ,  6 ,  80 ,  - ,  - ,  - ,  - ,  430 ,  52 ,  - ,  665 ,,,,,,,,,Dominion,,,,,,,
Vaccine-Respiratory,0,207,,0,0,0,207,,  - ,  - ,  - ,  - ,  - ,  - ,  - ,  - ,  - ,  139 ,  56 ,  12 ,  207 ,,,,,,,,,Dominion,,,,,,,
Vaccine-Other,0,2,,0,0,1,1,,  - ,  - ,  - ,  - ,  - ,  - ,  - ,  0 ,  0 ,  0 ,  0 ,  0 ,  2 ,,,,,,,,,Dominion,,,,,,,
Vaccine-COVID,0,0,,0,0,0,0,,  - ,  - ,  - ,  - ,  - ,  - ,  - ,  - ,  - ,  - ,  - ,  - ,  - ,,,,,,,,,Dominion,,,,,,,
Non-Vaccine,112,753,,24,89,292,461,,  2 ,  3 ,  19 ,  23 ,  32 ,  33 ,  54 ,  113 ,  124 ,  147 ,  148 ,  166 ,  865 ,,,,,,,,,Dominion,,,,,,,
Cardiovascular,104,238,,24,80,137,101,,  2 ,  3 ,  19 ,  23 ,  32 ,  25 ,  37 ,  49 ,  51 ,  39 ,  29 ,  33 ,  342 ,,,,,,,,,Dominion,,,,,,,
Obesity,0,161,,0,0,45,115,,  - ,  - ,  - ,  - ,  - ,  - ,  8 ,  16 ,  21 ,  36 ,  38 ,  42 ,  161 ,,,,,,,,,Dominion,,,,,,,
Endocrine & Metabolism,8,290,,0,8,108,182,,  - ,  - ,  - ,  - ,  - ,  8 ,  8 ,  48 ,  51 ,  60 ,  60 ,  62 ,  299 ,,,,,,,,,Dominion,,,,,,,
Allergy/Immunology,0,50,,0,0,0,50,,  - ,  - ,  - ,  - ,  - ,  - ,  - ,  - ,  - ,  8 ,  17 ,  25 ,  50 ,,,,,,,,,Dominion,,,,,,,
Gastroenterology,0,3,,0,0,1,2,,  - ,  - ,  - ,  - ,  - ,  - ,  0 ,  1 ,  1 ,  1 ,  1 ,  1 ,  3 ,,,,,,,,,Dominion,,,,,,,
 General Medicine ,0,11,,0,0,0,11,,  - ,  - ,  - ,  - ,  - ,  - ,  - ,  - ,  - ,  3 ,  4 ,  4 ,  11 ,,,,,,,,,Dominion,,,,,,,
Awarded Adjustment,0,-498,,0,0,0,-498,,  - ,  - ,  - ,  - ,  - ,  - ,  (0),  0 ,  - ,  (411),  (78),  (8),  (498),,,,,,,,,Dominion,,,,,,,
Revenue Optimization - Enrolling Studies,3,21,,0,3,15,6,,  - ,  - ,  - ,  - ,  - ,  3 ,  4 ,  6 ,  5 ,  3 ,  2 ,  1 ,  24 ,,,,,,,,,Dominion,,,,,,,
Risk Adjustments for Enrolling Trials,0,0,,0,0,0,0,,  - ,  - ,  - ,  - ,  - ,  - ,  0 ,  - ,  - ,  - ,  - ,  - ,  0 ,,,,,,,,,Dominion,,,,,,,
Pipeline Adjustment,-4,-27,,0,-4,-14,-14,,  - ,  - ,  - ,  - ,  - ,  (4),  (5),  (5),  (4),  (5),  (4),  (5),  (32),,,,,,,,,Dominion,,,,,,,
Budget Optimization,0,0,,0,0,0,0,,  - ,  - ,  - ,  - ,  - ,  - ,  - ,  - ,  - ,  - ,  - ,  - ,  - ,,,,,,,,,Dominion,,,,,,,
Genuine Go-Get,0,446,,0,0,179,268,,  - ,  - ,  - ,  - ,  - ,  - ,  45 ,  45 ,  89 ,  67 ,  112 ,  89 ,  446 ,,,,,,,,,Dominion,,,,,,,
Go-Get - Organic due to Enrolling Revenue Optimization,0,-24,,0,0,-10,-14,,  - ,  - ,  - ,  - ,  - ,  - ,  (2),  (2),  (5),  (4),  (6),  (5),  (24),,,,,,,,,Dominion,,,,,,,
Go-Get - Organic due to Enrolling Adj.,0,0,,0,0,0,0,,  - ,  - ,  - ,  - ,  - ,  - ,  (0),  (0),  (0),  (0),  (0),  (0),  (0),,,,,,,,,Dominion,,,,,,,
Go-Get - Organic due to Budget Optimization,0,0,,0,0,0,0,,  - ,  - ,  - ,  - ,  - ,  - ,  - ,  - ,  - ,  - ,  - ,  - ,  - ,,,,,,,,,Dominion,,,,,,,
Go-Get - Organic due to Pipeline Adj,0,32,,0,0,13,19,,  - ,  - ,  - ,  - ,  - ,  - ,  3 ,  3 ,  6 ,  5 ,  8 ,  6 ,  32 ,,,,,,,,,Dominion,,,,,,,
Go-Get - Organic due to Awarded Adj,0,498,,0,0,199,299,,  - ,  - ,  - ,  - ,  - ,  - ,  50 ,  50 ,  100 ,  75 ,  124 ,  100 ,  498 ,,,,,,,,,Dominion,,,,,,,
Go-Get Organic,0,-59,,0,0,-24,-36,,  - ,  - ,  - ,  - ,  - ,  - ,  (6),  (6),  (12),  (9),  (15),  (12),  (59),,,,,,,,,Dominion,,,,,,,
Jersey City,"2,609","1,587",,"1,539","1,069",675,912,,  309 ,  459 ,  772 ,  384 ,  454 ,  231 ,  272 ,  198 ,  205 ,  398 ,  255 ,  258 ,"  4,196 ",,,,,,,,,Jersey City,,,,,,,
Vaccine,"2,608","1,467",,"1,539","1,069",376,"1,090",,  309 ,  459 ,  772 ,  384 ,  454 ,  231 ,  216 ,  104 ,  56 ,  828 ,  155 ,  108 ,"  4,075 ",,,,,,,,,Jersey City,,,,,,,
Vaccine-Influenza,239,809,,104,135,59,751,,  24 ,  65 ,  14 ,  4 ,  112 ,  19 ,  20 ,  20 ,  19 ,  647 ,  83 ,  21 ,"  1,049 ",,,,,,,,,Jersey City,,,,,,,
Vaccine-Other,354,160,,201,153,27,133,,  73 ,  89 ,  39 ,  59 ,  59 ,  35 ,  8 ,  4 ,  16 ,  42 ,  15 ,  75 ,  514 ,,,,,,,,,Jersey City,,,,,,,
Vaccine-COVID,"2,015",290,,"1,235",781,290,0,,  212 ,  304 ,  719 ,  322 ,  283 ,  176 ,  188 ,  81 ,  21 ,  - ,  - ,  - ,"  2,306 ",,,,,,,,,Jersey City,,,,,,,
Vaccine-Respiratory,0,207,,0,0,0,207,,  - ,  - ,  - ,  - ,  - ,  - ,  - ,  - ,  - ,  139 ,  56 ,  12 ,  207 ,,,,,,,,,Jersey City,,,,,,,
Non-Vaccine,0,209,,0,0,75,134,,  - ,  - ,  - ,  - ,  - ,  0 ,  1 ,  38 ,  36 ,  40 ,  47 ,  47 ,  209 ,,,,,,,,,Jersey City,,,,,,,
General Medicine,0,23,,0,0,10,13,,  - ,  - ,  - ,  - ,  - ,  - ,  0 ,  8 ,  2 ,  3 ,  6 ,  4 ,  23 ,,,,,,,,,Jersey City,,,,,,,
 Infectious Disease ,0,2,,0,0,1,1,,  - ,  - ,  - ,  - ,  - ,  0 ,  0 ,  0 ,  0 ,  0 ,  0 ,  0 ,  3 ,,,,,,,,,Jersey City,,,,,,,
Cardiovascular,0,15,,0,0,3,12,,  - ,  - ,  - ,  - ,  - ,  - ,  - ,  - ,  3 ,  4 ,  4 ,  4 ,  15 ,,,,,,,,,Jersey City,,,,,,,
Endocrine & Metabolism,0,169,,0,0,61,108,,  - ,  - ,  - ,  - ,  - ,  - ,  - ,  30 ,  31 ,  32 ,  37 ,  39 ,  169 ,,,,,,,,,Jersey City,,,,,,,
Awarded Adjustment,0,-648,,0,0,0,-648,,  - ,  - ,  - ,  - ,  - ,  - ,  - ,  - ,  - ,  (553),  (87),  (8),  (648),,,,,,,,,Jersey City,,,,,,,
Revenue Optimization - Enrolling Studies,0,0,,0,0,0,0,,  - ,  - ,  - ,  - ,  - ,  - ,  - ,  - ,  - ,  - ,  - ,  - ,  - ,,,,,,,,,Jersey City,,,,,,,
Risk Adjustments for Enrolling Trials,0,0,,0,0,0,0,,  - ,  - ,  - ,  - ,  - ,  - ,  - ,  - ,  - ,  - ,  - ,  - ,  - ,,,,,,,,,Jersey City,,,,,,,
Pipeline Adjustment,0,0,,0,0,0,0,,  - ,  - ,  - ,  - ,  - ,  - ,  (0),  - ,  (0),  - ,  - ,  - ,  (0),,,,,,,,,Jersey City,,,,,,,
Budget Optimization,0,0,,0,0,0,0,,  - ,  - ,  - ,  - ,  - ,  - ,  - ,  - ,  - ,  - ,  - ,  - ,  - ,,,,,,,,,Jersey City,,,,,,,
Genuine Go-Get,0,560,,0,0,224,336,,  - ,  - ,  - ,  - ,  - ,  - ,  56 ,  56 ,  112 ,  84 ,  140 ,  112 ,  560 ,,,,,,,,,Jersey City,,,,,,,
Go-Get - Organic due to Enrolling Revenue Optimization,0,0,,0,0,0,0,,  - ,  - ,  - ,  - ,  - ,  - ,  - ,  - ,  - ,  - ,  - ,  - ,  - ,,,,,,,,,Jersey City,,,,,,,
Go-Get - Organic due to Enrolling Adj.,0,0,,0,0,0,0,,  - ,  - ,  - ,  - ,  - ,  - ,  - ,  - ,  - ,  - ,  - ,  - ,  - ,,,,,,,,,Jersey City,,,,,,,
Go-Get - Organic due to Budget Optimization,0,0,,0,0,0,0,,  - ,  - ,  - ,  - ,  - ,  - ,  - ,  - ,  - ,  - ,  - ,  - ,  - ,,,,,,,,,Jersey City,,,,,,,
Go-Get - Organic due to Pipeline Adj,0,0,,0,0,0,0,,  - ,  - ,  - ,  - ,  - ,  - ,  0 ,  0 ,  0 ,  0 ,  0 ,  0 ,  0 ,,,,,,,,,Jersey City,,,,,,,
Go-Get - Organic due to Awarded Adj,0,648,,0,0,259,389,,  - ,  - ,  - ,  - ,  - ,  - ,  65 ,  65 ,  130 ,  97 ,  162 ,  130 ,  648 ,,,,,,,,,Jersey City,,,,,,,
Go-Get Organic,0,-88,,0,0,-35,-53,,  - ,  - ,  - ,  - ,  - ,  - ,  (9),  (9),  (18),  (13),  (22),  (18),  (88),,,,,,,,,Jersey City,,,,,,,
NOVA,48,802,,0,48,349,453,,  - ,  - ,  - ,  - ,  21 ,  27 ,  69 ,  135 ,  145 ,  155 ,  157 ,  141 ,  850 ,,,,,,,,,NOVA,,,,,,,
Vaccine,0,0,,0,0,0,0,,  - ,  - ,  - ,  - ,  - ,  - ,  - ,  - ,  - ,  - ,  - ,  - ,  - ,,,,,,,,,NOVA,,,,,,,
Vaccine-Other,0,0,,0,0,0,0,,  - ,  - ,  - ,  - ,  - ,  - ,  - ,  - ,  - ,  - ,  - ,  - ,  - ,,,,,,,,,NOVA,,,,,,,
Vaccine-COVID,0,0,,0,0,0,0,,  - ,  - ,  - ,  - ,  - ,  - ,  - ,  - ,  - ,  - ,  - ,  - ,  - ,,,,,,,,,NOVA,,,,,,,
Vaccine-Influenza,0,0,,0,0,0,0,,  - ,  - ,  - ,  - ,  - ,  - ,  - ,  - ,  - ,  - ,  - ,  - ,  - ,,,,,,,,,NOVA,,,,,,,
Vaccine-Respiratory,0,0,,0,0,0,0,,  - ,  - ,  - ,  - ,  - ,  - ,  - ,  - ,  - ,  - ,  - ,  - ,  - ,,,,,,,,,NOVA,,,,,,,
Non-Vaccine,52,795,,0,52,349,446,,  - ,  - ,  - ,  - ,  21 ,  32 ,  70 ,  136 ,  143 ,  155 ,  152 ,  139 ,  847 ,,,,,,,,,NOVA,,,,,,,
Obesity,46,592,,0,46,269,324,,  - ,  - ,  - ,  - ,  21 ,  25 ,  64 ,  101 ,  104 ,  114 ,  113 ,  98 ,  639 ,,,,,,,,,NOVA,,,,,,,
 Endocrine & Metabolism ,6,185,,0,6,76,109,,  - ,  - ,  - ,  - ,  - ,  6 ,  6 ,  35 ,  35 ,  37 ,  35 ,  37 ,  191 ,,,,,,,,,NOVA,,,,,,,
Cardiovascular,0,17,,0,0,4,14,,  - ,  - ,  - ,  - ,  - ,  - ,  - ,  - ,  4 ,  5 ,  4 ,  5 ,  17 ,,,,,,,,,NOVA,,,,,,,
Awarded Adjustment,0,0,,0,0,0,0,,  - ,  - ,  - ,  - ,  - ,  - ,  - ,  - ,  - ,  - ,  - ,  - ,  - ,,,,,,,,,NOVA,,,,,,,
Revenue Optimization - Enrolling Studies,0,0,,0,0,0,0,,  - ,  - ,  - ,  - ,  - ,  - ,  - ,  - ,  - ,  - ,  - ,  - ,  - ,,,,,,,,,NOVA,,,,,,,
Risk Adjustments for Enrolling Trials,0,0,,0,0,0,0,,  - ,  - ,  - ,  - ,  - ,  - ,  - ,  - ,  - ,  - ,  - ,  - ,  - ,,,,,,,,,NOVA,,,,,,,
Pipeline Adjustment,-4,-27,,0,-4,-14,-14,,  - ,  - ,  - ,  - ,  - ,  (4),  (5),  (5),  (4),  (5),  (4),  (5),  (32),,,,,,,,,NOVA,,,,,,,
Budget Optimization,0,0,,0,0,0,0,,  - ,  - ,  - ,  - ,  - ,  - ,  - ,  - ,  - ,  - ,  - ,  - ,  - ,,,,,,,,,NOVA,,,,,,,
Genuine Go-Get,0,35,,0,0,14,21,,  - ,  - ,  - ,  - ,  - ,  - ,  3 ,  3 ,  7 ,  5 ,  9 ,  7 ,  35 ,,,,,,,,,NOVA,,,,,,,
Go-Get - Organic due to Enrolling Revenue Optimization,0,0,,0,0,0,0,,  - ,  - ,  - ,  - ,  - ,  - ,  - ,  - ,  - ,  - ,  - ,  - ,  - ,,,,,,,,,NOVA,,,,,,,
Go-Get - Organic due to Enrolling Adj.,0,0,,0,0,0,0,,  - ,  - ,  - ,  - ,  - ,  - ,  - ,  - ,  - ,  - ,  - ,  - ,  - ,,,,,,,,,NOVA,,,,,,,
Go-Get - Organic due to Budget Optimization,0,0,,0,0,0,0,,  - ,  - ,  - ,  - ,  - ,  - ,  - ,  - ,  - ,  - ,  - ,  - ,  - ,,,,,,,,,NOVA,,,,,,,
Go-Get - Organic due to Pipeline Adj,0,32,,0,0,13,19,,  - ,  - ,  - ,  - ,  - ,  - ,  3 ,  3 ,  6 ,  5 ,  8 ,  6 ,  32 ,,,,,,,,,NOVA,,,,,,,
Go-Get - Organic due to Awarded Adj,0,0,,0,0,0,0,,  - ,  - ,  - ,  - ,  - ,  - ,  - ,  - ,  - ,  - ,  - ,  - ,  - ,,,,,,,,,NOVA,,,,,,,
Go-Get Organic,0,3,,0,0,1,2,,  - ,  - ,  - ,  - ,  - ,  - ,  0 ,  0 ,  1 ,  0 ,  1 ,  1 ,  3 ,,,,,,,,,NOVA,,,,,,,
Philadelphia,"5,680","2,929",,"3,362","2,319","1,136","1,794",,  992 ,  853 ,"  1,516 ","  1,063 ",  729 ,  526 ,  399 ,  348 ,  388 ,  804 ,  488 ,  502 ,"  8,609 ",,,,,,,,,Philadelphia,,,,,,,
Vaccine,"5,565","2,869",,"3,312","2,253",885,"1,984",,  963 ,  847 ,"  1,502 ","  1,048 ",  713 ,  492 ,  350 ,  249 ,  286 ,"  1,313 ",  375 ,  297 ,"  8,434 ",,,,,,,,,Philadelphia,,,,,,,
Vaccine-Other,"2,308","1,452",,"1,249","1,058",707,746,,  601 ,  370 ,  278 ,  284 ,  409 ,  366 ,  269 ,  218 ,  219 ,  295 ,  201 ,  250 ,"  3,760 ",,,,,,,,,Philadelphia,,,,,,,
Vaccine-Respiratory,25,268,,20,5,38,231,,  14 ,  2 ,  5 ,  0 ,  4 ,  0 ,  0 ,  0 ,  37 ,  153 ,  59 ,  18 ,  294 ,,,,,,,,,Philadelphia,,,,,,,
Vaccine-COVID,"2,436",104,,"1,566",870,79,25,,  179 ,  439 ,  948 ,  513 ,  261 ,  95 ,  58 ,  11 ,  10 ,  9 ,  8 ,  9 ,"  2,540 ",,,,,,,,,Philadelphia,,,,,,,
Vaccine-Influenza,796,"1,044",,476,320,62,982,,  169 ,  36 ,  271 ,  251 ,  38 ,  31 ,  23 ,  20 ,  19 ,  855 ,  106 ,  21 ,"  1,840 ",,,,,,,,,Philadelphia,,,,,,,
Non-Vaccine,120,580,,49,70,172,408,,  29 ,  6 ,  14 ,  15 ,  17 ,  38 ,  24 ,  73 ,  75 ,  109 ,  140 ,  159 ,  700 ,,,,,,,,,Philadelphia,,,,,,,
General Medicine,39,42,,19,20,18,24,,  9 ,  3 ,  6 ,  3 ,  7 ,  11 ,  5 ,  9 ,  4 ,  5 ,  11 ,  9 ,  81 ,,,,,,,,,Philadelphia,,,,,,,
Respiratory,81,224,,31,50,81,144,,  20 ,  3 ,  8 ,  13 ,  10 ,  27 ,  16 ,  29 ,  36 ,  50 ,  43 ,  50 ,  305 ,,,,,,,,,Philadelphia,,,,,,,
 Allergy/Immunology ,0,130,,0,0,0,130,,  - ,  - ,  - ,  - ,  - ,  - ,  - ,  - ,  - ,  16 ,  51 ,  63 ,  130 ,,,,,,,,,Philadelphia,,,,,,,
 Infectious Disease ,0,6,,0,0,3,3,,  - ,  - ,  - ,  - ,  - ,  0 ,  1 ,  1 ,  1 ,  1 ,  1 ,  1 ,  6 ,,,,,,,,,Philadelphia,,,,,,,
Endocrine & Metabolism,0,177,,0,0,70,107,,  - ,  - ,  - ,  - ,  - ,  - ,  2 ,  34 ,  35 ,  36 ,  35 ,  36 ,  177 ,,,,,,,,,Philadelphia,,,,,,,
Awarded Adjustment,0,-793,,0,0,-27,-766,,  - ,  - ,  - ,  - ,  - ,  - ,  - ,  - ,  (27),  (658),  (96),  (13),  (793),,,,,,,,,Philadelphia,,,,,,,
Revenue Optimization - Enrolling Studies,-4,-18,,0,-4,-11,-7,,  - ,  - ,  - ,  - ,  - ,  (4),  (3),  (4),  (4),  (4),  (3),  1 ,  (22),,,,,,,,,Philadelphia,,,,,,,
Risk Adjustments for Enrolling Trials,0,0,,0,0,0,0,,  - ,  - ,  - ,  - ,  - ,  - ,  0 ,  0 ,  - ,  - ,  - ,  (0),  0 ,,,,,,,,,Philadelphia,,,,,,,
Pipeline Adjustment,0,0,,0,0,0,0,,  - ,  - ,  - ,  - ,  - ,  - ,  - ,  (0),  - ,  - ,  - ,  - ,  (0),,,,,,,,,Philadelphia,,,,,,,
Budget Optimization,0,0,,0,0,0,0,,  - ,  - ,  - ,  - ,  - ,  - ,  - ,  - ,  - ,  - ,  - ,  - ,  - ,,,,,,,,,Philadelphia,,,,,,,
Genuine Go-Get,0,291,,0,0,116,175,,  - ,  - ,  - ,  - ,  - ,  - ,  29 ,  29 ,  58 ,  44 ,  73 ,  58 ,  291 ,,,,,,,,,Philadelphia,,,,,,,
Go-Get - Organic due to Enrolling Revenue Optimization,0,22,,0,0,9,13,,  - ,  - ,  - ,  - ,  - ,  - ,  2 ,  2 ,  4 ,  3 ,  5 ,  4 ,  22 ,,,,,,,,,Philadelphia,,,,,,,
Go-Get - Organic due to Enrolling Adj.,0,0,,0,0,0,0,,  - ,  - ,  - ,  - ,  - ,  - ,  (0),  (0),  (0),  (0),  (0),  (0),  (0),,,,,,,,,Philadelphia,,,,,,,
Go-Get - Organic due to Budget Optimization,0,0,,0,0,0,0,,  - ,  - ,  - ,  - ,  - ,  - ,  - ,  - ,  - ,  - ,  - ,  - ,  - ,,,,,,,,,Philadelphia,,,,,,,
Go-Get - Organic due to Pipeline Adj,0,0,,0,0,0,0,,  - ,  - ,  - ,  - ,  - ,  - ,  0 ,  0 ,  0 ,  0 ,  0 ,  0 ,  0 ,,,,,,,,,Philadelphia,,,,,,,
Go-Get - Organic due to Awarded Adj,0,793,,0,0,317,476,,  - ,  - ,  - ,  - ,  - ,  - ,  79 ,  79 ,  159 ,  119 ,  198 ,  159 ,  793 ,,,,,,,,,Philadelphia,,,,,,,
Go-Get Organic,0,-524,,0,0,-210,-315,,  - ,  - ,  - ,  - ,  - ,  - ,  (52),  (52),  (105),  (79),  (131),  (105),  (524),,,,,,,,,Philadelphia,,,,,,,
Phoenix,834,"1,334",,213,621,626,709,,  97 ,  65 ,  51 ,  197 ,  232 ,  192 ,  237 ,  198 ,  191 ,  241 ,  232 ,  236 ,"  2,168 ",,,,,,,,,Phoenix,,,,,,,
Vaccine,424,409,,152,272,64,344,,  64 ,  65 ,  23 ,  52 ,  178 ,  42 ,  24 ,  20 ,  20 ,  187 ,  102 ,  55 ,  832 ,,,,,,,,,Phoenix,,,,,,,
Vaccine-Other,99,85,,12,87,6,79,,  - ,  7 ,  5 ,  34 ,  30 ,  23 ,  5 ,  0 ,  0 ,  29 ,  26 ,  24 ,  183 ,,,,,,,,,Phoenix,,,,,,,
Vaccine-Influenza,325,118,,139,185,59,59,,  64 ,  58 ,  17 ,  18 ,  148 ,  19 ,  20 ,  20 ,  19 ,  20 ,  19 ,  20 ,  442 ,,,,,,,,,Phoenix,,,,,,,
Vaccine-Respiratory,0,207,,0,0,0,207,,  - ,  - ,  - ,  - ,  - ,  - ,  - ,  - ,  - ,  139 ,  56 ,  12 ,  207 ,,,,,,,,,Phoenix,,,,,,,
Non-Vaccine,378,696,,62,316,388,308,,  34 ,  - ,  28 ,  145 ,  54 ,  117 ,  154 ,  131 ,  103 ,  95 ,  94 ,  118 ,"  1,074 ",,,,,,,,,Phoenix,,,,,,,
Obesity,357,529,,62,295,282,246,,  34 ,  - ,  28 ,  145 ,  54 ,  96 ,  120 ,  81 ,  81 ,  82 ,  73 ,  92 ,  886 ,,,,,,,,,Phoenix,,,,,,,
Respiratory,21,76,,0,21,76,0,,  - ,  - ,  - ,  - ,  - ,  21 ,  29 ,  35 ,  11 ,  - ,  - ,  - ,  96 ,,,,,,,,,Phoenix,,,,,,,
Cardiovascular,0,57,,0,0,19,39,,  - ,  - ,  - ,  - ,  - ,  - ,  4 ,  7 ,  8 ,  10 ,  11 ,  18 ,  57 ,,,,,,,,,Phoenix,,,,,,,
General Medicine,0,27,,0,0,12,15,,  - ,  - ,  - ,  - ,  - ,  - ,  1 ,  8 ,  3 ,  4 ,  6 ,  5 ,  27 ,,,,,,,,,Phoenix,,,,,,,
Endocrine & Metabolism,0,8,,0,0,0,8,,  - ,  - ,  - ,  - ,  - ,  - ,  - ,  - ,  - ,  - ,  4 ,  4 ,  8 ,,,,,,,,,Phoenix,,,,,,,
,0,0,,0,0,0,0,,  - ,  - ,  - ,  - ,  - ,  - ,  - ,  - ,  - ,  - ,  - ,  - ,  - ,,,,,,,,,Phoenix,,,,,,,
Awarded Adjustment,0,-149,,0,0,0,-149,,  - ,  - ,  - ,  - ,  - ,  - ,  - ,  0 ,  0 ,  (100),  (41),  (8),  (149),,,,,,,,,Phoenix,,,,,,,
Revenue Optimization - Enrolling Studies,32,178,,0,32,93,85,,  - ,  - ,  - ,  - ,  - ,  32 ,  39 ,  27 ,  28 ,  29 ,  26 ,  30 ,  211 ,,,,,,,,,Phoenix,,,,,,,
Risk Adjustments for Enrolling Trials,0,0,,0,0,0,0,,  - ,  - ,  - ,  - ,  - ,  - ,  - ,  - ,  - ,  - ,  - ,  - ,  - ,,,,,,,,,Phoenix,,,,,,,
Pipeline Adjustment,0,0,,0,0,0,0,,  - ,  - ,  - ,  - ,  - ,  - ,  - ,  - ,  (0),  - ,  - ,  (0),  (0),,,,,,,,,Phoenix,,,,,,,
Budget Optimization,0,0,,0,0,0,0,,  - ,  - ,  - ,  - ,  - ,  - ,  - ,  - ,  - ,  - ,  - ,  - ,  - ,,,,,,,,,Phoenix,,,,,,,
Genuine Go-Get,0,200,,0,0,80,120,,  - ,  - ,  - ,  - ,  - ,  - ,  20 ,  20 ,  40 ,  30 ,  50 ,  40 ,  200 ,,,,,,,,,Phoenix,,,,,,,
Go-Get - Organic due to Enrolling Revenue Optimization,0,-211,,0,0,-84,-127,,  - ,  - ,  - ,  - ,  - ,  - ,  (21),  (21),  (42),  (32),  (53),  (42),  (211),,,,,,,,,Phoenix,,,,,,,
Go-Get - Organic due to Enrolling Adj.,0,0,,0,0,0,0,,  - ,  - ,  - ,  - ,  - ,  - ,  - ,  - ,  - ,  - ,  - ,  - ,  - ,,,,,,,,,Phoenix,,,,,,,
Go-Get - Organic due to Budget Optimization,0,0,,0,0,0,0,,  - ,  - ,  - ,  - ,  - ,  - ,  - ,  - ,  - ,  - ,  - ,  - ,  - ,,,,,,,,,Phoenix,,,,,,,
Go-Get - Organic due to Pipeline Adj,0,0,,0,0,0,0,,  - ,  - ,  - ,  - ,  - ,  - ,  0 ,  0 ,  0 ,  0 ,  0 ,  0 ,  0 ,,,,,,,,,Phoenix,,,,,,,
Go-Get - Organic due to Awarded Adj,0,149,,0,0,60,90,,  - ,  - ,  - ,  - ,  - ,  - ,  15 ,  15 ,  30 ,  22 ,  37 ,  30 ,  149 ,,,,,,,,,Phoenix,,,,,,,
Go-Get Organic,0,262,,0,0,105,157,,  - ,  - ,  - ,  - ,  - ,  - ,  26 ,  26 ,  52 ,  39 ,  65 ,  52 ,  262 ,,,,,,,,,Phoenix,,,,,,,
Rehman,396,704,,225,172,319,384,,  83 ,  98 ,  44 ,  80 ,  44 ,  48 ,  101 ,  95 ,  123 ,  116 ,  138 ,  131 ,"  1,100 ",,,,,,,,,Rehman,,,,,,,
Vaccine,0,0,,0,0,0,0,,  - ,  - ,  - ,  - ,  - ,  - ,  - ,  - ,  - ,  - ,  - ,  - ,  - ,,,,,,,,,Rehman,,,,,,,
Vaccine-Other,0,0,,0,0,0,0,,  - ,  - ,  - ,  - ,  - ,  - ,  - ,  - ,  - ,  - ,  - ,  - ,  - ,,,,,,,,,Rehman,,,,,,,
Vaccine-Respiratory,0,0,,0,0,0,0,,  - ,  - ,  - ,  - ,  - ,  - ,  - ,  - ,  - ,  - ,  - ,  - ,  - ,,,,,,,,,Rehman,,,,,,,
Vaccine-COVID,0,0,,0,0,0,0,,  - ,  - ,  - ,  - ,  - ,  - ,  - ,  - ,  - ,  - ,  - ,  - ,  - ,,,,,,,,,Rehman,,,,,,,
Vaccine-Influenza,0,0,,0,0,0,0,,  - ,  - ,  - ,  - ,  - ,  - ,  - ,  - ,  - ,  - ,  - ,  - ,  - ,,,,,,,,,Rehman,,,,,,,
Non-Vaccine,392,318,,225,168,155,162,,  83 ,  98 ,  44 ,  80 ,  44 ,  44 ,  59 ,  50 ,  47 ,  57 ,  47 ,  58 ,  710 ,,,,,,,,,Rehman,,,,,,,
Rheumatology,184,203,,86,99,101,102,,  31 ,  39 ,  16 ,  47 ,  27 ,  25 ,  32 ,  38 ,  31 ,  37 ,  28 ,  37 ,  387 ,,,,,,,,,Rehman,,,,,,,
General Medicine,208,114,,139,69,55,60,,  52 ,  59 ,  28 ,  33 ,  17 ,  19 ,  27 ,  12 ,  16 ,  20 ,  20 ,  20 ,  322 ,,,,,,,,,Rehman,,,,,,,
Awarded Adjustment,0,0,,0,0,0,0,,  - ,  - ,  - ,  - ,  - ,  - ,  - ,  - ,  - ,  - ,  - ,  - ,  - ,,,,,,,,,Rehman,,,,,,,
Revenue Optimization - Enrolling Studies,4,51,,0,4,30,21,,  - ,  - ,  - ,  - ,  - ,  4 ,  9 ,  12 ,  9 ,  9 ,  7 ,  6 ,  56 ,,,,,,,,,Rehman,,,,,,,
Risk Adjustments for Enrolling Trials,0,0,,0,0,0,0,,  - ,  - ,  - ,  - ,  - ,  - ,  - ,  - ,  - ,  - ,  - ,  - ,  - ,,,,,,,,,Rehman,,,,,,,
Pipeline Adjustment,0,0,,0,0,0,0,,  - ,  - ,  - ,  - ,  - ,  - ,  - ,  - ,  - ,  - ,  - ,  - ,  - ,,,,,,,,,Rehman,,,,,,,
Budget Optimization,0,0,,0,0,0,0,,  - ,  - ,  - ,  - ,  - ,  - ,  - ,  - ,  - ,  - ,  - ,  - ,  - ,,,,,,,,,Rehman,,,,,,,
Genuine Go-Get,0,335,,0,0,134,201,,  - ,  - ,  - ,  - ,  - ,  - ,  33 ,  33 ,  67 ,  50 ,  84 ,  67 ,  335 ,,,,,,,,,Rehman,,,,,,,
Go-Get - Organic due to Enrolling Revenue Optimization,0,-56,,0,0,-22,-33,,  - ,  - ,  - ,  - ,  - ,  - ,  (6),  (6),  (11),  (8),  (14),  (11),  (56),,,,,,,,,Rehman,,,,,,,
Go-Get - Organic due to Enrolling Adj.,0,0,,0,0,0,0,,  - ,  - ,  - ,  - ,  - ,  - ,  - ,  - ,  - ,  - ,  - ,  - ,  - ,,,,,,,,,Rehman,,,,,,,
Go-Get - Organic due to Budget Optimization,0,0,,0,0,0,0,,  - ,  - ,  - ,  - ,  - ,  - ,  - ,  - ,  - ,  - ,  - ,  - ,  - ,,,,,,,,,Rehman,,,,,,,
Go-Get - Organic due to Pipeline Adj,0,0,,0,0,0,0,,  - ,  - ,  - ,  - ,  - ,  - ,  - ,  - ,  - ,  - ,  - ,  - ,  - ,,,,,,,,,Rehman,,,,,,,
Go-Get - Organic due to Awarded Adj,0,0,,0,0,0,0,,  - ,  - ,  - ,  - ,  - ,  - ,  - ,  - ,  - ,  - ,  - ,  - ,  - ,,,,,,,,,Rehman,,,,,,,
Go-Get Organic,0,390,,0,0,156,234,,  - ,  - ,  - ,  - ,  - ,  - ,  39 ,  39 ,  78 ,  59 ,  98 ,  78 ,  390 ,,,,,,,,,Rehman,,,,,,,
River Forest,"3,705","2,280",,"2,075","1,630","1,002","1,278",,  561 ,  839 ,  676 ,  626 ,  669 ,  335 ,  296 ,  335 ,  371 ,  405 ,  362 ,  512 ,"  5,985 ",,,,,,,,,River Forest,,,,,,,
Vaccine,"3,530","1,266",,"2,007","1,522",546,720,,  542 ,  817 ,  649 ,  590 ,  631 ,  302 ,  202 ,  178 ,  165 ,  300 ,  142 ,  278 ,"  4,796 ",,,,,,,,,River Forest,,,,,,,
Vaccine-Respiratory,14,268,,5,8,38,230,,  - ,  4 ,  1 ,  2 ,  4 ,  3 ,  1 ,  - ,  37 ,  153 ,  59 ,  17 ,  282 ,,,,,,,,,River Forest,,,,,,,
Vaccine-Influenza,235,1,,109,126,0,1,,  43 ,  58 ,  8 ,  3 ,  124 ,  - ,  - ,  - ,  - ,  - ,  1 ,  1 ,  237 ,,,,,,,,,River Forest,,,,,,,
Vaccine-Other,958,715,,495,463,227,488,,  223 ,  182 ,  90 ,  161 ,  174 ,  128 ,  69 ,  64 ,  93 ,  146 ,  82 ,  259 ,"  1,673 ",,,,,,,,,River Forest,,,,,,,
Vaccine-COVID,"2,323",282,,"1,398",925,281,1,,  276 ,  572 ,  549 ,  425 ,  329 ,  171 ,  132 ,  114 ,  35 ,  0 ,  0 ,  0 ,"  2,605 ",,,,,,,,,River Forest,,,,,,,
Non-Vaccine,178,672,,68,110,271,401,,  18 ,  22 ,  27 ,  36 ,  38 ,  36 ,  42 ,  104 ,  125 ,  136 ,  127 ,  138 ,  850 ,,,,,,,,,River Forest,,,,,,,
General Medicine,45,5,,31,15,5,0,,  6 ,  19 ,  6 ,  4 ,  6 ,  5 ,  3 ,  2 ,  - ,  - ,  - ,  - ,  50 ,,,,,,,,,River Forest,,,,,,,
Cardiovascular,127,191,,37,90,83,109,,  12 ,  3 ,  22 ,  32 ,  32 ,  26 ,  27 ,  20 ,  37 ,  33 ,  32 ,  43 ,  318 ,,,,,,,,,River Forest,,,,,,,
Obesity,0,251,,0,0,104,147,,  - ,  - ,  - ,  - ,  - ,  - ,  - ,  51 ,  54 ,  56 ,  48 ,  42 ,  251 ,,,,,,,,,River Forest,,,,,,,
Endocrine & Metabolism,6,202,,0,6,79,123,,  - ,  - ,  - ,  - ,  - ,  6 ,  13 ,  32 ,  34 ,  42 ,  37 ,  44 ,  208 ,,,,,,,,,River Forest,,,,,,,
 Allergy/Immunology ,0,23,,0,0,0,23,,  - ,  - ,  - ,  - ,  - ,  - ,  - ,  - ,  - ,  4 ,  9 ,  10 ,  23 ,,,,,,,,,River Forest,,,,,,,
Awarded Adjustment,0,-193,,0,0,-27,-166,,  - ,  - ,  - ,  - ,  - ,  - ,  - ,  - ,  (27),  (111),  (43),  (13),  (193),,,,,,,,,River Forest,,,,,,,
Revenue Optimization - Enrolling Studies,1,11,,0,1,5,6,,  - ,  - ,  - ,  - ,  - ,  1 ,  2 ,  2 ,  2 ,  2 ,  2 ,  2 ,  12 ,,,,,,,,,River Forest,,,,,,,
Risk Adjustments for Enrolling Trials,0,0,,0,0,0,0,,  - ,  - ,  - ,  - ,  - ,  - ,  (0),  - ,  - ,  - ,  0 ,  - ,  0 ,,,,,,,,,River Forest,,,,,,,
Pipeline Adjustment,-4,-27,,0,-4,-14,-14,,  - ,  - ,  - ,  - ,  - ,  (4),  (5),  (5),  (4),  (5),  (4),  (5),  (32),,,,,,,,,River Forest,,,,,,,
Budget Optimization,0,0,,0,0,0,0,,  - ,  - ,  - ,  - ,  - ,  - ,  - ,  - ,  - ,  - ,  - ,  - ,  - ,,,,,,,,,River Forest,,,,,,,
Genuine Go-Get,0,552,,0,0,221,331,,  - ,  - ,  - ,  - ,  - ,  - ,  55 ,  55 ,  110 ,  83 ,  138 ,  110 ,  552 ,,,,,,,,,River Forest,,,,,,,
Go-Get - Organic due to Enrolling Revenue Optimization,0,-12,,0,0,-5,-7,,  - ,  - ,  - ,  - ,  - ,  - ,  (1),  (1),  (2),  (2),  (3),  (2),  (12),,,,,,,,,River Forest,,,,,,,
Go-Get - Organic due to Enrolling Adj.,0,0,,0,0,0,0,,  - ,  - ,  - ,  - ,  - ,  - ,  (0),  (0),  (0),  (0),  (0),  (0),  (0),,,,,,,,,River Forest,,,,,,,
Go-Get - Organic due to Budget Optimization,0,0,,0,0,0,0,,  - ,  - ,  - ,  - ,  - ,  - ,  - ,  - ,  - ,  - ,  - ,  - ,  - ,,,,,,,,,River Forest,,,,,,,
Go-Get - Organic due to Pipeline Adj,0,32,,0,0,13,19,,  - ,  - ,  - ,  - ,  - ,  - ,  3 ,  3 ,  6 ,  5 ,  8 ,  6 ,  32 ,,,,,,,,,River Forest,,,,,,,
Go-Get - Organic due to Awarded Adj,0,193,,0,0,77,116,,  - ,  - ,  - ,  - ,  - ,  - ,  19 ,  19 ,  39 ,  29 ,  48 ,  39 ,  193 ,,,,,,,,,River Forest,,,,,,,
Go-Get Organic,0,339,,0,0,136,204,,  - ,  - ,  - ,  - ,  - ,  - ,  34 ,  34 ,  68 ,  51 ,  85 ,  68 ,  339 ,,,,,,,,,River Forest,,,,,,,
San Antonio,509,701,,286,223,217,484,,  106 ,  111 ,  69 ,  78 ,  81 ,  64 ,  37 ,  83 ,  97 ,  156 ,  141 ,  186 ,"  1,211 ",,,,,,,,,San Antonio,,,,,,,
Vaccine,422,368,,235,187,29,339,,  83 ,  88 ,  64 ,  56 ,  75 ,  55 ,  10 ,  7 ,  13 ,  166 ,  85 ,  88 ,  790 ,,,,,,,,,San Antonio,,,,,,,
Vaccine-Other,326,149,,148,178,18,131,,  61 ,  62 ,  25 ,  50 ,  74 ,  54 ,  6 ,  2 ,  10 ,  27 ,  28 ,  76 ,  475 ,,,,,,,,,San Antonio,,,,,,,
Vaccine-COVID,96,11,,87,9,11,0,,  22 ,  27 ,  38 ,  6 ,  2 ,  2 ,  4 ,  5 ,  2 ,  - ,  - ,  - ,  106 ,,,,,,,,,San Antonio,,,,,,,
Vaccine-Respiratory,0,207,,0,0,0,207,,  - ,  - ,  - ,  - ,  - ,  - ,  - ,  - ,  - ,  139 ,  56 ,  12 ,  207 ,,,,,,,,,San Antonio,,,,,,,
Vaccine-Influenza,0,1,,0,0,0,1,,  - ,  - ,  - ,  - ,  - ,  - ,  - ,  - ,  - ,  - ,  0 ,  1 ,  1 ,,,,,,,,,San Antonio,,,,,,,
Non-Vaccine,87,466,,51,36,181,285,,  23 ,  23 ,  5 ,  21 ,  6 ,  9 ,  25 ,  74 ,  81 ,  88 ,  93 ,  104 ,  553 ,,,,,,,,,San Antonio,,,,,,,
Psychiatry,72,2,,45,27,1,1,,  23 ,  14 ,  8 ,  16 ,  10 ,  1 ,  1 ,  - ,  - ,  - ,  0 ,  0 ,  74 ,,,,,,,,,San Antonio,,,,,,,
Cardiovascular,20,125,,6,14,58,67,,  1 ,  9 ,  (3),  5 ,  1 ,  8 ,  22 ,  16 ,  20 ,  23 ,  20 ,  25 ,  145 ,,,,,,,,,San Antonio,,,,,,,
Endocrine & Metabolism,-5,135,,0,-5,48,88,,  - ,  - ,  - ,  - ,  (5),  - ,  2 ,  23 ,  23 ,  24 ,  31 ,  32 ,  130 ,,,,,,,,,San Antonio,,,,,,,
Obesity,0,203,,0,0,75,129,,  - ,  - ,  - ,  - ,  - ,  - ,  1 ,  36 ,  38 ,  41 ,  42 ,  46 ,  203 ,,,,,,,,,San Antonio,,,,,,,
Respiratory,0,1,,0,0,0,1,,  - ,  - ,  - ,  - ,  - ,  - ,  - ,  - ,  - ,  - ,  0 ,  1 ,  1 ,,,,,,,,,San Antonio,,,,,,,
Awarded Adjustment,0,-149,,0,0,0,-149,,  - ,  - ,  - ,  - ,  - ,  - ,  - ,  - ,  - ,  (100),  (41),  (8),  (149),,,,,,,,,San Antonio,,,,,,,
Revenue Optimization - Enrolling Studies,0,4,,0,0,2,2,,  - ,  - ,  - ,  - ,  - ,  0 ,  1 ,  1 ,  1 ,  1 ,  1 ,  1 ,  4 ,,,,,,,,,San Antonio,,,,,,,
Risk Adjustments for Enrolling Trials,0,0,,0,0,0,0,,  - ,  - ,  - ,  - ,  - ,  - ,  - ,  (0),  - ,  - ,  - ,  - ,  (0),,,,,,,,,San Antonio,,,,,,,
Pipeline Adjustment,0,0,,0,0,0,0,,  - ,  - ,  - ,  - ,  - ,  - ,  - ,  - ,  0 ,  - ,  0 ,  0 ,  0 ,,,,,,,,,San Antonio,,,,,,,
Budget Optimization,0,0,,0,0,0,0,,  - ,  - ,  - ,  - ,  - ,  - ,  - ,  - ,  - ,  - ,  - ,  - ,  - ,,,,,,,,,San Antonio,,,,,,,
Genuine Go-Get,0,13,,0,0,5,8,,  - ,  - ,  - ,  - ,  - ,  - ,  1 ,  1 ,  3 ,  2 ,  3 ,  3 ,  13 ,,,,,,,,,San Antonio,,,,,,,
Go-Get - Organic due to Enrolling Revenue Optimization,0,-4,,0,0,-2,-3,,  - ,  - ,  - ,  - ,  - ,  - ,  (0),  (0),  (1),  (1),  (1),  (1),  (4),,,,,,,,,San Antonio,,,,,,,
Go-Get - Organic due to Enrolling Adj.,0,0,,0,0,0,0,,  - ,  - ,  - ,  - ,  - ,  - ,  0 ,  0 ,  0 ,  0 ,  0 ,  0 ,  0 ,,,,,,,,,San Antonio,,,,,,,
Go-Get - Organic due to Budget Optimization,0,0,,0,0,0,0,,  - ,  - ,  - ,  - ,  - ,  - ,  - ,  - ,  - ,  - ,  - ,  - ,  - ,,,,,,,,,San Antonio,,,,,,,
Go-Get - Organic due to Pipeline Adj,0,0,,0,0,0,0,,  - ,  - ,  - ,  - ,  - ,  - ,  (0),  (0),  (0),  (0),  (0),  (0),  (0),,,,,,,,,San Antonio,,,,,,,
Go-Get - Organic due to Awarded Adj,0,149,,0,0,60,90,,  - ,  - ,  - ,  - ,  - ,  - ,  15 ,  15 ,  30 ,  22 ,  37 ,  30 ,  149 ,,,,,,,,,San Antonio,,,,,,,
Go-Get Organic,0,-132,,0,0,-53,-79,,  - ,  - ,  - ,  - ,  - ,  - ,  (13),  (13),  (26),  (20),  (33),  (26),  (132),,,,,,,,,San Antonio,,,,,,,
Seattle,552,827,,198,355,267,559,,  67 ,  86 ,  45 ,  85 ,  219 ,  50 ,  72 ,  84 ,  111 ,  188 ,  213 ,  158 ,"  1,379 ",,,,,,,,,Seattle,,,,,,,
Vaccine,500,370,,"168,052.00",331,12,357,,  41 ,  84 ,  43 ,  83 ,  210 ,  38 ,  12 ,  0 ,  0 ,  193 ,  113 ,  51 ,  869 ,,,,,,,,,Seattle,,,,,,,
Vaccine-Other,220,163,,42,178,12,151,,  - ,  25 ,  17 ,  73 ,  67 ,  38 ,  12 ,  0 ,  0 ,  54 ,  57 ,  39 ,  383 ,,,,,,,,,Seattle,,,,,,,
Vaccine-Influenza,280,0,,126,154,0,0,,  41 ,  59 ,  25 ,  10 ,  144 ,  - ,  - ,  - ,  - ,  - ,  - ,  - ,  280 ,,,,,,,,,Seattle,,,,,,,
Vaccine-Respiratory,0,207,,0,0,0,207,,  - ,  - ,  - ,  - ,  - ,  - ,  - ,  - ,  - ,  139 ,  56 ,  12 ,  207 ,,,,,,,,,Seattle,,,,,,,
,0,0,,0,0,0,0,,  - ,  - ,  - ,  - ,  - ,  - ,  - ,  - ,  - ,  - ,  - ,  - ,  - ,,,,,,,,,Seattle,,,,,,,
Non-Vaccine,53,270,,29,23,121,150,,  25 ,  2 ,  2 ,  2 ,  9 ,  12 ,  27 ,  50 ,  44 ,  45 ,  57 ,  48 ,  323 ,,,,,,,,,Seattle,,,,,,,
Cardiovascular,48,55,,29,19,36,19,,  25 ,  2 ,  2 ,  2 ,  9 ,  8 ,  17 ,  8 ,  11 ,  6 ,  8 ,  5 ,  104 ,,,,,,,,,Seattle,,,,,,,
Respiratory,5,39,,0,5,20,20,,  - ,  - ,  - ,  - ,  - ,  5 ,  8 ,  8 ,  4 ,  7 ,  9 ,  3 ,  44 ,,,,,,,,,Seattle,,,,,,,
General Medicine,0,26,,0,0,11,14,,  - ,  - ,  - ,  - ,  - ,  - ,  1 ,  8 ,  3 ,  4 ,  6 ,  4 ,  26 ,,,,,,,,,Seattle,,,,,,,
Endocrine & Metabolism,0,150,,0,0,54,97,,  - ,  - ,  - ,  - ,  - ,  - ,  2 ,  26 ,  26 ,  27 ,  34 ,  35 ,  150 ,,,,,,,,,Seattle,,,,,,,
Awarded Adjustment,0,-149,,0,0,0,-149,,  - ,  - ,  - ,  - ,  - ,  0 ,  - ,  - ,  - ,  (100),  (41),  (8),  (149),,,,,,,,,Seattle,,,,,,,
Revenue Optimization - Enrolling Studies,0,0,,0,0,0,0,,  - ,  - ,  - ,  - ,  - ,  - ,  - ,  - ,  - ,  - ,  - ,  - ,  - ,,,,,,,,,Seattle,,,,,,,
Risk Adjustments for Enrolling Trials,0,0,,0,0,0,0,,  - ,  - ,  - ,  - ,  - ,  0 ,  - ,  - ,  - ,  - ,  0 ,  - ,  0 ,,,,,,,,,Seattle,,,,,,,
Pipeline Adjustment,0,0,,0,0,0,0,,  - ,  - ,  - ,  - ,  - ,  - ,  - ,  0 ,  - ,  0 ,  (0),  - ,  0 ,,,,,,,,,Seattle,,,,,,,
Budget Optimization,0,0,,0,0,0,0,,  - ,  - ,  - ,  - ,  - ,  - ,  - ,  - ,  - ,  - ,  - ,  - ,  - ,,,,,,,,,Seattle,,,,,,,
Genuine Go-Get,0,336,,0,0,134,202,,  - ,  - ,  - ,  - ,  - ,  - ,  34 ,  34 ,  67 ,  50 ,  84 ,  67 ,  336 ,,,,,,,,,Seattle,,,,,,,
Go-Get - Organic due to Enrolling Revenue Optimization,0,0,,0,0,0,0,,  - ,  - ,  - ,  - ,  - ,  - ,  - ,  - ,  - ,  - ,  - ,  - ,  - ,,,,,,,,,Seattle,,,,,,,
Go-Get - Organic due to Enrolling Adj.,0,0,,0,0,0,0,,  - ,  - ,  - ,  - ,  - ,  - ,  (0),  (0),  (0),  (0),  (0),  (0),  (0),,,,,,,,,Seattle,,,,,,,
Go-Get - Organic due to Budget Optimization,0,0,,0,0,0,0,,  - ,  - ,  - ,  - ,  - ,  - ,  - ,  - ,  - ,  - ,  - ,  - ,  - ,,,,,,,,,Seattle,,,,,,,
Go-Get - Organic due to Pipeline Adj,0,0,,0,0,0,0,,  - ,  - ,  - ,  - ,  - ,  - ,  (0),  (0),  (0),  (0),  (0),  (0),  (0),,,,,,,,,Seattle,,,,,,,
Go-Get - Organic due to Awarded Adj,0,149,,0,0,60,90,,  - ,  - ,  - ,  - ,  - ,  - ,  15 ,  15 ,  30 ,  22 ,  37 ,  30 ,  149 ,,,,,,,,,Seattle,,,,,,,
Go-Get Organic,0,187,,0,0,75,112,,  - ,  - ,  - ,  - ,  - ,  - ,  19 ,  19 ,  37 ,  28 ,  47 ,  37 ,  187 ,,,,,,,,,Seattle,,,,,,,
Southfield,"2,835","2,080",,"1,752","1,083",680,"1,400",,  557 ,  741 ,  454 ,  369 ,  464 ,  250 ,  174 ,  216 ,  290 ,  381 ,  487 ,  532 ,"  4,915 ",,,,,,,,,Southfield,,,,,,,
Vaccine,"2,315","1,016",,"1,477",838,318,698,,  492 ,  618 ,  367 ,  303 ,  382 ,  154 ,  74 ,  92 ,  152 ,  293 ,  203 ,  202 ,"  3,330 ",,,,,,,,,Southfield,,,,,,,
Vaccine-Other,"1,582",698,,990,592,231,468,,  270 ,  440 ,  280 ,  221 ,  228 ,  143 ,  64 ,  67 ,  100 ,  140 ,  143 ,  184 ,"  2,281 ",,,,,,,,,Southfield,,,,,,,
Vaccine-Respiratory,20,267,,20,0,37,230,,  14 ,  5 ,  2 ,  - ,  - ,  - ,  - ,  - ,  37 ,  153 ,  59 ,  17 ,  288 ,,,,,,,,,Southfield,,,,,,,
Vaccine-Influenza,296,0,,145,150,0,0,,  76 ,  60 ,  9 ,  12 ,  138 ,  - ,  - ,  - ,  - ,  - ,  - ,  - ,  296 ,,,,,,,,,Southfield,,,,,,,
Vaccine-COVID,416,50,,321,95,50,0,,  133 ,  113 ,  75 ,  70 ,  15 ,  10 ,  10 ,  25 ,  15 ,  - ,  - ,  - ,  466 ,,,,,,,,,Southfield,,,,,,,
Non-Vaccine,521,994,,276,245,285,710,,  65 ,  123 ,  88 ,  66 ,  82 ,  97 ,  73 ,  100 ,  112 ,  158 ,  263 ,  289 ,"  1,515 ",,,,,,,,,Southfield,,,,,,,
General Medicine,131,41,,66,65,24,17,,  13 ,  25 ,  27 ,  13 ,  28 ,  25 ,  14 ,  7 ,  4 ,  6 ,  7 ,  4 ,  172 ,,,,,,,,,Southfield,,,,,,,
Obesity,288,270,,156,132,99,171,,  43 ,  68 ,  45 ,  36 ,  44 ,  53 ,  26 ,  36 ,  37 ,  38 ,  74 ,  59 ,  558 ,,,,,,,,,Southfield,,,,,,,
Cardiovascular,94,125,,54,40,50,75,,  8 ,  30 ,  16 ,  18 ,  11 ,  11 ,  17 ,  11 ,  23 ,  24 ,  22 ,  29 ,  219 ,,,,,,,,,Southfield,,,,,,,
Endocrine & Metabolism,8,310,,0,8,111,200,,  - ,  - ,  - ,  - ,  - ,  8 ,  16 ,  46 ,  49 ,  57 ,  66 ,  77 ,  319 ,,,,,,,,,Southfield,,,,,,,
 Allergy/Immunology ,0,247,,0,0,0,247,,  - ,  - ,  - ,  - ,  - ,  - ,  - ,  - ,  - ,  33 ,  95 ,  120 ,  247 ,,,,,,,,,Southfield,,,,,,,
,0,0,,0,0,0,0,,  - ,  - ,  - ,  - ,  - ,  - ,  - ,  - ,  - ,  - ,  - ,  - ,  - ,,,,,,,,,Southfield,,,,,,,
Awarded Adjustment,0,-193,,0,0,-27,-166,,  - ,  - ,  - ,  - ,  - ,  (0),  0 ,  - ,  (27),  (111),  (43),  (13),  (193),,,,,,,,,Southfield,,,,,,,
Revenue Optimization - Enrolling Studies,4,42,,0,4,19,23,,  - ,  - ,  - ,  - ,  - ,  4 ,  7 ,  5 ,  7 ,  7 ,  7 ,  9 ,  47 ,,,,,,,,,Southfield,,,,,,,
Risk Adjustments for Enrolling Trials,0,0,,0,0,0,0,,  - ,  - ,  - ,  - ,  - ,  (0),  - ,  - ,  - ,  - ,  (0),  - ,  (0),,,,,,,,,Southfield,,,,,,,
Pipeline Adjustment,-4,-27,,0,-4,-14,-14,,  - ,  - ,  - ,  - ,  - ,  (4),  (5),  (5),  (4),  (5),  (4),  (5),  (32),,,,,,,,,Southfield,,,,,,,
Budget Optimization,0,0,,0,0,0,0,,  - ,  - ,  - ,  - ,  - ,  - ,  - ,  - ,  - ,  - ,  - ,  - ,  - ,,,,,,,,,Southfield,,,,,,,
Genuine Go-Get,0,248,,0,0,99,149,,  - ,  - ,  - ,  - ,  - ,  - ,  25 ,  25 ,  50 ,  37 ,  62 ,  50 ,  248 ,,,,,,,,,Southfield,,,,,,,
Go-Get - Organic due to Enrolling Revenue Optimization,0,-47,,0,0,-19,-28,,  - ,  - ,  - ,  - ,  - ,  - ,  (5),  (5),  (9),  (7),  (12),  (9),  (47),,,,,,,,,Southfield,,,,,,,
Go-Get - Organic due to Enrolling Adj.,0,0,,0,0,0,0,,  - ,  - ,  - ,  - ,  - ,  - ,  0 ,  0 ,  0 ,  0 ,  0 ,  0 ,  0 ,,,,,,,,,Southfield,,,,,,,
Go-Get - Organic due to Budget Optimization,0,0,,0,0,0,0,,  - ,  - ,  - ,  - ,  - ,  - ,  - ,  - ,  - ,  - ,  - ,  - ,  - ,,,,,,,,,Southfield,,,,,,,
Go-Get - Organic due to Pipeline Adj,0,32,,0,0,13,19,,  - ,  - ,  - ,  - ,  - ,  - ,  3 ,  3 ,  6 ,  5 ,  8 ,  6 ,  32 ,,,,,,,,,Southfield,,,,,,,
Go-Get - Organic due to Awarded Adj,0,193,,0,0,77,116,,  - ,  - ,  - ,  - ,  - ,  - ,  19 ,  19 ,  39 ,  29 ,  48 ,  39 ,  193 ,,,,,,,,,Southfield,,,,,,,
Go-Get Organic,0,70,,0,0,28,42,,  - ,  - ,  - ,  - ,  - ,  - ,  7 ,  7 ,  14 ,  11 ,  18 ,  14 ,  70 ,,,,,,,,,Southfield,,,,,,,
Sugarland,"4,159","2,059",,"2,605","1,554",878,"1,181",,  744 ,  810 ,"  1,051 ",  650 ,  552 ,  352 ,  249 ,  268 ,  361 ,  424 ,  366 ,  391 ,"  6,219 ",,,,,,,,,Sugarland,,,,,,,
Vaccine,"3,882",758,,"2,481","1,401",241,516,,  707 ,  774 ,"  1,000 ",  612 ,  494 ,  295 ,  127 ,  36 ,  79 ,  288 ,  97 ,  132 ,"  4,640 ",,,,,,,,,Sugarland,,,,,,,
Vaccine-Respiratory,23,267,,21,3,37,230,,  8 ,  8 ,  5 ,  3 ,  - ,  - ,  - ,  - ,  37 ,  153 ,  59 ,  17 ,  290 ,,,,,,,,,Sugarland,,,,,,,
Vaccine-Influenza,239,0,,95,145,0,0,,  19 ,  68 ,  8 ,  2 ,  143 ,  - ,  - ,  - ,  - ,  - ,  - ,  - ,  239 ,,,,,,,,,Sugarland,,,,,,,
Vaccine-Other,"1,905",398,,"1,357",548,112,286,,  557 ,  440 ,  359 ,  216 ,  148 ,  184 ,  53 ,  21 ,  37 ,  135 ,  37 ,  114 ,"  2,303 ",,,,,,,,,Sugarland,,,,,,,
Vaccine-COVID,"1,714",93,,"1,009",705,93,0,,  123 ,  259 ,  627 ,  391 ,  204 ,  111 ,  73 ,  15 ,  4 ,  - ,  - ,  - ,"  1,807 ",,,,,,,,,Sugarland,,,,,,,
Non-Vaccine,280,926,,124,157,437,489,,  37 ,  35 ,  52 ,  38 ,  58 ,  61 ,  67 ,  176 ,  194 ,  162 ,  169 ,  158 ,"  1,207 ",,,,,,,,,Sugarland,,,,,,,
Cardiovascular,273,350,,124,149,248,103,,  37 ,  35 ,  52 ,  38 ,  58 ,  53 ,  51 ,  92 ,  105 ,  69 ,  22 ,  12 ,  623 ,,,,,,,,,Sugarland,,,,,,,
Obesity,0,304,,0,0,92,212,,  - ,  - ,  - ,  - ,  - ,  - ,  - ,  45 ,  47 ,  38 ,  93 ,  81 ,  304 ,,,,,,,,,Sugarland,,,,,,,
Endocrine & Metabolism,6,253,,0,6,89,165,,  - ,  - ,  - ,  - ,  - ,  6 ,  13 ,  37 ,  39 ,  52 ,  51 ,  61 ,  259 ,,,,,,,,,Sugarland,,,,,,,
Psychiatry,2,19,,0,2,9,10,,  - ,  - ,  - ,  - ,  - ,  2 ,  3 ,  3 ,  3 ,  3 ,  3 ,  4 ,  21 ,,,,,,,,,Sugarland,,,,,,,
,0,0,,0,0,0,0,,  - ,  - ,  - ,  - ,  - ,  - ,  - ,  - ,  - ,  - ,  - ,  - ,  - ,,,,,,,,,Sugarland,,,,,,,
Awarded Adjustment,0,-193,,0,0,-27,-166,,  - ,  - ,  - ,  - ,  - ,  - ,  - ,  - ,  (27),  (111),  (43),  (13),  (193),,,,,,,,,Sugarland,,,,,,,
Revenue Optimization - Enrolling Studies,1,6,,0,1,4,2,,  - ,  - ,  - ,  - ,  - ,  1 ,  1 ,  1 ,  1 ,  1 ,  1 ,  1 ,  7 ,,,,,,,,,Sugarland,,,,,,,
Risk Adjustments for Enrolling Trials,0,0,,0,0,0,0,,  - ,  - ,  - ,  - ,  - ,  - ,  - ,  - ,  - ,  - ,  - ,  - ,  - ,,,,,,,,,Sugarland,,,,,,,
Pipeline Adjustment,-4,-27,,0,-4,-14,-14,,  - ,  - ,  - ,  - ,  - ,  (4),  (5),  (5),  (4),  (5),  (4),  (5),  (32),,,,,,,,,Sugarland,,,,,,,
Budget Optimization,0,0,,0,0,0,0,,  - ,  - ,  - ,  - ,  - ,  - ,  - ,  - ,  - ,  - ,  - ,  - ,  - ,,,,,,,,,Sugarland,,,,,,,
Genuine Go-Get,0,590,,0,0,236,354,,  - ,  - ,  - ,  - ,  - ,  - ,  59 ,  59 ,  118 ,  88 ,  147 ,  118 ,  590 ,,,,,,,,,Sugarland,,,,,,,
Go-Get - Organic due to Enrolling Revenue Optimization,0,-7,,0,0,-3,-4,,  - ,  - ,  - ,  - ,  - ,  - ,  (1),  (1),  (1),  (1),  (2),  (1),  (7),,,,,,,,,Sugarland,,,,,,,
Go-Get - Organic due to Enrolling Adj.,0,0,,0,0,0,0,,  - ,  - ,  - ,  - ,  - ,  - ,  - ,  - ,  - ,  - ,  - ,  - ,  - ,,,,,,,,,Sugarland,,,,,,,
Go-Get - Organic due to Budget Optimization,0,0,,0,0,0,0,,  - ,  - ,  - ,  - ,  - ,  - ,  - ,  - ,  - ,  - ,  - ,  - ,  - ,,,,,,,,,Sugarland,,,,,,,
Go-Get - Organic due to Pipeline Adj,0,32,,0,0,13,19,,  - ,  - ,  - ,  - ,  - ,  - ,  3 ,  3 ,  6 ,  5 ,  8 ,  6 ,  32 ,,,,,,,,,Sugarland,,,,,,,
Go-Get - Organic due to Awarded Adj,0,193,,0,0,77,116,,  - ,  - ,  - ,  - ,  - ,  - ,  19 ,  19 ,  39 ,  29 ,  48 ,  39 ,  193 ,,,,,,,,,Sugarland,,,,,,,
Go-Get Organic,0,372,,0,0,149,223,,  - ,  - ,  - ,  - ,  - ,  - ,  37 ,  37 ,  74 ,  56 ,  93 ,  74 ,  372 ,,,,,,,,,Sugarland,,,,,,,
Tomball 13406,"5,100","6,009",,"2,717","2,383","2,808","3,201",,  844 ,  860 ,"  1,013 ",  758 ,"  1,076 ",  548 ,  851 ,  984 ,  973 ,"  1,241 ",  943 ,"  1,018 ","  11,109 ",,,,,,,,,Tomball 13406,,,,,,,
Vaccine,"3,505","1,798",,"1,978","1,527",609,"1,190",,  677 ,  571 ,  729 ,  551 ,  754 ,  222 ,  209 ,  199 ,  201 ,  638 ,  300 ,  251 ,"  5,303 ",,,,,,,,,Tomball 13406,,,,,,,
Vaccine-Other,"2,153","1,178",,"1,092","1,062",371,807,,  240 ,  351 ,  500 ,  325 ,  589 ,  148 ,  80 ,  147 ,  143 ,  375 ,  218 ,  214 ,"  3,331 ",,,,,,,,,Tomball 13406,,,,,,,
Vaccine-COVID,458,257,,296,162,201,57,,  224 ,  73 ,  (1),  53 ,  56 ,  53 ,  129 ,  52 ,  20 ,  19 ,  18 ,  19 ,  715 ,,,,,,,,,Tomball 13406,,,,,,,
Vaccine-Influenza,793,96,,498,295,0,96,,  170 ,  102 ,  226 ,  172 ,  102 ,  21 ,  - ,  - ,  - ,  91 ,  4 ,  1 ,  889 ,,,,,,,,,Tomball 13406,,,,,,,
Vaccine-Respiratory,101,267,,93,8,37,230,,  43 ,  46 ,  4 ,  2 ,  6 ,  - ,  - ,  - ,  37 ,  153 ,  59 ,  17 ,  368 ,,,,,,,,,Tomball 13406,,,,,,,
Non-Vaccine,"1,547","3,873",,739,807,"1,969","1,904",,  167 ,  288 ,  284 ,  207 ,  322 ,  278 ,  558 ,  708 ,  703 ,  641 ,  579 ,  683 ,"  5,419 ",,,,,,,,,Tomball 13406,,,,,,,
Respiratory,102,472,,31,72,222,250,,  4 ,  9 ,  18 ,  12 ,  30 ,  29 ,  63 ,  81 ,  79 ,  97 ,  89 ,  64 ,  575 ,,,,,,,,,Tomball 13406,,,,,,,
General Medicine,265,227,,149,116,112,114,,  41 ,  53 ,  55 ,  49 ,  26 ,  41 ,  38 ,  34 ,  41 ,  42 ,  36 ,  36 ,  492 ,,,,,,,,,Tomball 13406,,,,,,,
Obesity,778,"2,014",,316,462,"1,167",848,,  71 ,  145 ,  101 ,  122 ,  234 ,  106 ,  334 ,  425 ,  408 ,  321 ,  255 ,  271 ,"  2,793 ",,,,,,,,,Tomball 13406,,,,,,,
Gastroenterology,44,48,,29,15,18,30,,  - ,  - ,  29 ,  - ,  - ,  15 ,  6 ,  4 ,  7 ,  11 ,  8 ,  11 ,  92 ,,,,,,,,,Tomball 13406,,,,,,,
Cardiovascular,134,355,,63,71,179,176,,  20 ,  24 ,  19 ,  25 ,  13 ,  34 ,  53 ,  65 ,  61 ,  55 ,  58 ,  63 ,  489 ,,,,,,,,,Tomball 13406,,,,,,,
Endocrine & Metabolism,219,421,,151,67,189,233,,  32 ,  57 ,  62 ,  (1),  18 ,  50 ,  57 ,  69 ,  63 ,  60 ,  83 ,  90 ,  640 ,,,,,,,,,Tomball 13406,,,,,,,
Psychiatry,2,222,,0,2,71,151,,  - ,  - ,  - ,  - ,  - ,  2 ,  3 ,  28 ,  40 ,  52 ,  46 ,  52 ,  223 ,,,,,,,,,Tomball 13406,,,,,,,
Rheumatology,2,112,,0,2,10,102,,  - ,  - ,  - ,  - ,  - ,  2 ,  3 ,  3 ,  3 ,  3 ,  3 ,  96 ,  115 ,,,,,,,,,Tomball 13406,,,,,,,
,0,0,,0,0,0,0,,  - ,  - ,  - ,  - ,  - ,  - ,  - ,  - ,  - ,  - ,  - ,  - ,  - ,,,,,,,,,Tomball 13406,,,,,,,
,0,0,,0,0,0,0,,  - ,  - ,  - ,  - ,  - ,  - ,  - ,  - ,  - ,  - ,  - ,  - ,  - ,,,,,,,,,Tomball 13406,,,,,,,
,0,0,,0,0,0,0,,  - ,  - ,  - ,  - ,  - ,  - ,  - ,  - ,  - ,  - ,  - ,  - ,  - ,,,,,,,,,Tomball 13406,,,,,,,
Awarded Adjustment,0,-261,,0,0,-48,-213,,  - ,  - ,  - ,  - ,  - ,  (0),  0 ,  (8),  (39),  (127),  (57),  (29),  (261),,,,,,,,,Tomball 13406,,,,,,,
Revenue Optimization - Enrolling Studies,53,338,,0,53,176,162,,  - ,  - ,  - ,  - ,  - ,  53 ,  59 ,  61 ,  55 ,  49 ,  54 ,  59 ,  391 ,,,,,,,,,Tomball 13406,,,,,,,
Risk Adjustments for Enrolling Trials,0,0,,0,0,0,0,,  - ,  - ,  - ,  - ,  - ,  0 ,  - ,  (0),  - ,  (0),  - ,  - ,  (0),,,,,,,,,Tomball 13406,,,,,,,
Pipeline Adjustment,-4,-27,,0,-4,-14,-14,,  - ,  - ,  - ,  - ,  - ,  (4),  (5),  (5),  (4),  (5),  (4),  (5),  (32),,,,,,,,,Tomball 13406,,,,,,,
Budget Optimization,0,0,,0,0,0,0,,  - ,  - ,  - ,  - ,  - ,  - ,  - ,  - ,  - ,  - ,  - ,  - ,  - ,,,,,,,,,Tomball 13406,,,,,,,
Genuine Go-Get,0,288,,0,0,115,173,,  - ,  - ,  - ,  - ,  - ,  - ,  29 ,  29 ,  58 ,  43 ,  72 ,  58 ,  288 ,,,,,,,,,Tomball 13406,,,,,,,
Go-Get - Organic due to Enrolling Revenue Optimization,0,-391,,0,0,-156,-234,,  - ,  - ,  - ,  - ,  - ,  - ,  (39),  (39),  (78),  (59),  (98),  (78),  (391),,,,,,,,,Tomball 13406,,,,,,,
Go-Get - Organic due to Enrolling Adj.,0,0,,0,0,0,0,,  - ,  - ,  - ,  - ,  - ,  - ,  0 ,  0 ,  0 ,  0 ,  0 ,  0 ,  0 ,,,,,,,,,Tomball 13406,,,,,,,
Go-Get - Organic due to Budget Optimization,0,0,,0,0,0,0,,  - ,  - ,  - ,  - ,  - ,  - ,  - ,  - ,  - ,  - ,  - ,  - ,  - ,,,,,,,,,Tomball 13406,,,,,,,
Go-Get - Organic due to Pipeline Adj,0,32,,0,0,13,19,,  - ,  - ,  - ,  - ,  - ,  - ,  3 ,  3 ,  6 ,  5 ,  8 ,  6 ,  32 ,,,,,,,,,Tomball 13406,,,,,,,
Go-Get - Organic due to Awarded Adj,0,261,,0,0,104,156,,  - ,  - ,  - ,  - ,  - ,  - ,  26 ,  26 ,  52 ,  39 ,  65 ,  52 ,  261 ,,,,,,,,,Tomball 13406,,,,,,,
Go-Get Organic,0,386,,0,0,155,232,,  - ,  - ,  - ,  - ,  - ,  - ,  39 ,  39 ,  77 ,  58 ,  97 ,  77 ,  386 ,,,,,,,,,Tomball 13406,,,,,,,
Tomball 13414,"1,206","1,272",,566,640,617,655,,  228 ,  158 ,  180 ,  224 ,  258 ,  159 ,  196 ,  208 ,  212 ,  207 ,  225 ,  223 ,"  2,478 ",,,,,,,,,Tomball 13414,,,,,,,
Vaccine,0,45,,0,0,3,42,,  - ,  - ,  - ,  - ,  - ,  - ,  - ,  - ,  3 ,  10 ,  15 ,  17 ,  45 ,,,,,,,,,Tomball 13414,,,,,,,
Vaccine-Other,0,0,,0,0,0,0,,  - ,  - ,  - ,  - ,  - ,  - ,  - ,  - ,  - ,  - ,  - ,  - ,  - ,,,,,,,,,Tomball 13414,,,,,,,
Vaccine-Respiratory,0,45,,0,0,3,42,,  - ,  - ,  - ,  - ,  - ,  - ,  - ,  - ,  3 ,  10 ,  15 ,  17 ,  45 ,,,,,,,,,Tomball 13414,,,,,,,
Vaccine-COVID,0,0,,0,0,0,0,,  - ,  - ,  - ,  - ,  - ,  - ,  - ,  - ,  - ,  - ,  - ,  - ,  - ,,,,,,,,,Tomball 13414,,,,,,,
Vaccine-Influenza,0,0,,0,0,0,0,,  - ,  - ,  - ,  - ,  - ,  - ,  - ,  - ,  - ,  - ,  - ,  - ,  - ,,,,,,,,,Tomball 13414,,,,,,,
Non-Vaccine,"1,197",904,,566,631,468,436,,  228 ,  158 ,  180 ,  224 ,  258 ,  149 ,  160 ,  166 ,  143 ,  149 ,  139 ,  147 ,"  2,100 ",,,,,,,,,Tomball 13414,,,,,,,
Rheumatology,979,632,,483,496,325,307,,  197 ,  135 ,  151 ,  196 ,  189 ,  112 ,  113 ,  113 ,  99 ,  105 ,  100 ,  102 ,"  1,611 ",,,,,,,,,Tomball 13414,,,,,,,
General Medicine,177,59,,61,116,37,22,,  13 ,  19 ,  29 ,  29 ,  69 ,  19 ,  12 ,  17 ,  9 ,  9 ,  5 ,  9 ,  236 ,,,,,,,,,Tomball 13414,,,,,,,
Obesity,22,0,,22,0,0,0,,  18 ,  4 ,  - ,  - ,  - ,  - ,  - ,  - ,  - ,  - ,  - ,  - ,  22 ,,,,,,,,,Tomball 13414,,,,,,,
Cardiovascular,18,212,,0,18,106,106,,  - ,  - ,  - ,  - ,  - ,  18 ,  36 ,  36 ,  35 ,  36 ,  35 ,  36 ,  231 ,,,,,,,,,Tomball 13414,,,,,,,
Awarded Adjustment,0,0,,0,0,0,0,,  - ,  - ,  - ,  - ,  - ,  - ,  - ,  - ,  - ,  - ,  - ,  - ,  - ,,,,,,,,,Tomball 13414,,,,,,,
Revenue Optimization - Enrolling Studies,10,64,,0,10,32,32,,  - ,  - ,  - ,  - ,  - ,  10 ,  7 ,  14 ,  11 ,  11 ,  8 ,  13 ,  74 ,,,,,,,,,Tomball 13414,,,,,,,
Risk Adjustments for Enrolling Trials,0,0,,0,0,0,0,,  - ,  - ,  - ,  - ,  - ,  - ,  - ,  - ,  0 ,  - ,  - ,  - ,  0 ,,,,,,,,,Tomball 13414,,,,,,,
Pipeline Adjustment,0,-32,,0,0,-2,-30,,  - ,  - ,  - ,  - ,  - ,  - ,  0 ,  (0),  (2),  (7),  (11),  (12),  (32),,,,,,,,,Tomball 13414,,,,,,,
Budget Optimization,0,0,,0,0,0,0,,  - ,  - ,  - ,  - ,  - ,  - ,  - ,  - ,  - ,  - ,  - ,  - ,  - ,,,,,,,,,Tomball 13414,,,,,,,
Genuine Go-Get,0,290,,0,0,116,174,,  - ,  - ,  - ,  - ,  - ,  - ,  29 ,  29 ,  58 ,  44 ,  73 ,  58 ,  290 ,,,,,,,,,Tomball 13414,,,,,,,
Go-Get - Organic due to Enrolling Revenue Optimization,0,-74,,0,0,-30,-44,,  - ,  - ,  - ,  - ,  - ,  - ,  (7),  (7),  (15),  (11),  (19),  (15),  (74),,,,,,,,,Tomball 13414,,,,,,,
Go-Get - Organic due to Enrolling Adj.,0,0,,0,0,0,0,,  - ,  - ,  - ,  - ,  - ,  - ,  (0),  (0),  (0),  (0),  (0),  (0),  (0),,,,,,,,,Tomball 13414,,,,,,,
Go-Get - Organic due to Budget Optimization,0,0,,0,0,0,0,,  - ,  - ,  - ,  - ,  - ,  - ,  - ,  - ,  - ,  - ,  - ,  - ,  - ,,,,,,,,,Tomball 13414,,,,,,,
Go-Get - Organic due to Pipeline Adj,0,32,,0,0,13,19,,  - ,  - ,  - ,  - ,  - ,  - ,  3 ,  3 ,  6 ,  5 ,  8 ,  6 ,  32 ,,,,,,,,,Tomball 13414,,,,,,,
Go-Get - Organic due to Awarded Adj,0,0,,0,0,0,0,,  - ,  - ,  - ,  - ,  - ,  - ,  - ,  - ,  - ,  - ,  - ,  - ,  - ,,,,,,,,,Tomball 13414,,,,,,,
Go-Get Organic,0,332,,0,0,133,199,,  - ,  - ,  - ,  - ,  - ,  - ,  33 ,  33 ,  66 ,  50 ,  83 ,  66 ,  332 ,,,,,,,,,Tomball 13414,,,,,,,
Shreveport,0,0,,0,0,0,0,,  - ,  - ,  - ,  - ,  - ,  - ,  - ,  - ,  - ,  - ,  - ,  - ,  - ,,,,,,,,,Shreveport,,,,,,,
Vaccine,0,0,,0,0,0,0,,  - ,  - ,  - ,  - ,  - ,  - ,  - ,  - ,  - ,  - ,  - ,  - ,  - ,,,,,,,,,Shreveport,,,,,,,
Vaccine-Other,0,0,,0,0,0,0,,  - ,  - ,  - ,  - ,  - ,  - ,  - ,  - ,  - ,  - ,  - ,  - ,  - ,,,,,,,,,Shreveport,,,,,,,
Vaccine-Respiratory,0,0,,0,0,0,0,,  - ,  - ,  - ,  - ,  - ,  - ,  - ,  - ,  - ,  - ,  - ,  - ,  - ,,,,,,,,,Shreveport,,,,,,,
Vaccine-COVID,0,0,,0,0,0,0,,  - ,  - ,  - ,  - ,  - ,  - ,  - ,  - ,  - ,  - ,  - ,  - ,  - ,,,,,,,,,Shreveport,,,,,,,
Vaccine-Influenza,0,0,,0,0,0,0,,  - ,  - ,  - ,  - ,  - ,  - ,  - ,  - ,  - ,  - ,  - ,  - ,  - ,,,,,,,,,Shreveport,,,,,,,
Non-Vaccine,0,0,,0,0,0,0,,  - ,  - ,  - ,  - ,  - ,  - ,  - ,  - ,  - ,  - ,  - ,  - ,  - ,,,,,,,,,Shreveport,,,,,,,
Psychiatry,0,0,,0,0,0,0,,  - ,  - ,  - ,  - ,  - ,  - ,  - ,  - ,  - ,  - ,  - ,  - ,  - ,,,,,,,,,Shreveport,,,,,,,
 General Medicine ,0,0,,0,0,0,0,,  - ,  - ,  - ,  - ,  - ,  - ,  - ,  - ,  - ,  - ,  - ,  - ,  - ,,,,,,,,,Shreveport,,,,,,,
Rheumatology,0,0,,0,0,0,0,,  - ,  - ,  - ,  - ,  - ,  - ,  - ,  - ,  - ,  - ,  - ,  - ,  - ,,,,,,,,,Shreveport,,,,,,,
Respiratory,0,0,,0,0,0,0,,  - ,  - ,  - ,  - ,  - ,  - ,  - ,  - ,  - ,  - ,  - ,  - ,  - ,,,,,,,,,Shreveport,,,,,,,
Cardiovascular,0,0,,0,0,0,0,,  - ,  - ,  - ,  - ,  - ,  - ,  - ,  - ,  - ,  - ,  - ,  - ,  - ,,,,,,,,,Shreveport,,,,,,,
Obesity,0,0,,0,0,0,0,,  - ,  - ,  - ,  - ,  - ,  - ,  - ,  - ,  - ,  - ,  - ,  - ,  - ,,,,,,,,,Shreveport,,,,,,,
Gastroenterology,0,0,,0,0,0,0,,  - ,  - ,  - ,  - ,  - ,  - ,  - ,  - ,  - ,  - ,  - ,  - ,  - ,,,,,,,,,Shreveport,,,,,,,
Endocrine & Metabolism,0,0,,0,0,0,0,,  - ,  - ,  - ,  - ,  - ,  - ,  - ,  - ,  - ,  - ,  - ,  - ,  - ,,,,,,,,,Shreveport,,,,,,,
Allergy/Immunology,0,0,,0,0,0,0,,  - ,  - ,  - ,  - ,  - ,  - ,  - ,  - ,  - ,  - ,  - ,  - ,  - ,,,,,,,,,Shreveport,,,,,,,
 Ophthalmology ,0,0,,0,0,0,0,,  - ,  - ,  - ,  - ,  - ,  - ,  - ,  - ,  - ,  - ,  - ,  - ,  - ,,,,,,,,,Shreveport,,,,,,,
 Infectious Disease ,0,0,,0,0,0,0,,  - ,  - ,  - ,  - ,  - ,  - ,  - ,  - ,  - ,  - ,  - ,  - ,  - ,,,,,,,,,Shreveport,,,,,,,
 CNS ,0,0,,0,0,0,0,,  - ,  - ,  - ,  - ,  - ,  - ,  - ,  - ,  - ,  - ,  - ,  - ,  - ,,,,,,,,,Shreveport,,,,,,,
Awarded Adjustment,0,0,,0,0,0,0,,  - ,  - ,  - ,  - ,  - ,  - ,  - ,  - ,  - ,  - ,  - ,  - ,  - ,,,,,,,,,Shreveport,,,,,,,
Revenue Optimization - Enrolling Studies,0,0,,0,0,0,0,,  - ,  - ,  - ,  - ,  - ,  - ,  - ,  - ,  - ,  - ,  - ,  - ,  - ,,,,,,,,,Shreveport,,,,,,,
Risk Adjustments for Enrolling Trials,0,0,,0,0,0,0,,  - ,  - ,  - ,  - ,  - ,  - ,  - ,  - ,  - ,  - ,  - ,  - ,  - ,,,,,,,,,Shreveport,,,,,,,
Pipeline Adjustment,0,0,,0,0,0,0,,  - ,  - ,  - ,  - ,  - ,  - ,  - ,  - ,  - ,  - ,  - ,  - ,  - ,,,,,,,,,Shreveport,,,,,,,
Budget Optimization,0,0,,0,0,0,0,,  - ,  - ,  - ,  - ,  - ,  - ,  - ,  - ,  - ,  - ,  - ,  - ,  - ,,,,,,,,,Shreveport,,,,,,,
Genuine Go-Get,0,0,,0,0,0,0,,  - ,  - ,  - ,  - ,  - ,  - ,  - ,  - ,  - ,  - ,  - ,  - ,  - ,,,,,,,,,Shreveport,,,,,,,
Go-Get - Organic due to Enrolling Revenue Optimization,0,0,,0,0,0,0,,  - ,  - ,  - ,  - ,  - ,  - ,  - ,  - ,  - ,  - ,  - ,  - ,  - ,,,,,,,,,Shreveport,,,,,,,
Go-Get - Organic due to Enrolling Adj.,0,0,,0,0,0,0,,  - ,  - ,  - ,  - ,  - ,  - ,  - ,  - ,  - ,  - ,  - ,  - ,  - ,,,,,,,,,Shreveport,,,,,,,
Go-Get - Organic due to Budget Optimization,0,0,,0,0,0,0,,  - ,  - ,  - ,  - ,  - ,  - ,  - ,  - ,  - ,  - ,  - ,  - ,  - ,,,,,,,,,Shreveport,,,,,,,
Go-Get - Organic due to Pipeline Adj,0,0,,0,0,0,0,,  - ,  - ,  - ,  - ,  - ,  - ,  - ,  - ,  - ,  - ,  - ,  - ,  - ,,,,,,,,,Shreveport,,,,,,,
Go-Get - Organic due to Awarded Adj,0,0,,0,0,0,0,,  - ,  - ,  - ,  - ,  - ,  - ,  - ,  - ,  - ,  - ,  - ,  - ,  - ,,,,,,,,,Shreveport,,,,,,,
Go-Get Organic,0,0,,0,0,0,0,,  - ,  - ,  - ,  - ,  - ,  - ,  - ,  - ,  - ,  - ,  - ,  - ,  - ,,,,,,,,,Shreveport,,,,,,,
Miami,296,"1,002",,72,224,457,546,,  0 ,  14 ,  58 ,  57 ,  81 ,  86 ,  134 ,  163 ,  160 ,  182 ,  168 ,  196 ,"  1,299 ",,,,,,,,,Miami,,,,,,,
Vaccine,0,0,,0,0,0,0,,  - ,  - ,  - ,  - ,  - ,  - ,  - ,  - ,  - ,  - ,  - ,  - ,  - ,,,,,,,,,Miami,,,,,,,
Vaccine-Other,0,0,,0,0,0,0,,  - ,  - ,  - ,  - ,  - ,  - ,  - ,  - ,  - ,  - ,  - ,  - ,  - ,,,,,,,,,Miami,,,,,,,
Vaccine-Respiratory,0,0,,0,0,0,0,,  - ,  - ,  - ,  - ,  - ,  - ,  - ,  - ,  - ,  - ,  - ,  - ,  - ,,,,,,,,,Miami,,,,,,,
Vaccine-COVID,0,0,,0,0,0,0,,  - ,  - ,  - ,  - ,  - ,  - ,  - ,  - ,  - ,  - ,  - ,  - ,  - ,,,,,,,,,Miami,,,,,,,
Vaccine-Influenza,0,0,,0,0,0,0,,  - ,  - ,  - ,  - ,  - ,  - ,  - ,  - ,  - ,  - ,  - ,  - ,  - ,,,,,,,,,Miami,,,,,,,
Non-Vaccine,295,984,,72,223,450,534,,  0 ,  14 ,  58 ,  57 ,  81 ,  85 ,  131 ,  162 ,  157 ,  179 ,  164 ,  191 ,"  1,279 ",,,,,,,,,Miami,,,,,,,
General Medicine,37,49,,24,13,38,11,,  0 ,  14 ,  9 ,  5 ,  5 ,  3 ,  19 ,  11 ,  8 ,  5 ,  4 ,  2 ,  87 ,,,,,,,,,Miami,,,,,,,
Obesity,252,752,,49,203,347,405,,  - ,  - ,  49 ,  52 ,  75 ,  76 ,  99 ,  127 ,  120 ,  141 ,  124 ,  141 ,"  1,003 ",,,,,,,,,Miami,,,,,,,
 Endocrine & Metabolism ,6,128,,0,6,49,79,,  - ,  - ,  - ,  - ,  - ,  6 ,  9 ,  19 ,  22 ,  25 ,  27 ,  27 ,  134 ,,,,,,,,,Miami,,,,,,,
Cardiovascular,0,54,,0,0,16,38,,  - ,  - ,  - ,  - ,  - ,  - ,  4 ,  5 ,  7 ,  8 ,  10 ,  20 ,  54 ,,,,,,,,,Miami,,,,,,,
Respiratory,0,1,,0,0,0,1,,  - ,  - ,  - ,  - ,  - ,  - ,  - ,  - ,  - ,  - ,  0 ,  1 ,  1 ,,,,,,,,,Miami,,,,,,,
Awarded Adjustment,0,0,,0,0,0,0,,  - ,  - ,  - ,  - ,  - ,  - ,  - ,  - ,  0 ,  - ,  0 ,  - ,  0 ,,,,,,,,,Miami,,,,,,,
Revenue Optimization - Enrolling Studies,5,31,,0,5,15,16,,  - ,  - ,  - ,  - ,  - ,  5 ,  6 ,  5 ,  4 ,  5 ,  5 ,  6 ,  37 ,,,,,,,,,Miami,,,,,,,
Risk Adjustments for Enrolling Trials,0,0,,0,0,0,0,,  - ,  - ,  - ,  - ,  - ,  - ,  - ,  0 ,  - ,  - ,  - ,  - ,  0 ,,,,,,,,,Miami,,,,,,,
Pipeline Adjustment,-4,-27,,0,-4,-14,-14,,  - ,  - ,  - ,  - ,  - ,  (4),  (5),  (5),  (4),  (5),  (4),  (5),  (32),,,,,,,,,Miami,,,,,,,
Budget Optimization,0,0,,0,0,0,0,,  - ,  - ,  - ,  - ,  - ,  - ,  - ,  - ,  - ,  - ,  - ,  - ,  - ,,,,,,,,,Miami,,,,,,,
Genuine Go-Get,0,14,,0,0,6,9,,  - ,  - ,  - ,  - ,  - ,  - ,  1 ,  1 ,  3 ,  2 ,  4 ,  3 ,  14 ,,,,,,,,,Miami,,,,,,,
Go-Get - Organic due to Enrolling Revenue Optimization,0,-37,,0,0,-15,-22,,  - ,  - ,  - ,  - ,  - ,  - ,  (4),  (4),  (7),  (6),  (9),  (7),  (37),,,,,,,,,Miami,,,,,,,
Go-Get - Organic due to Enrolling Adj.,0,0,,0,0,0,0,,  - ,  - ,  - ,  - ,  - ,  - ,  (0),  (0),  (0),  (0),  (0),  (0),  (0),,,,,,,,,Miami,,,,,,,
Go-Get - Organic due to Budget Optimization,0,0,,0,0,0,0,,  - ,  - ,  - ,  - ,  - ,  - ,  - ,  - ,  - ,  - ,  - ,  - ,  - ,,,,,,,,,Miami,,,,,,,
Go-Get - Organic due to Pipeline Adj,0,32,,0,0,13,19,,  - ,  - ,  - ,  - ,  - ,  - ,  3 ,  3 ,  6 ,  5 ,  8 ,  6 ,  32 ,,,,,,,,,Miami,,,,,,,
Go-Get - Organic due to Awarded Adj,0,0,,0,0,0,0,,  - ,  - ,  - ,  - ,  - ,  - ,  (0),  (0),  (0),  (0),  (0),  (0),  (0),,,,,,,,,Miami,,,,,,,
Go-Get Organic,0,19,,0,0,8,12,,  - ,  - ,  - ,  - ,  - ,  - ,  2 ,  2 ,  4 ,  3 ,  5 ,  4 ,  19 ,,,,,,,,,Miami,,,,,,,
FSS,134,"1,743",,0,134,903,840,,  - ,  - ,  - ,  21 ,  27 ,  87 ,  265 ,  312 ,  326 ,  314 ,  299 ,  227 ,"  1,877 ",,,,,,,,,FSS,,,,,,,
Vaccine,0,0,,0,0,0,0,,  - ,  - ,  - ,  - ,  - ,  - ,  - ,  - ,  - ,  - ,  - ,  - ,  - ,,,,,,,,,FSS,,,,,,,
Vaccine-Other,0,0,,0,0,0,0,,  - ,  - ,  - ,  - ,  - ,  - ,  - ,  - ,  - ,  - ,  - ,  - ,  - ,,,,,,,,,FSS,,,,,,,
Vaccine-Respiratory,0,0,,0,0,0,0,,  - ,  - ,  - ,  - ,  - ,  - ,  - ,  - ,  - ,  - ,  - ,  - ,  - ,,,,,,,,,FSS,,,,,,,
Vaccine-COVID,0,0,,0,0,0,0,,  - ,  - ,  - ,  - ,  - ,  - ,  - ,  - ,  - ,  - ,  - ,  - ,  - ,,,,,,,,,FSS,,,,,,,
Vaccine-Influenza,0,0,,0,0,0,0,,  - ,  - ,  - ,  - ,  - ,  - ,  - ,  - ,  - ,  - ,  - ,  - ,  - ,,,,,,,,,FSS,,,,,,,
Non-Vaccine,141,"1,729",,0,141,918,812,,  - ,  - ,  - ,  21 ,  27 ,  93 ,  281 ,  316 ,  321 ,  328 ,  285 ,  199 ,"  1,870 ",,,,,,,,,FSS,,,,,,,
Obesity,53,719,,0,53,327,392,,  - ,  - ,  - ,  21 ,  - ,  32 ,  82 ,  118 ,  127 ,  134 ,  141 ,  117 ,  772 ,,,,,,,,,FSS,,,,,,,
Psychiatry,81,802,,0,81,510,292,,  - ,  - ,  - ,  - ,  27 ,  55 ,  188 ,  164 ,  158 ,  156 ,  104 ,  32 ,  884 ,,,,,,,,,FSS,,,,,,,
Cardiovascular,0,54,,0,0,16,38,,  - ,  - ,  - ,  - ,  - ,  - ,  4 ,  5 ,  7 ,  8 ,  10 ,  20 ,  54 ,,,,,,,,,FSS,,,,,,,
Endocrine & Metabolism,6,153,,0,6,64,89,,  - ,  - ,  - ,  - ,  - ,  6 ,  7 ,  28 ,  29 ,  30 ,  29 ,  30 ,  159 ,,,,,,,,,FSS,,,,,,,
Awarded Adjustment,-4,-181,,0,-4,-95,-86,,  - ,  - ,  - ,  - ,  - ,  (4),  (36),  (24),  (35),  (42),  (33),  (10),  (185),,,,,,,,,FSS,,,,,,,
Revenue Optimization - Enrolling Studies,2,11,,0,2,10,1,,  - ,  - ,  - ,  - ,  - ,  2 ,  4 ,  4 ,  2 ,  1 ,  - ,  - ,  13 ,,,,,,,,,FSS,,,,,,,
Risk Adjustments for Enrolling Trials,0,0,,0,0,0,0,,  - ,  - ,  - ,  - ,  - ,  - ,  - ,  - ,  - ,  - ,  - ,  - ,  - ,,,,,,,,,FSS,,,,,,,
Pipeline Adjustment,-4,-27,,0,-4,-14,-14,,  - ,  - ,  - ,  - ,  - ,  (4),  (5),  (5),  (4),  (5),  (4),  (5),  (32),,,,,,,,,FSS,,,,,,,
Budget Optimization,0,0,,0,0,0,0,,  - ,  - ,  - ,  - ,  - ,  - ,  - ,  - ,  - ,  - ,  - ,  - ,  - ,,,,,,,,,FSS,,,,,,,
Genuine Go-Get,0,210,,0,0,84,126,,  - ,  - ,  - ,  - ,  - ,  - ,  21 ,  21 ,  42 ,  32 ,  53 ,  42 ,  210 ,,,,,,,,,FSS,,,,,,,
Go-Get - Organic due to Enrolling Revenue Optimization,0,-13,,0,0,-5,-8,,  - ,  - ,  - ,  - ,  - ,  - ,  (1),  (1),  (3),  (2),  (3),  (3),  (13),,,,,,,,,FSS,,,,,,,
Go-Get - Organic due to Enrolling Adj.,0,0,,0,0,0,0,,  - ,  - ,  - ,  - ,  - ,  - ,  - ,  - ,  - ,  - ,  - ,  - ,  - ,,,,,,,,,FSS,,,,,,,
Go-Get - Organic due to Budget Optimization,0,0,,0,0,0,0,,  - ,  - ,  - ,  - ,  - ,  - ,  - ,  - ,  - ,  - ,  - ,  - ,  - ,,,,,,,,,FSS,,,,,,,
Go-Get - Organic due to Pipeline Adj,0,32,,0,0,13,19,,  - ,  - ,  - ,  - ,  - ,  - ,  3 ,  3 ,  6 ,  5 ,  8 ,  6 ,  32 ,,,,,,,,,FSS,,,,,,,
Go-Get - Organic due to Awarded Adj,0,185,,0,0,74,111,,  - ,  - ,  - ,  - ,  - ,  - ,  19 ,  19 ,  37 ,  28 ,  46 ,  37 ,  185 ,,,,,,,,,FSS,,,,,,,
Go-Get Organic,0,7,,0,0,3,4,,  - ,  - ,  - ,  - ,  - ,  - ,  1 ,  1 ,  1 ,  1 ,  2 ,  1 ,  7 ,,,,,,,,,FSS,,,,,,,
Pupila,0,70,,0,0,36,34,,  - ,  - ,  - ,  - ,  - ,  - ,  9 ,  16 ,  11 ,  11 ,  12 ,  12 ,  70 ,,,,,,,,,Pupila,,,,,,,
Vaccine,0,0,,0,0,0,0,,  - ,  - ,  - ,  - ,  - ,  - ,  - ,  - ,  - ,  - ,  - ,  - ,  - ,,,,,,,,,Pupila,,,,,,,
Vaccine-Other,0,0,,0,0,0,0,,  - ,  - ,  - ,  - ,  - ,  - ,  - ,  - ,  - ,  - ,  - ,  - ,  - ,,,,,,,,,Pupila,,,,,,,
Vaccine-Respiratory,0,0,,0,0,0,0,,  - ,  - ,  - ,  - ,  - ,  - ,  - ,  - ,  - ,  - ,  - ,  - ,  - ,,,,,,,,,Pupila,,,,,,,
Vaccine-COVID,0,0,,0,0,0,0,,  - ,  - ,  - ,  - ,  - ,  - ,  - ,  - ,  - ,  - ,  - ,  - ,  - ,,,,,,,,,Pupila,,,,,,,
Vaccine-Influenza,0,0,,0,0,0,0,,  - ,  - ,  - ,  - ,  - ,  - ,  - ,  - ,  - ,  - ,  - ,  - ,  - ,,,,,,,,,Pupila,,,,,,,
Non-Vaccine,0,56,,0,0,30,26,,  - ,  - ,  - ,  - ,  - ,  - ,  7 ,  14 ,  8 ,  9 ,  8 ,  9 ,  56 ,,,,,,,,,Pupila,,,,,,,
 Ophthalmology ,0,56,,0,0,30,26,,  - ,  - ,  - ,  - ,  - ,  - ,  7 ,  14 ,  8 ,  9 ,  8 ,  9 ,  56 ,,,,,,,,,Pupila,,,,,,,
,0,0,,0,0,0,0,,  - ,  - ,  - ,  - ,  - ,  - ,  - ,  - ,  - ,  - ,  - ,  - ,  - ,,,,,,,,,Pupila,,,,,,,
Awarded Adjustment,0,0,,0,0,0,0,,  - ,  - ,  - ,  - ,  - ,  - ,  - ,  - ,  - ,  - ,  - ,  - ,  - ,,,,,,,,,Pupila,,,,,,,
Revenue Optimization - Enrolling Studies,0,0,,0,0,0,0,,  - ,  - ,  - ,  - ,  - ,  - ,  - ,  - ,  - ,  - ,  - ,  - ,  - ,,,,,,,,,Pupila,,,,,,,
Risk Adjustments for Enrolling Trials,0,0,,0,0,0,0,,  - ,  - ,  - ,  - ,  - ,  - ,  - ,  - ,  - ,  - ,  - ,  - ,  - ,,,,,,,,,Pupila,,,,,,,
Pipeline Adjustment,0,0,,0,0,0,0,,  - ,  - ,  - ,  - ,  - ,  - ,  0 ,  (0),  - ,  - ,  0 ,  - ,  0 ,,,,,,,,,Pupila,,,,,,,
Budget Optimization,0,0,,0,0,0,0,,  - ,  - ,  - ,  - ,  - ,  - ,  - ,  - ,  - ,  - ,  - ,  - ,  - ,,,,,,,,,Pupila,,,,,,,
Genuine Go-Get,0,14,,0,0,6,8,,  - ,  - ,  - ,  - ,  - ,  - ,  1 ,  1 ,  3 ,  2 ,  4 ,  3 ,  14 ,,,,,,,,,Pupila,,,,,,,
Go-Get - Organic due to Enrolling Revenue Optimization,0,0,,0,0,0,0,,  - ,  - ,  - ,  - ,  - ,  - ,  - ,  - ,  - ,  - ,  - ,  - ,  - ,,,,,,,,,Pupila,,,,,,,
Go-Get - Organic due to Enrolling Adj.,0,0,,0,0,0,0,,  - ,  - ,  - ,  - ,  - ,  - ,  - ,  - ,  - ,  - ,  - ,  - ,  - ,,,,,,,,,Pupila,,,,,,,
Go-Get - Organic due to Budget Optimization,0,0,,0,0,0,0,,  - ,  - ,  - ,  - ,  - ,  - ,  - ,  - ,  - ,  - ,  - ,  - ,  - ,,,,,,,,,Pupila,,,,,,,
Go-Get - Organic due to Pipeline Adj,0,0,,0,0,0,0,,  - ,  - ,  - ,  - ,  - ,  - ,  (0),  (0),  (0),  (0),  (0),  (0),  (0),,,,,,,,,Pupila,,,,,,,
Go-Get - Organic due to Awarded Adj,0,0,,0,0,0,0,,  - ,  - ,  - ,  - ,  - ,  - ,  - ,  - ,  - ,  - ,  - ,  - ,  - ,,,,,,,,,Pupila,,,,,,,
Go-Get Organic,0,14,,0,0,6,8,,  - ,  - ,  - ,  - ,  - ,  - ,  1 ,  1 ,  3 ,  2 ,  4 ,  3 ,  14 ,,,,,,,,,Pupila,,,,,,,
Indianapolis,517,"1,349",,186,331,645,703,,  20 ,  50 ,  117 ,  106 ,  113 ,  112 ,  195 ,  217 ,  234 ,  200 ,  266 ,  237 ,"  1,866 ",,,,,,,,,Indianapolis,,,,,,,
Vaccine,1,154,,0,1,55,100,,  - ,  - ,  - ,  - ,  - ,  1 ,  4 ,  21 ,  29 ,  31 ,  33 ,  36 ,  156 ,,,,,,,,,Indianapolis,,,,,,,
Vaccine-Respiratory,0,146,,0,0,50,95,,  - ,  - ,  - ,  - ,  - ,  - ,  3 ,  20 ,  28 ,  30 ,  31 ,  34 ,  146 ,,,,,,,,,Indianapolis,,,,,,,
Vaccine-Other,1,9,,0,1,4,4,,  - ,  - ,  - ,  - ,  - ,  1 ,  1 ,  1 ,  1 ,  1 ,  1 ,  1 ,  10 ,,,,,,,,,Indianapolis,,,,,,,
Vaccine-COVID,0,0,,0,0,0,0,,  - ,  - ,  - ,  - ,  - ,  - ,  - ,  - ,  - ,  - ,  - ,  - ,  - ,,,,,,,,,Indianapolis,,,,,,,
Vaccine-Influenza,0,0,,0,0,0,0,,  - ,  - ,  - ,  - ,  - ,  - ,  - ,  - ,  - ,  - ,  - ,  - ,  - ,,,,,,,,,Indianapolis,,,,,,,
Non-Vaccine,506,"1,020",,186,320,503,516,,  20 ,  50 ,  117 ,  106 ,  113 ,  101 ,  154 ,  181 ,  169 ,  155 ,  190 ,  171 ,"  1,526 ",,,,,,,,,Indianapolis,,,,,,,
Obesity,344,363,,151,193,193,170,,  20 ,  50 ,  82 ,  69 ,  82 ,  42 ,  79 ,  63 ,  51 ,  42 ,  67 ,  61 ,  707 ,,,,,,,,,Indianapolis,,,,,,,
Respiratory,17,81,,0,17,80,1,,  - ,  - ,  - ,  - ,  - ,  17 ,  31 ,  38 ,  11 ,  - ,  0 ,  1 ,  97 ,,,,,,,,,Indianapolis,,,,,,,
 Endocrine & Metabolism ,144,292,,35,109,129,163,,  - ,  - ,  35 ,  37 ,  31 ,  41 ,  34 ,  43 ,  53 ,  43 ,  60 ,  60 ,  436 ,,,,,,,,,Indianapolis,,,,,,,
Cardiovascular,2,102,,0,2,39,63,,  - ,  - ,  - ,  - ,  - ,  2 ,  10 ,  13 ,  16 ,  21 ,  20 ,  22 ,  104 ,,,,,,,,,Indianapolis,,,,,,,
Psychiatry,0,182,,0,0,62,120,,  - ,  - ,  - ,  - ,  - ,  - ,  - ,  25 ,  37 ,  49 ,  43 ,  28 ,  182 ,,,,,,,,,Indianapolis,,,,,,,
,0,0,,0,0,0,0,,  - ,  - ,  - ,  - ,  - ,  - ,  - ,  - ,  - ,  - ,  - ,  - ,  - ,,,,,,,,,Indianapolis,,,,,,,
Awarded Adjustment,0,-61,,0,0,-21,-40,,  - ,  - ,  - ,  - ,  - ,  - ,  0 ,  (8),  (12),  (16),  (14),  (9),  (61),,,,,,,,,Indianapolis,,,,,,,
Revenue Optimization - Enrolling Studies,14,72,,0,14,40,32,,  - ,  - ,  - ,  - ,  - ,  14 ,  14 ,  12 ,  14 ,  12 ,  11 ,  9 ,  87 ,,,,,,,,,Indianapolis,,,,,,,
Risk Adjustments for Enrolling Trials,0,0,,0,0,0,0,,  - ,  - ,  - ,  - ,  - ,  0 ,  (0),  - ,  - ,  - ,  - ,  - ,  - ,,,,,,,,,Indianapolis,,,,,,,
Pipeline Adjustment,-4,-130,,0,-4,-49,-81,,  - ,  - ,  - ,  - ,  - ,  (4),  (7),  (18),  (24),  (26),  (27),  (29),  (135),,,,,,,,,Indianapolis,,,,,,,
Budget Optimization,0,0,,0,0,0,0,,  - ,  - ,  - ,  - ,  - ,  - ,  - ,  - ,  - ,  - ,  - ,  - ,  - ,,,,,,,,,Indianapolis,,,,,,,
Genuine Go-Get,0,293,,0,0,117,176,,  - ,  - ,  - ,  - ,  - ,  - ,  29 ,  29 ,  59 ,  44 ,  73 ,  59 ,  293 ,,,,,,,,,Indianapolis,,,,,,,
Go-Get - Organic due to Enrolling Revenue Optimization,0,-87,,0,0,-35,-52,,  - ,  - ,  - ,  - ,  - ,  - ,  (9),  (9),  (17),  (13),  (22),  (17),  (87),,,,,,,,,Indianapolis,,,,,,,
Go-Get - Organic due to Enrolling Adj.,0,0,,0,0,0,0,,  - ,  - ,  - ,  - ,  - ,  - ,  - ,  - ,  - ,  - ,  - ,  - ,  - ,,,,,,,,,Indianapolis,,,,,,,
Go-Get - Organic due to Budget Optimization,0,0,,0,0,0,0,,  - ,  - ,  - ,  - ,  - ,  - ,  - ,  - ,  - ,  - ,  - ,  - ,  - ,,,,,,,,,Indianapolis,,,,,,,
Go-Get - Organic due to Pipeline Adj,0,135,,0,0,54,81,,  - ,  - ,  - ,  - ,  - ,  - ,  13 ,  13 ,  27 ,  20 ,  34 ,  27 ,  135 ,,,,,,,,,Indianapolis,,,,,,,
Go-Get - Organic due to Awarded Adj,0,61,,0,0,24,36,,  - ,  - ,  - ,  - ,  - ,  - ,  6 ,  6 ,  12 ,  9 ,  15 ,  12 ,  61 ,,,,,,,,,Indianapolis,,,,,,,
Go-Get Organic,0,185,,0,0,74,111,,  - ,  - ,  - ,  - ,  - ,  - ,  18 ,  18 ,  37 ,  28 ,  46 ,  37 ,  185 ,,,,,,,,,Indianapolis,,,,,,,
Sugarland Neurology,0,182,,0,0,66,116,,  - ,  - ,  - ,  - ,  - ,  - ,  6 ,  23 ,  37 ,  42 ,  44 ,  31 ,181774.368,,,,,,,,,Sugarland Neurology,,,,,,,
Vaccine,0,0,,0,0,0,0,,  - ,  - ,  - ,  - ,  - ,  - ,  - ,  - ,  - ,  - ,  - ,  - ,  - ,,,,,,,,,Sugarland Neurology,,,,,,,
Vaccine-Other,0,0,,0,0,0,0,,  - ,  - ,  - ,  - ,  - ,  - ,  - ,  - ,  - ,  - ,  - ,  - ,  - ,,,,,,,,,Sugarland Neurology,,,,,,,
Vaccine-Respiratory,0,0,,0,0,0,0,,  - ,  - ,  - ,  - ,  - ,  - ,  - ,  - ,  - ,  - ,  - ,  - ,  - ,,,,,,,,,Sugarland Neurology,,,,,,,
Vaccine-COVID,0,0,,0,0,0,0,,  - ,  - ,  - ,  - ,  - ,  - ,  - ,  - ,  - ,  - ,  - ,  - ,  - ,,,,,,,,,Sugarland Neurology,,,,,,,
Vaccine-Influenza,0,0,,0,0,0,0,,  - ,  - ,  - ,  - ,  - ,  - ,  - ,  - ,  - ,  - ,  - ,  - ,  - ,,,,,,,,,Sugarland Neurology,,,,,,,
Non-Vaccine,0,184,,0,0,63,121,,  - ,  - ,  - ,  - ,  - ,  - ,  0 ,  25 ,  38 ,  49 ,  43 ,  28 ,  184 ,,,,,,,,,Sugarland Neurology,,,,,,,
Psychiatry,0,184,,0,0,63,121,,  - ,  - ,  - ,  - ,  - ,  - ,  0 ,  25 ,  38 ,  49 ,  43 ,  28 ,"183,717.80",,,,,,,,,Sugarland Neurology,,,,,,,
,0,0,,0,0,0,0,,  - ,  - ,  - ,  - ,  - ,  - ,  - ,  - ,  - ,  - ,  - ,  - ,  - ,,,,,,,,,Sugarland Neurology,,,,,,,
Awarded Adjustment,0,-61,,0,0,-21,-40,,  - ,  - ,  - ,  - ,  - ,  - ,  - ,  (8),  (12),  (16),  (14),  (9),"-60,591.46",,,,,,,,,Sugarland Neurology,,,,,,,
Revenue Optimization - Enrolling Studies,0,0,,0,0,0,0,,  - ,  - ,  - ,  - ,  - ,  - ,  - ,  - ,  - ,  - ,  - ,  - ,  - ,,,,,,,,,Sugarland Neurology,,,,,,,
Risk Adjustments for Enrolling Trials,0,0,,0,0,0,0,,  - ,  - ,  - ,  - ,  - ,  - ,  - ,  - ,  - ,  - ,  - ,  - ,  - ,,,,,,,,,Sugarland Neurology,,,,,,,
Pipeline Adjustment,0,-2,,0,0,-1,-1,,  - ,  - ,  - ,  - ,  - ,  - ,  (0),  (0),  (0),  (0),  (0),  (0),  (2),,,,,,,,,Sugarland Neurology,,,,,,,
Budget Optimization,0,0,,0,0,0,0,,  - ,  - ,  - ,  - ,  - ,  - ,  - ,  - ,  - ,  - ,  - ,  - ,  - ,,,,,,,,,Sugarland Neurology,,,,,,,
Genuine Go-Get,0,61,,0,0,24,36,,  - ,  - ,  - ,  - ,  - ,  - ,  6 ,  6 ,  12 ,  9 ,  15 ,  12 ,"60,591.46",,,,,,,,,Sugarland Neurology,,,,,,,
Go-Get - Organic due to Enrolling Revenue Optimization,0,0,,0,0,0,0,,  - ,  - ,  - ,  - ,  - ,  - ,  - ,  - ,  - ,  - ,  - ,  - ,  - ,,,,,,,,,Sugarland Neurology,,,,,,,
Go-Get - Organic due to Enrolling Adj.,0,0,,0,0,0,0,,  - ,  - ,  - ,  - ,  - ,  - ,  - ,  - ,  - ,  - ,  - ,  - ,  - ,,,,,,,,,Sugarland Neurology,,,,,,,
Go-Get - Organic due to Budget Optimization,0,0,,0,0,0,0,,  - ,  - ,  - ,  - ,  - ,  - ,  - ,  - ,  - ,  - ,  - ,  - ,  - ,,,,,,,,,Sugarland Neurology,,,,,,,
Go-Get - Organic due to Pipeline Adj,0,2,,0,0,1,1,,  - ,  - ,  - ,  - ,  - ,  - ,  0 ,  0 ,  0 ,  0 ,  0 ,  0 ,  2 ,,,,,,,,,Sugarland Neurology,,,,,,,
Go-Get - Organic due to Awarded Adj,0,61,,0,0,24,36,,  - ,  - ,  - ,  - ,  - ,  - ,  6 ,  6 ,  12 ,  9 ,  15 ,  12 ,  61 ,,,,,,,,,Sugarland Neurology,,,,,,,
Go-Get Organic,0,-2,,0,0,-1,-1,,  - ,  - ,  - ,  - ,  - ,  - ,  (0),  (0),  (0),  (0),  (0),  (0),  (2),,,,,,,,,Sugarland Neurology,,,,,,,
Trident (Phoenix),98,513,,0,98,176,337,,  - ,  - ,  - ,  19 ,  72 ,  7 ,  35 ,  52 ,  89 ,  120 ,  123 ,  95 ,  611 ,,,,,,,,,Trident (Phoenix),,,,,,,
Vaccine,0,0,,0,0,0,0,,  - ,  - ,  - ,  - ,  - ,  - ,  - ,  - ,  27 ,  112 ,  79 ,  12 ,  230 ,,,,,,,,,Trident (Phoenix),,,,,,,
Vaccine-Respiratory,0,230,,0,0,27,203,,  - ,  - ,  - ,  - ,  - ,  - ,  - ,  - ,  27 ,  112 ,  79 ,  12 ,  230 ,,,,,,,,,Trident (Phoenix),,,,,,,
Vaccine-Other,0,0,,0,0,0,0,,  - ,  - ,  - ,  - ,  - ,  - ,  - ,  - ,  - ,  - ,  - ,  - ,  - ,,,,,,,,,Trident (Phoenix),,,,,,,
Vaccine-COVID,0,0,,0,0,0,0,,  - ,  - ,  - ,  - ,  - ,  - ,  - ,  - ,  - ,  - ,  - ,  - ,  - ,,,,,,,,,Trident (Phoenix),,,,,,,
Vaccine-Influenza,0,0,,0,0,0,0,,  - ,  - ,  - ,  - ,  - ,  - ,  - ,  - ,  - ,  - ,  - ,  - ,  - ,,,,,,,,,Trident (Phoenix),,,,,,,
Non-Vaccine,102,264,,0,102,96,167,,  - ,  - ,  - ,  19 ,  72 ,  11 ,  21 ,  38 ,  49 ,  64 ,  59 ,  60 ,  393 ,,,,,,,,,Trident (Phoenix),,,,,,,
Cardiovascular,96,25,,0,96,19,7,,  - ,  - ,  - ,  19 ,  72 ,  5 ,  9 ,  3 ,  7 ,  5 ,  1 ,  1 ,  121 ,,,,,,,,,Trident (Phoenix),,,,,,,
Endocrine & Metabolism,6,184,,0,6,67,117,,  - ,  - ,  - ,  - ,  - ,  6 ,  12 ,  26 ,  29 ,  40 ,  38 ,  39 ,  190 ,,,,,,,,,Trident (Phoenix),,,,,,,
Obesity,0,9,,0,0,1,8,,  - ,  - ,  - ,  - ,  - ,  - ,  - ,  - ,  1 ,  2 ,  2 ,  3 ,  9 ,,,,,,,,,Trident (Phoenix),,,,,,,
General Medicine,,,,,,,,,  - ,  - ,  - ,  - ,  - ,  - ,  1 ,  8 ,  3 ,  4 ,  6 ,  5 ,  27 ,,,,,,,,,Trident (Phoenix),,,,,,,
Gastroenterology,0,45,,0,0,9,36,,  - ,  - ,  - ,  - ,  - ,  - ,  - ,  - ,  9 ,  12 ,  12 ,  12 ,  45 ,,,,,,,,,Trident (Phoenix),,,,,,,
Awarded Adjustment,0,0,,0,0,0,0,,  - ,  - ,  - ,  - ,  - ,  - ,  0 ,  0 ,  - ,  - ,  - ,  - ,  0 ,,,,,,,,,Trident (Phoenix),,,,,,,
Revenue Optimization - Enrolling Studies,0,2,,0,0,1,0,,  - ,  - ,  - ,  - ,  - ,  0 ,  1 ,  0 ,  0 ,  0 ,  0 ,  0 ,  2 ,,,,,,,,,Trident (Phoenix),,,,,,,
Risk Adjustments for Enrolling Trials,0,0,,0,0,0,0,,  - ,  - ,  - ,  - ,  - ,  - ,  (0),  - ,  - ,  - ,  - ,  - ,  (0),,,,,,,,,Trident (Phoenix),,,,,,,
Pipeline Adjustment,-4,-189,,0,-4,-33,-157,,  - ,  - ,  - ,  - ,  - ,  (4),  (5),  (5),  (23),  (84),  (60),  (13),  (194),,,,,,,,,Trident (Phoenix),,,,,,,
Budget Optimization,0,0,,0,0,0,0,,  - ,  - ,  - ,  - ,  - ,  - ,  - ,  - ,  - ,  - ,  - ,  - ,  - ,,,,,,,,,Trident (Phoenix),,,,,,,
Genuine Go-Get,0,181,,0,0,72,108,,  - ,  - ,  - ,  - ,  - ,  - ,  18 ,  18 ,  36 ,  27 ,  45 ,  36 ,  181 ,,,,,,,,,Trident (Phoenix),,,,,,,
Go-Get - Organic due to Enrolling Revenue Optimization,0,-2,,0,0,-1,-1,,  - ,  - ,  - ,  - ,  - ,  - ,  (0),  (0),  (0),  (0),  (1),  (0),  (2),,,,,,,,,Trident (Phoenix),,,,,,,
Go-Get - Organic due to Enrolling Adj.,0,0,,0,0,0,0,,  - ,  - ,  - ,  - ,  - ,  - ,  0 ,  0 ,  0 ,  0 ,  0 ,  0 ,  0 ,,,,,,,,,Trident (Phoenix),,,,,,,
Go-Get - Organic due to Budget Optimization,0,0,,0,0,0,0,,  - ,  - ,  - ,  - ,  - ,  - ,  - ,  - ,  - ,  - ,  - ,  - ,  - ,,,,,,,,,Trident (Phoenix),,,,,,,
Go-Get - Organic due to Pipeline Adj,0,194,,0,0,78,116,,  - ,  - ,  - ,  - ,  - ,  - ,  19 ,  19 ,  39 ,  29 ,  48 ,  39 ,  194 ,,,,,,,,,Trident (Phoenix),,,,,,,
Go-Get - Organic due to Awarded Adj,0,0,,0,0,0,0,,  - ,  - ,  - ,  - ,  - ,  - ,  (0),  (0),  (0),  (0),  (0),  (0),  (0),,,,,,,,,Trident (Phoenix),,,,,,,
Go-Get Organic,0,-11,,0,0,-4,-7,,  - ,  - ,  - ,  - ,  - ,  - ,  (1),  (1),  (2),  (2),  (3),  (2),  (11),,,,,,,,,Trident (Phoenix),,,,,,,
New Sites & M&A,0,"4,900",,0,0,"1,960","2,940",,  - ,  - ,  - ,  - ,  - ,  - ,  490 ,  490 ,  980 ,  735 ,"  1,225 ",  980 ,"  4,900 ",,,,,,,,,New Sites & M&A,,,,,,,
Vaccine,0,0,,0,0,0,0,,  - ,  - ,  - ,  - ,  - ,  - ,  - ,  - ,  - ,  - ,  - ,  - ,  - ,,,,,,,,,New Sites & M&A,,,,,,,
Vaccine-Other,0,0,,0,0,0,0,,  - ,  - ,  - ,  - ,  - ,  - ,  - ,  - ,  - ,  - ,  - ,  - ,  - ,,,,,,,,,New Sites & M&A,,,,,,,
Vaccine-Respiratory,0,0,,0,0,0,0,,  - ,  - ,  - ,  - ,  - ,  - ,  - ,  - ,  - ,  - ,  - ,  - ,  - ,,,,,,,,,New Sites & M&A,,,,,,,
Vaccine-COVID,0,0,,0,0,0,0,,  - ,  - ,  - ,  - ,  - ,  - ,  - ,  - ,  - ,  - ,  - ,  - ,  - ,,,,,,,,,New Sites & M&A,,,,,,,
Vaccine-Influenza,0,0,,0,0,0,0,,  - ,  - ,  - ,  - ,  - ,  - ,  - ,  - ,  - ,  - ,  - ,  - ,  - ,,,,,,,,,New Sites & M&A,,,,,,,
Non-Vaccine,0,0,,0,0,0,0,,  - ,  - ,  - ,  - ,  - ,  - ,  - ,  - ,  - ,  - ,  - ,  - ,  - ,,,,,,,,,New Sites & M&A,,,,,,,
Psychiatry,0,0,,0,0,0,0,,  - ,  - ,  - ,  - ,  - ,  - ,  - ,  - ,  - ,  - ,  - ,  - ,  - ,,,,,,,,,New Sites & M&A,,,,,,,
 General Medicine ,0,0,,0,0,0,0,,  - ,  - ,  - ,  - ,  - ,  - ,  - ,  - ,  - ,  - ,  - ,  - ,  - ,,,,,,,,,New Sites & M&A,,,,,,,
Rheumatology,0,0,,0,0,0,0,,  - ,  - ,  - ,  - ,  - ,  - ,  - ,  - ,  - ,  - ,  - ,  - ,  - ,,,,,,,,,New Sites & M&A,,,,,,,
Respiratory,0,0,,0,0,0,0,,  - ,  - ,  - ,  - ,  - ,  - ,  - ,  - ,  - ,  - ,  - ,  - ,  - ,,,,,,,,,New Sites & M&A,,,,,,,
Cardiovascular,0,0,,0,0,0,0,,  - ,  - ,  - ,  - ,  - ,  - ,  - ,  - ,  - ,  - ,  - ,  - ,  - ,,,,,,,,,New Sites & M&A,,,,,,,
Obesity,0,0,,0,0,0,0,,  - ,  - ,  - ,  - ,  - ,  - ,  - ,  - ,  - ,  - ,  - ,  - ,  - ,,,,,,,,,New Sites & M&A,,,,,,,
Gastroenterology,0,0,,0,0,0,0,,  - ,  - ,  - ,  - ,  - ,  - ,  - ,  - ,  - ,  - ,  - ,  - ,  - ,,,,,,,,,New Sites & M&A,,,,,,,
Endocrine & Metabolism,0,0,,0,0,0,0,,  - ,  - ,  - ,  - ,  - ,  - ,  - ,  - ,  - ,  - ,  - ,  - ,  - ,,,,,,,,,New Sites & M&A,,,,,,,
Allergy/Immunology,0,0,,0,0,0,0,,  - ,  - ,  - ,  - ,  - ,  - ,  - ,  - ,  - ,  - ,  - ,  - ,  - ,,,,,,,,,New Sites & M&A,,,,,,,
 Ophthalmology ,0,0,,0,0,0,0,,  - ,  - ,  - ,  - ,  - ,  - ,  - ,  - ,  - ,  - ,  - ,  - ,  - ,,,,,,,,,New Sites & M&A,,,,,,,
 Infectious Disease ,0,0,,0,0,0,0,,  - ,  - ,  - ,  - ,  - ,  - ,  - ,  - ,  - ,  - ,  - ,  - ,  - ,,,,,,,,,New Sites & M&A,,,,,,,
 CNS ,0,0,,0,0,0,0,,  - ,  - ,  - ,  - ,  - ,  - ,  - ,  - ,  - ,  - ,  - ,  - ,  - ,,,,,,,,,New Sites & M&A,,,,,,,
Revenue Optimization - Enrolling Studies,0,0,,0,0,0,0,,  - ,  - ,  - ,  - ,  - ,  - ,  - ,  - ,  - ,  - ,  - ,  - ,  - ,,,,,,,,,New Sites & M&A,,,,,,,
Awarded Adjustment,0,0,,0,0,0,0,,  - ,  - ,  - ,  - ,  - ,  - ,  - ,  - ,  - ,  - ,  - ,  - ,  - ,,,,,,,,,New Sites & M&A,,,,,,,
Revenue Optimization - Enrolling Studies,0,0,,0,0,0,0,,  - ,  - ,  - ,  - ,  - ,  - ,  - ,  - ,  - ,  - ,  - ,  - ,  - ,,,,,,,,,New Sites & M&A,,,,,,,
Risk Adjustments for Enrolling Trials,0,0,,0,0,0,0,,  - ,  - ,  - ,  - ,  - ,  - ,  - ,  - ,  - ,  - ,  - ,  - ,  - ,,,,,,,,,New Sites & M&A,,,,,,,
Pipeline Adjustment,0,0,,0,0,0,0,,  - ,  - ,  - ,  - ,  - ,  - ,  - ,  - ,  - ,  - ,  - ,  - ,  - ,,,,,,,,,New Sites & M&A,,,,,,,
Budget Optimization,0,0,,0,0,0,0,,  - ,  - ,  - ,  - ,  - ,  - ,  - ,  - ,  - ,  - ,  - ,  - ,  - ,,,,,,,,,New Sites & M&A,,,,,,,
Genuine Go-Get,0,"4,900",,0,0,"1,960","2,940",,  - ,  - ,  - ,  - ,  - ,  - ,  490 ,  490 ,  980 ,  735 ,"  1,225 ",  980 ,"  4,900 ",,,,,,,,,New Sites & M&A,,,,,,,
Go-Get - Organic due to Enrolling Revenue Optimization,0,0,,0,0,0,0,,  - ,  - ,  - ,  - ,  - ,  - ,  - ,  - ,  - ,  - ,  - ,  - ,  - ,,,,,,,,,New Sites & M&A,,,,,,,
Go-Get - Organic due to Enrolling Adj.,0,0,,0,0,0,0,,  - ,  - ,  - ,  - ,  - ,  - ,  - ,  - ,  - ,  - ,  - ,  - ,  - ,,,,,,,,,New Sites & M&A,,,,,,,
Go-Get - Organic due to Budget Optimization,0,0,,0,0,0,0,,  - ,  - ,  - ,  - ,  - ,  - ,  - ,  - ,  - ,  - ,  - ,  - ,  - ,,,,,,,,,New Sites & M&A,,,,,,,
Go-Get - Organic due to Enrolling Revenue Optimization,0,0,,0,0,0,0,,  - ,  - ,  - ,  - ,  - ,  - ,  - ,  - ,  - ,  - ,  - ,  - ,  - ,,,,,,,,,New Sites & M&A,,,,,,,
Go-Get - Organic due to Pipeline Adj,0,0,,0,0,0,0,,  - ,  - ,  - ,  - ,  - ,  - ,  - ,  - ,  - ,  - ,  - ,  - ,  - ,,,,,,,,,New Sites & M&A,,,,,,,
Go-Get - Organic due to Awarded Adj,0,0,,0,0,0,0,,  - ,  - ,  - ,  - ,  - ,  - ,  - ,  - ,  - ,  - ,  - ,  - ,  - ,,,,,,,,,New Sites & M&A,,,,,,,
Go-Get Organic,0,"4,900",,0,0,"1,960","2,940",,  - ,  - ,  - ,  - ,  - ,  - ,  490 ,  490 ,  980 ,  735 ,"  1,225 ",  980 ,"  4,900 ",,,,,,,,,New Sites & M&A,,,,,,,
,,,,,,,,,,,,,,,,,,,,,,,,,,,,,,,,,,,,,
Site Wise View (Study Level),"  39,545 ","  45,455 ",,"  21,785 ","  17,760 ","  18,601 ","  26,854 ",,"  6,359 ","  7,017 ","  8,408 ","  6,710 ","  6,993 ","  4,057 ","  5,421 ","  5,810 ","  7,370 ","  9,577 ","  8,834 ","  8,444 ","  85,000 ",,,,,,,,,,,,,,,,
Albuquerque,619,"1,667",,366,252,561,"1,106",,  169 ,  117 ,  80 ,  81 ,  93 ,  79 ,  125 ,  160 ,  277 ,  282 ,  407 ,  416 ,"  2,286 ",,,,,,,,,Albuquerque,,,,,Albuquerque,,
Backlog (Maintenance),617,215,,366,251,47,168,,  169 ,  117 ,  80 ,  81 ,  93 ,  77 ,  23 ,  6 ,  18 ,  33 ,  31 ,  105 ,  832 ,,,,,,,,,Albuquerque,,,,,,Backlog (Maintenance),
ABQ | mRNA-1010-P304,0,0,,0,0,0,0,,  - ,  - ,  0 ,  - ,  - ,  - ,  - ,  - ,  - ,  - ,  - ,  - ,  0 ,,,,,,,,,Albuquerque,,,,,,,ABQ | mRNA-1010-P304
ABQ | mRNA-1403-P301,309,110,,135,174,7,103,,  - ,  82 ,  53 ,  38 ,  87 ,  48 ,  7 ,  - ,  - ,  23 ,  31 ,  49 ,  419 ,,,,,,,,,Albuquerque,,,,,,,ABQ | mRNA-1403-P301
ABQ | NN9388-7864,29,0,,13,16,0,0,,  4 ,  5 ,  4 ,  8 ,  3 ,  4 ,  - ,  - ,  - ,  - ,  - ,  - ,  29 ,,,,,,,,,Albuquerque,,,,,,,ABQ | NN9388-7864
ABQ | mRNA-1403-P301 | AC,162,89,,115,48,25,64,,  115 ,  - ,  - ,  23 ,  - ,  24 ,  9 ,  1 ,  15 ,  9 ,  - ,  55 ,  252 ,,,,,,,,,Albuquerque,,,,,,,ABQ | mRNA-1403-P301 | AC
ABQ | C4591081,55,5,,48,8,5,0,,  29 ,  12 ,  6 ,  6 ,  1 ,  - ,  2 ,  3 ,  - ,  - ,  - ,  - ,  60 ,,,,,,,,,Albuquerque,,,,,,,ABQ | C4591081
ABQ | mRNA-1273_1283-P401,62,10,,56,6,10,0,,  21 ,  19 ,  16 ,  5 ,  2 ,  - ,  5 ,  2 ,  3 ,  - ,  - ,  - ,  72 ,,,,,,,,,Albuquerque,,,,,,,ABQ | mRNA-1273_1283-P401
Total Enrolling,0,0,,0,0,0,0,,  - ,  - ,  - ,  - ,  - ,  - ,  - ,  - ,  - ,  - ,  - ,  - ,  - ,,,,,,,,,Albuquerque,,,,,,Total Enrolling,
Enrolling,0,0,,0,0,0,0,,  - ,  - ,  - ,  - ,  - ,  - ,  - ,  - ,  - ,  - ,  - ,  - ,  - ,,,,,,,,,Albuquerque,,,,,,Enrolling,
#N/A,0,0,,0,0,0,0,,  - ,  - ,  - ,  - ,  - ,  - ,  - ,  - ,  - ,  - ,  - ,  - ,  - ,,,,,,,,,Albuquerque,,,,,,,#N/A
,0,0,,0,0,0,0,,  - ,  - ,  - ,  - ,  - ,  - ,  - ,  - ,  - ,  - ,  - ,  - ,  - ,,,,,,,,,Albuquerque,,,,,,,
Revenue Optimization - Enrolling Studies,0,0,,0,0,0,0,,  - ,  - ,  - ,  - ,  - ,  - ,  - ,  - ,  - ,  - ,  - ,  - ,  - ,,,,,,,,,Albuquerque,,,,,,Revenue Optimization - Enrolling Studies,
Risk Adjustments for Enrolling Trials,0,0,,0,0,0,0,,  - ,  - ,  - ,  - ,  - ,  - ,  - ,  - ,  - ,  - ,  - ,  - ,  - ,,,,,,,,,Albuquerque,,,,,,Risk Adjustments for Enrolling Trials,
Total Awarded,0,346,,0,0,37,309,,  - ,  - ,  - ,  - ,  - ,  - ,  - ,  - ,  10 ,  43 ,  60 ,  41 ,  153 ,,,,,,,,,Albuquerque,,,,,,Total Awarded,
Awarded,0,346,,0,0,37,309,,  - ,  - ,  - ,  - ,  - ,  - ,  - ,  - ,  37 ,  153 ,  103 ,  53 ,  346 ,,,,,,,,,Albuquerque,,,,,,Awarded,
Albuquerque | VCA23395 | Main Cohort 1 (Stage 2),0,207,,0,0,0,207,,  - ,  - ,  - ,  - ,  - ,  - ,  - ,  - ,  - ,  139 ,  56 ,  12 ,  207 ,,,,,,,,,Albuquerque,,,,,,,Albuquerque | VCA23395 | Main Cohort 1 (Stage 2)
Albuquerque | C6491014 |,0,79,,0,0,0,79,,  - ,  - ,  - ,  - ,  - ,  - ,  - ,  - ,  - ,  - ,  43 ,  36 ,  79 ,,,,,,,,,Albuquerque,,,,,,,Albuquerque | C6491014 |
Albuquerque | VCA23395 | Cohort 2 Sentinel (Stage 1),0,61,,0,0,37,23,,  - ,  - ,  - ,  - ,  - ,  - ,  - ,  - ,  37 ,  15 ,  3 ,  6 ,  61 ,,,,,,,,,Albuquerque,,,,,,,Albuquerque | VCA23395 | Cohort 2 Sentinel (Stage 1)
,0,0,,0,0,0,0,,  - ,  - ,  - ,  - ,  - ,  - ,  - ,  - ,  - ,  - ,  - ,  - ,  - ,,,,,,,,,,,,,,,,
Awarded Adjustment,0,-193,,0,0,-27,-166,,  - ,  - ,  - ,  - ,  - ,  - ,  - ,  - ,  (27),  (111),  (43),  (13),  (193),,,,,,,,,Albuquerque,,,,,,Awarded Adjustment,
Total Pipeline,2,348,,0,2,124,224,,0,0,0,0,0,2,7,58,58,64,79,81,  349 ,,,,,,,,,Albuquerque,,,,,,Total Pipeline,
Pipeline,6,375,,0,6,137,238,,  - ,  - ,  - ,  - ,  - ,  6 ,  11 ,  63 ,  63 ,  69 ,  84 ,  85 ,  381 ,,,,,,,,,Albuquerque,,,,,,Pipeline,
Albuquerque | D7266C00001 |,0,19,,0,0,6,14,,  - ,  - ,  - ,  - ,  - ,  - ,  1 ,  2 ,  2 ,  3 ,  3 ,  7 ,  19 ,,,,,,,,,Albuquerque,,,,,,,Albuquerque | D7266C00001 |
Albuquerque | D7265C00001 |,0,22,,0,0,10,13,,  - ,  - ,  - ,  - ,  - ,  - ,  - ,  8 ,  2 ,  3 ,  6 ,  4 ,  22 ,,,,,,,,,Albuquerque,,,,,,,Albuquerque | D7265C00001 |
Albuquerque | MK-5884-031 |,0,9,,0,0,0,9,,  - ,  - ,  - ,  - ,  - ,  - ,  - ,  - ,  - ,  - ,  6 ,  3 ,  9 ,,,,,,,,,Albuquerque,,,,,,,Albuquerque | MK-5884-031 |
Albuquerque | D7260C00015 |,0,30,,0,0,10,20,,  - ,  - ,  - ,  - ,  - ,  - ,  1 ,  4 ,  5 ,  7 ,  6 ,  7 ,  30 ,,,,,,,,,Albuquerque,,,,,,,Albuquerque | D7260C00015 |
Albuquerque | OAB71527 |,0,2,,0,0,1,1,,  - ,  - ,  - ,  - ,  - ,  - ,  - ,  0 ,  0 ,  0 ,  0 ,  0 ,  2 ,,,,,,,,,Albuquerque,,,,,,,Albuquerque | OAB71527 |
Albuquerque | J3L-MC-EZEF |,0,1,,0,0,0,1,,  - ,  - ,  - ,  - ,  - ,  - ,  - ,  - ,  - ,  - ,  0 ,  0 ,  1 ,,,,,,,,,Albuquerque,,,,,,,Albuquerque | J3L-MC-EZEF |
Albuquerque | D8750C00011 |,0,23,,0,0,9,14,,  - ,  - ,  - ,  - ,  - ,  - ,  - ,  4 ,  5 ,  5 ,  5 ,  5 ,  23 ,,,,,,,,,Albuquerque,,,,,,,Albuquerque | D8750C00011 |
Albuquerque | D8750C00014 |,0,68,,0,0,38,30,,  - ,  - ,  - ,  - ,  - ,  - ,  - ,  19 ,  20 ,  20 ,  10 ,  - ,  68 ,,,,,,,,,Albuquerque,,,,,,,Albuquerque | D8750C00014 |
Albuquerque | D8750C00010 |,0,20,,0,0,8,12,,  - ,  - ,  - ,  - ,  - ,  - ,  - ,  4 ,  4 ,  4 ,  4 ,  4 ,  20 ,,,,,,,,,Albuquerque,,,,,,,Albuquerque | D8750C00010 |
Albuquerque | D8750C00012 |,0,46,,0,0,18,28,,  - ,  - ,  - ,  - ,  - ,  - ,  - ,  9 ,  9 ,  9 ,  9 ,  9 ,  46 ,,,,,,,,,Albuquerque,,,,,,,Albuquerque | D8750C00012 |
Albuquerque | D8790C00001 |,0,5,,0,0,2,2,,  - ,  - ,  - ,  - ,  - ,  - ,  1 ,  1 ,  1 ,  1 ,  1 ,  1 ,  5 ,,,,,,,,,Albuquerque,,,,,,,Albuquerque | D8790C00001 |
Albuquerque | D7261C00003 |,0,1,,0,0,1,1,,  - ,  - ,  - ,  - ,  - ,  - ,  0 ,  0 ,  0 ,  0 ,  0 ,  0 ,  1 ,,,,,,,,,Albuquerque,,,,,,,Albuquerque | D7261C00003 |
Albuquerque | J2A-MC-GZVA |,6,37,,0,6,19,19,,  - ,  - ,  - ,  - ,  - ,  6 ,  6 ,  6 ,  6 ,  6 ,  6 ,  6 ,  44 ,,,,,,,,,Albuquerque,,,,,,,Albuquerque | J2A-MC-GZVA |
Albuquerque | D7961C00001 |,0,15,,0,0,3,12,,  - ,  - ,  - ,  - ,  - ,  - ,  - ,  - ,  3 ,  4 ,  4 ,  4 ,  15 ,,,,,,,,,Albuquerque,,,,,,,Albuquerque | D7961C00001 |
Albuquerque | 300743 |,0,5,,0,0,2,3,,  - ,  - ,  - ,  - ,  - ,  - ,  - ,  1 ,  1 ,  1 ,  1 ,  1 ,  5 ,,,,,,,,,Albuquerque,,,,,,,Albuquerque | 300743 |
Albuquerque | 300742 |,0,5,,0,0,2,3,,  - ,  - ,  - ,  - ,  - ,  - ,  - ,  1 ,  1 ,  1 ,  1 ,  1 ,  5 ,,,,,,,,,Albuquerque,,,,,,,Albuquerque | 300742 |
Albuquerque | NOE115-VMS-202 |,0,21,,0,0,10,12,,  - ,  - ,  - ,  - ,  - ,  - ,  2 ,  4 ,  4 ,  4 ,  4 ,  4 ,  21 ,,,,,,,,,Albuquerque,,,,,,,Albuquerque | NOE115-VMS-202 |
Albuquerque | NN9489-8035 |,0,9,,0,0,0,9,,  - ,  - ,  - ,  - ,  - ,  - ,  - ,  - ,  - ,  - ,  3 ,  6 ,  9 ,,,,,,,,,Albuquerque,,,,,,,Albuquerque | NN9489-8035 |
Albuquerque | NN9489-8034 |,0,9,,0,0,0,9,,  - ,  - ,  - ,  - ,  - ,  - ,  - ,  - ,  - ,  - ,  3 ,  6 ,  9 ,,,,,,,,,Albuquerque,,,,,,,Albuquerque | NN9489-8034 |
Albuquerque | NN9489-8033 |,0,9,,0,0,0,9,,  - ,  - ,  - ,  - ,  - ,  - ,  - ,  - ,  - ,  - ,  3 ,  6 ,  9 ,,,,,,,,,Albuquerque,,,,,,,Albuquerque | NN9489-8033 |
Albuquerque | NN9489-8449 |,0,3,,0,0,0,3,,  - ,  - ,  - ,  - ,  - ,  - ,  - ,  - ,  - ,  - ,  1 ,  2 ,  3 ,,,,,,,,,Albuquerque,,,,,,,Albuquerque | NN9489-8449 |
Albuquerque | 783653 |,0,8,,0,0,0,8,,  - ,  - ,  - ,  - ,  - ,  - ,  - ,  - ,  - ,  - ,  4 ,  4 ,  8 ,,,,,,,,,Albuquerque,,,,,,,Albuquerque | 783653 |
Albuquerque | 783652 |,0,8,,0,0,0,8,,  - ,  - ,  - ,  - ,  - ,  - ,  - ,  - ,  - ,  - ,  4 ,  4 ,  8 ,,,,,,,,,Albuquerque,,,,,,,Albuquerque | 783652 |
Pipeline Adjustment,-4,-27,,0,-4,-14,-14,,  - ,  - ,  - ,  - ,  - ,  (4),  (5),  (5),  (4),  (5),  (4),  (5),  (32),,,,,,,,,Albuquerque,,,,,,Pipeline Adjustment,
Budget Optimization,0,0,,0,0,0,0,,  - ,  - ,  - ,  - ,  - ,  - ,  - ,  - ,  - ,  - ,  - ,  - ,  - ,,,,,,,,,Albuquerque,,,,,,Budget Optimization,
Genuine Go-Get,0,951,,0,0,381,571,,  - ,  - ,  - ,  - ,  - ,  - ,  95 ,  95 ,  190 ,  143 ,  238 ,  190 ,  951 ,,,,,,,,,Albuquerque,,,,,,Genuine Go-Get,
Go-Get - Organic due to Enrolling Revenue Optimization,0,0,,0,0,0,0,,  - ,  - ,  - ,  - ,  - ,  - ,  - ,  - ,  - ,  - ,  - ,  - ,  - ,,,,,,,,,Albuquerque,,,,,,Go-Get - Organic due to Enrolling Revenue Optimization,
Go-Get - Organic due to Enrolling Adj.,0,0,,0,0,0,0,,  - ,  - ,  - ,  - ,  - ,  - ,  - ,  - ,  - ,  - ,  - ,  - ,  - ,,,,,,,,,Albuquerque,,,,,,Go-Get - Organic due to Enrolling Adj.,
Go-Get - Organic due to Budget Optimization,0,0,,0,0,0,0,,  - ,  - ,  - ,  - ,  - ,  - ,  - ,  - ,  - ,  - ,  - ,  - ,  - ,,,,,,,,,Albuquerque,,,,,,Go-Get - Organic due to Budget Optimization,
Go-Get - Organic due to Pipeline Adj,0,32,,0,0,13,19,,  - ,  - ,  - ,  - ,  - ,  - ,  3 ,  3 ,  6 ,  5 ,  8 ,  6 ,  32 ,,,,,,,,,Albuquerque,,,,,,Go-Get - Organic due to Pipeline Adj,
Go-Get - Organic due to Awarded Adj,0,193,,0,0,77,116,,  - ,  - ,  - ,  - ,  - ,  - ,  19 ,  19 ,  39 ,  29 ,  48 ,  39 ,  193 ,,,,,,,,,Albuquerque,,,,,,Go-Get - Organic due to Awarded Adj,
Go-Get Organic,0,727,,0,0,291,436,,  - ,  - ,  - ,  - ,  - ,  - ,  73 ,  73 ,  145 ,  109 ,  182 ,  145 ,  727 ,,,,,,,,,Albuquerque,,,,,,Go-Get Organic,
Brooklyn,134,721,,67,67,219,502,,  33 ,  12 ,  22 ,  25 ,  18 ,  24 ,  60 ,  76 ,  83 ,  131 ,  175 ,  196 ,  855 ,,,,,,,,,Brooklyn,,,,,Brooklyn,,
Backlog (Maintenance),13,9,,2,11,0,9,,  1 ,  - ,  1 ,  5 ,  2 ,  3 ,  - ,  - ,  - ,  3 ,  1 ,  5 ,  22 ,,,,,,,,,Brooklyn,,,,,,Backlog (Maintenance),
AOM | mRNA-1010-P304,0,0,,0,0,0,0,,  - ,  - ,  0 ,  - ,  - ,  - ,  - ,  - ,  - ,  - ,  - ,  - ,  0 ,,,,,,,,,Brooklyn,,,,,,,AOM | mRNA-1010-P304
AOM | mRNA-1403-P301,13,9,,2,11,0,9,,  1 ,  - ,  1 ,  5 ,  2 ,  3 ,  - ,  - ,  - ,  3 ,  1 ,  5 ,  22 ,,,,,,,,,Brooklyn,,,,,,,AOM | mRNA-1403-P301
Total Enrolling,118,180,,65,53,84,96,,  32 ,  12 ,  21 ,  20 ,  16 ,  18 ,  35 ,  34 ,  22 ,  31 ,  40 ,  33 ,  313 ,,,,,,,,,Brooklyn,,,,,,Total Enrolling,
Enrolling,118,180,,65,53,84,96,,  32 ,  12 ,  21 ,  20 ,  16 ,  17 ,  32 ,  31 ,  20 ,  29 ,  37 ,  31 ,  298 ,,,,,,,,,Brooklyn,,,,,,Enrolling,
AOM | D6973C00001,118,180,,65,53,84,96,,  32 ,  12 ,  21 ,  20 ,  16 ,  17 ,  32 ,  31 ,  20 ,  29 ,  37 ,  31 ,  298 ,,,,,,,,,Brooklyn,,,,,,,AOM | D6973C00001
Revenue Optimization - Enrolling Studies,1,14,,0,1,7,8,,  - ,  - ,  - ,  - ,  - ,  1 ,  3 ,  2 ,  2 ,  2 ,  3 ,  2 ,  16 ,,,,,,,,,Brooklyn,,,,,,Revenue Optimization - Enrolling Studies,
Risk Adjustments for Enrolling Trials,0,0,,0,0,0,0,,  - ,  - ,  - ,  - ,  - ,  - ,  (0),  - ,  - ,  - ,  - ,  - ,  (0),,,,,,,,,Brooklyn,,,,,,Risk Adjustments for Enrolling Trials,
Total Awarded,0,242,,0,0,41,201,,  - ,  - ,  - ,  - ,  - ,  - ,  6 ,  12 ,  23 ,  53 ,  66 ,  82 ,  242 ,,,,,,,,,Brooklyn,,,,,,Total Awarded,
Awarded,0,242,,0,0,41,201,,  - ,  - ,  - ,  - ,  - ,  - ,  6 ,  12 ,  23 ,  53 ,  66 ,  82 ,  242 ,,,,,,,,,Brooklyn,,,,,,Awarded,
AOM (Brooklyn) | ENERGI-F703-04 |,0,88,,0,0,36,52,,  - ,  - ,  - ,  - ,  - ,  - ,  6 ,  12 ,  18 ,  21 ,  18 ,  13 ,  88 ,,,,,,,,,Brooklyn,,,,,,,AOM (Brooklyn) | ENERGI-F703-04 |
AOM (Brooklyn) | R5713-5715-ALG-2556 |,0,154,,0,0,5,148,,  - ,  - ,  - ,  - ,  - ,  - ,  - ,  - ,  5 ,  33 ,  48 ,  68 ,  154 ,,,,,,,,,Brooklyn,,,,,,,AOM (Brooklyn) | R5713-5715-ALG-2556 |
Awarded Adjustment,0,0,,0,0,0,0,,  - ,  - ,  - ,  - ,  - ,  - ,  - ,  - ,  - ,  - ,  - ,  - ,  - ,,,,,,,,,Brooklyn,,,,,,Awarded Adjustment,
Total Pipeline,2,175,,0,2,47,127,,  - ,  - ,  - ,  - ,  - ,  2 ,  9 ,  20 ,  18 ,  29 ,  43 ,  56 ,  177 ,,,,,,,,,,,,,,,Total Pipeline,
Pipeline,6,202,,0,6,61,141,,  - ,  - ,  - ,  - ,  - ,  6 ,  13 ,  25 ,  23 ,  33 ,  47 ,  61 ,  208 ,,,,,,,,,Brooklyn,,,,,,Pipeline,
AOM (Brooklyn) | D7266C00001 |,0,54,,0,0,16,38,,  - ,  - ,  - ,  - ,  - ,  - ,  4 ,  5 ,  7 ,  8 ,  10 ,  20 ,  54 ,,,,,,,,,Brooklyn,,,,,,,AOM (Brooklyn) | D7266C00001 |
AOM (Brooklyn) | D7261C00006 |,0,32,,0,0,13,19,,  - ,  - ,  - ,  - ,  - ,  - ,  2 ,  4 ,  6 ,  11 ,  4 ,  4 ,  32 ,,,,,,,,,Brooklyn,,,,,,,AOM (Brooklyn) | D7261C00006 |
AOM (Brooklyn) | D7265C00001,0,22,,0,0,10,13,,  - ,  - ,  - ,  - ,  - ,  - ,  - ,  8 ,  2 ,  3 ,  6 ,  4 ,  22 ,,,,,,,,,Brooklyn,,,,,,,AOM (Brooklyn) | D7265C00001
AOM (Brooklyn) | NN9489-8034 |,0,11,,0,0,0,11,,  - ,  - ,  - ,  - ,  - ,  - ,  - ,  - ,  - ,  - ,  4 ,  7 ,  11 ,,,,,,,,,Brooklyn,,,,,,,AOM (Brooklyn) | NN9489-8034 |
AOM (Brooklyn) | 80120522 |,0,8,,0,0,0,8,,  - ,  - ,  - ,  - ,  - ,  - ,  - ,  - ,  - ,  - ,  3 ,  5 ,  8 ,,,,,,,,,Brooklyn,,,,,,,AOM (Brooklyn) | 80120522 |
AOM (Brooklyn) | OAB71527 |,0,2,,0,0,1,1,,  - ,  - ,  - ,  - ,  - ,  - ,  - ,  0 ,  0 ,  0 ,  0 ,  0 ,  2 ,,,,,,,,,Brooklyn,,,,,,,AOM (Brooklyn) | OAB71527 |
AOM (Brooklyn) | J3L-MC-EZEF |,0,1,,0,0,0,1,,  - ,  - ,  - ,  - ,  - ,  - ,  - ,  - ,  - ,  - ,  0 ,  0 ,  1 ,,,,,,,,,Brooklyn,,,,,,,AOM (Brooklyn) | J3L-MC-EZEF |
AOM (Brooklyn) | D8790C00001 |,0,5,,0,0,2,2,,  - ,  - ,  - ,  - ,  - ,  - ,  1 ,  1 ,  1 ,  1 ,  1 ,  1 ,  5 ,,,,,,,,,Brooklyn,,,,,,,AOM (Brooklyn) | D8790C00001 |
AOM (Brooklyn) | RAB35102 |,0,1,,0,0,1,1,,  - ,  - ,  - ,  - ,  - ,  0 ,  0 ,  0 ,  0 ,  0 ,  0 ,  0 ,  2 ,,,,,,,,,Brooklyn,,,,,,,AOM (Brooklyn) | RAB35102 |
AOM (Brooklyn) | J2A-MC-GZVA |,6,37,,0,6,19,19,,  - ,  - ,  - ,  - ,  - ,  6 ,  6 ,  6 ,  6 ,  6 ,  6 ,  6 ,  44 ,,,,,,,,,Brooklyn,,,,,,,AOM (Brooklyn) | J2A-MC-GZVA |
AOM (Brooklyn) | 2513T1632 |,0,11,,0,0,0,11,,  - ,  - ,  - ,  - ,  - ,  - ,  - ,  - ,  - ,  4 ,  4 ,  4 ,  11 ,,,,,,,,,Brooklyn,,,,,,,AOM (Brooklyn) | 2513T1632 |
AOM (Brooklyn) | 783652 |,0,8,,0,0,0,8,,  - ,  - ,  - ,  - ,  - ,  - ,  - ,  - ,  - ,  - ,  4 ,  4 ,  8 ,,,,,,,,,Brooklyn,,,,,,,AOM (Brooklyn) | 783652 |
AOM (Brooklyn) | 783653 |,0,8,,0,0,0,8,,  - ,  - ,  - ,  - ,  - ,  - ,  - ,  - ,  - ,  - ,  4 ,  4 ,  8 ,,,,,,,,,Brooklyn,,,,,,,AOM (Brooklyn) | 783653 |
,0,0,,0,0,0,0,,  - ,  - ,  - ,  - ,  - ,  - ,  - ,  - ,  - ,  - ,  - ,  - ,  - ,,,,,,,,,Brooklyn,,,,,,,
,0,0,,0,0,0,0,,  - ,  - ,  - ,  - ,  - ,  - ,  - ,  - ,  - ,  - ,  - ,  - ,  - ,,,,,,,,,Brooklyn,,,,,,,
,0,0,,0,0,0,0,,  - ,  - ,  - ,  - ,  - ,  - ,  - ,  - ,  - ,  - ,  - ,  - ,  - ,,,,,,,,,Brooklyn,,,,,,,
,0,0,,0,0,0,0,,  - ,  - ,  - ,  - ,  - ,  - ,  - ,  - ,  - ,  - ,  - ,  - ,  - ,,,,,,,,,Brooklyn,,,,,,,
,0,0,,0,0,0,0,,  - ,  - ,  - ,  - ,  - ,  - ,  - ,  - ,  - ,  - ,  - ,  - ,  - ,,,,,,,,,Brooklyn,,,,,,,
,0,0,,0,0,0,0,,  - ,  - ,  - ,  - ,  - ,  - ,  - ,  - ,  - ,  - ,  - ,  - ,  - ,,,,,,,,,Brooklyn,,,,,,,
,0,0,,0,0,0,0,,  - ,  - ,  - ,  - ,  - ,  - ,  - ,  - ,  - ,  - ,  - ,  - ,  - ,,,,,,,,,Brooklyn,,,,,,,
,0,0,,0,0,0,0,,  - ,  - ,  - ,  - ,  - ,  - ,  - ,  - ,  - ,  - ,  - ,  - ,  - ,,,,,,,,,Brooklyn,,,,,,,
,0,0,,0,0,0,0,,  - ,  - ,  - ,  - ,  - ,  - ,  - ,  - ,  - ,  - ,  - ,  - ,  - ,,,,,,,,,Brooklyn,,,,,,,
Pipeline Adjustment,-4,-27,,0,-4,-14,-14,,  - ,  - ,  - ,  - ,  - ,  (4),  (5),  (5),  (4),  (5),  (4),  (5),  (32),,,,,,,,,Brooklyn,,,,,,Pipeline Adjustment,
Budget Optimization,0,0,,0,0,0,0,,  - ,  - ,  - ,  - ,  - ,  - ,  - ,  - ,  - ,  - ,  - ,  - ,  - ,,,,,,,,,Brooklyn,,,,,,Budget Optimization,
Genuine Go-Get,0,101,,0,0,40,61,,  - ,  - ,  - ,  - ,  - ,  - ,  10 ,  10 ,  20 ,  15 ,  25 ,  20 ,  101 ,,,,,,,,,Brooklyn,,,,,,Genuine Go-Get,
Go-Get - Organic due to Enrolling Revenue Optimization,0,-16,,0,0,-6,-9,,  - ,  - ,  - ,  - ,  - ,  - ,  (2),  (2),  (3),  (2),  (4),  (3),  (16),,,,,,,,,Brooklyn,,,,,,Go-Get - Organic due to Enrolling Revenue Optimization,
Go-Get - Organic due to Enrolling Adj.,0,0,,0,0,0,0,,  - ,  - ,  - ,  - ,  - ,  - ,  0 ,  0 ,  0 ,  0 ,  0 ,  0 ,  0 ,,,,,,,,,Brooklyn,,,,,,Go-Get - Organic due to Enrolling Adj.,
Go-Get - Organic due to Budget Optimization,0,0,,0,0,0,0,,  - ,  - ,  - ,  - ,  - ,  - ,  - ,  - ,  - ,  - ,  - ,  - ,  - ,,,,,,,,,Brooklyn,,,,,,Go-Get - Organic due to Budget Optimization,
Go-Get - Organic due to Pipeline Adj,0,32,,0,0,13,19,,  - ,  - ,  - ,  - ,  - ,  - ,  3 ,  3 ,  6 ,  5 ,  8 ,  6 ,  32 ,,,,,,,,,Brooklyn,,,,,,Go-Get - Organic due to Pipeline Adj,
Go-Get - Organic due to Awarded Adj,0,0,,0,0,0,0,,  - ,  - ,  - ,  - ,  - ,  - ,  - ,  - ,  - ,  - ,  - ,  - ,  - ,,,,,,,,,Brooklyn,,,,,,Go-Get - Organic due to Awarded Adj,
Go-Get Organic,0,85,,0,0,34,51,,  - ,  - ,  - ,  - ,  - ,  - ,  8 ,  8 ,  17 ,  13 ,  21 ,  17 ,  85 ,,,,,,,,,Brooklyn,,,,,,Go-Get Organic,
Bellaire,"1,173","3,183",,717,456,"1,062","2,121",,  284 ,  248 ,  185 ,  240 ,  155 ,  62 ,  137 ,  283 ,  642 ,  909 ,  674 ,  538 ,"  4,356 ",,,,,,,,,Bellaire,,,,,Bellaire,,
Backlog (Maintenance),"1,001",333,,642,359,72,261,,  269 ,  235 ,  138 ,  173 ,  133 ,  53 ,  22 ,  17 ,  33 ,  90 ,  57 ,  114 ,"  1,333 ",,,,,,,,,Bellaire,,,,,,Backlog (Maintenance),
BEL | mRNA-1273-P306,8,0,,8,0,0,0,,  - ,  8 ,  - ,  - ,  - ,  - ,  - ,  - ,  - ,  - ,  - ,  - ,  8 ,,,,,,,,,Bellaire,,,,,,,BEL | mRNA-1273-P306
BEL | C3671013,23,0,,17,6,0,0,,  1 ,  6 ,  9 ,  6 ,  - ,  - ,  - ,  - ,  - ,  - ,  - ,  - ,  23 ,,,,,,,,,Bellaire,,,,,,,BEL | C3671013
BEL | C4591001,-2,0,,0,-2,0,0,,  - ,  - ,  - ,  (2),  - ,  - ,  - ,  - ,  - ,  - ,  - ,  - ,  (2),,,,,,,,,Bellaire,,,,,,,BEL | C4591001
BEL | BHV4157-209,22,6,,5,17,3,3,,  5 ,  - ,  - ,  17 ,  - ,  - ,  - ,  - ,  3 ,  - ,  - ,  3 ,  28 ,,,,,,,,,Bellaire,,,,,,,BEL | BHV4157-209
BEL | BHV4157-302,2,0,,2,0,0,0,,  2 ,  - ,  - ,  - ,  - ,  - ,  - ,  - ,  - ,  - ,  - ,  - ,  2 ,,,,,,,,,Bellaire,,,,,,,BEL | BHV4157-302
BEL | V503-049,10,0,,1,9,0,0,,  1 ,  - ,  - ,  - ,  9 ,  - ,  - ,  - ,  - ,  - ,  - ,  - ,  10 ,,,,,,,,,Bellaire,,,,,,,BEL | V503-049
BEL | 209671,-7,0,,-5,-3,0,0,,  - ,  - ,  (5),  (3),  - ,  - ,  - ,  - ,  - ,  - ,  - ,  - ,  (7),,,,,,,,,Bellaire,,,,,,,BEL | 209671
BEL | mRNA-CRID-001,1,0,,1,0,0,0,,  1 ,  - ,  - ,  - ,  - ,  - ,  - ,  - ,  - ,  - ,  - ,  - ,  1 ,,,,,,,,,Bellaire,,,,,,,BEL | mRNA-CRID-001
BEL | EBSI-CV-317-008,13,5,,4,9,1,3,,  - ,  2 ,  2 ,  2 ,  3 ,  4 ,  - ,  - ,  1 ,  1 ,  0 ,  2 ,  17 ,,,,,,,,,Bellaire,,,,,,,BEL | EBSI-CV-317-008
BEL | VAN00010 Adult,4,0,,4,0,0,0,,  - ,  - ,  4 ,  - ,  - ,  - ,  - ,  - ,  - ,  - ,  - ,  - ,  4 ,,,,,,,,,Bellaire,,,,,,,BEL | VAN00010 Adult
BEL | ALN-AGT01-007,5,0,,0,5,0,0,,  (0),  - ,  - ,  5 ,  - ,  - ,  - ,  - ,  - ,  - ,  - ,  - ,  5 ,,,,,,,,,Bellaire,,,,,,,BEL | ALN-AGT01-007
BEL | mRNA-1010-P304,5,0,,5,0,0,0,,  - ,  0 ,  5 ,  - ,  - ,  - ,  - ,  - ,  - ,  - ,  - ,  - ,  5 ,,,,,,,,,Bellaire,,,,,,,BEL | mRNA-1010-P304
BEL | C3671013 SSC,1,0,,0,1,0,0,,  - ,  - ,  - ,  - ,  1 ,  - ,  - ,  - ,  - ,  - ,  - ,  - ,  1 ,,,,,,,,,Bellaire,,,,,,,BEL | C3671013 SSC
BEL | mRNA-1403-P301,419,147,,220,199,3,143,,  - ,  144 ,  76 ,  82 ,  108 ,  9 ,  3 ,  - ,  - ,  77 ,  56 ,  9 ,  566 ,,,,,,,,,Bellaire,,,,,,,BEL | mRNA-1403-P301
BEL | CVXGA-003,27,0,,27,0,0,0,,  24 ,  2 ,  - ,  0 ,  - ,  - ,  - ,  - ,  - ,  - ,  - ,  - ,  27 ,,,,,,,,,Bellaire,,,,,,,BEL | CVXGA-003
BEL | 382-201-00001,21,0,,21,0,0,0,,  - ,  21 ,  - ,  (0),  - ,  - ,  - ,  - ,  - ,  - ,  - ,  - ,  21 ,,,,,,,,,Bellaire,,,,,,,BEL | 382-201-00001
BEL | K-645-P003,2,0,,2,0,0,0,,  2 ,  - ,  - ,  - ,  - ,  - ,  - ,  - ,  - ,  - ,  - ,  - ,  2 ,,,,,,,,,Bellaire,,,,,,,BEL | K-645-P003
BEL | NN9388-7864,16,0,,7,9,0,0,,  2 ,  4 ,  1 ,  2 ,  7 ,  - ,  - ,  - ,  - ,  - ,  - ,  - ,  16 ,,,,,,,,,Bellaire,,,,,,,BEL | NN9388-7864
BEL | mRNA-1403-P301 | AC,261,151,,178,83,40,111,,  178 ,  - ,  - ,  45 ,  - ,  39 ,  12 ,  7 ,  21 ,  12 ,  - ,  99 ,  412 ,,,,,,,,,Bellaire,,,,,,,BEL | mRNA-1403-P301 | AC
BEL | C4591081,53,6,,45,7,6,0,,  22 ,  17 ,  7 ,  5 ,  2 ,  - ,  - ,  5 ,  1 ,  - ,  - ,  - ,  59 ,,,,,,,,,Bellaire,,,,,,,BEL | C4591081
BEL | mRNA-1273_1283-P401,117,18,,100,17,18,0,,  31 ,  30 ,  39 ,  13 ,  2 ,  2 ,  7 ,  5 ,  6 ,  - ,  - ,  - ,  135 ,,,,,,,,,Bellaire,,,,,,,BEL | mRNA-1273_1283-P401
,0,0,,0,0,0,0,,  - ,  - ,  - ,  - ,  - ,  - ,  - ,  - ,  - ,  - ,  - ,  - ,  - ,,,,,,,,,Bellaire,,,,,,,
,0,0,,0,0,0,0,,  - ,  - ,  - ,  - ,  - ,  - ,  - ,  - ,  - ,  - ,  - ,  - ,  - ,,,,,,,,,Bellaire,,,,,,,
,0,0,,0,0,0,0,,  - ,  - ,  - ,  - ,  - ,  - ,  - ,  - ,  - ,  - ,  - ,  - ,  - ,,,,,,,,,Bellaire,,,,,,,
Total Enrolling,166,639,,75,91,221,418,,  15 ,  13 ,  47 ,  67 ,  21 ,  2 ,  1 ,  73 ,  151 ,  181 ,  134 ,  104 ,  810 ,,,,,,,,,Bellaire,,,,,,Total Enrolling,
Enrolling,166,639,,75,91,221,418,,  15 ,  13 ,  47 ,  67 ,  21 ,  2 ,  1 ,  71 ,  148 ,  180 ,  134 ,  104 ,  805 ,,,,,,,,,Bellaire,,,,,,Enrolling,
BEL | ITI-007-505,0,237,,0,0,63,174,,  - ,  - ,  - ,  - ,  - ,  - ,  - ,  16 ,  47 ,  68 ,  57 ,  49 ,  237 ,,,,,,,,,Bellaire,,,,,,,BEL | ITI-007-505
BEL | 42847922MDD3003,12,0,,12,0,0,0,,  (0),  - ,  12 ,  0 ,  0 ,  - ,  - ,  - ,  - ,  - ,  - ,  - ,  12 ,,,,,,,,,Bellaire,,,,,,,BEL | 42847922MDD3003
BEL | ALTO-100-211,0,22,,0,0,11,11,,  - ,  - ,  - ,  - ,  - ,  - ,  - ,  6 ,  4 ,  4 ,  3 ,  4 ,  22 ,,,,,,,,,Bellaire,,,,,,,BEL | ALTO-100-211
BEL | VP-VYV-683-3102,17,70,,17,0,24,46,,  - ,  17 ,  - ,  - ,  - ,  - ,  - ,  10 ,  14 ,  22 ,  12 ,  12 ,  87 ,,,,,,,,,Bellaire,,,,,,,BEL | VP-VYV-683-3102
BEL | VP-VHX-896-3201,69,118,,17,51,29,88,,  4 ,  (4),  17 ,  39 ,  10 ,  2 ,  1 ,  7 ,  21 ,  30 ,  32 ,  27 ,  186 ,,,,,,,,,Bellaire,,,,,,,BEL | VP-VHX-896-3201
Bellaire | VP-VQW-765-3201,12,44,,12,0,33,11,,  12 ,  - ,  - ,  - ,  - ,  - ,  - ,  15 ,  18 ,  8 ,  4 ,  - ,  56 ,,,,,,,,,Bellaire,,,,,,,Bellaire | VP-VQW-765-3201
Bellaire | 821P203 |,57,148,,18,39,61,87,,  - ,  - ,  18 ,  28 ,  12 ,  - ,  - ,  18 ,  43 ,  48 ,  27 ,  13 ,  205 ,,,,,,,,,Bellaire,,,,,,,Bellaire | 821P203 |
,0,0,,0,0,0,0,,  - ,  - ,  - ,  - ,  - ,  - ,  - ,  - ,  - ,  - ,  - ,  - ,  - ,,,,,,,,,Bellaire,,,,,,,
,0,0,,0,0,0,0,,  - ,  - ,  - ,  - ,  - ,  - ,  - ,  - ,  - ,  - ,  - ,  - ,  - ,,,,,,,,,Bellaire,,,,,,,
Revenue Optimization - Enrolling Studies,0,6,,0,0,4,1,,  - ,  - ,  - ,  - ,  - ,  - ,  - ,  1 ,  3 ,  1 ,  1 ,  (1),  6 ,,,,,,,,,Bellaire,,,,,,Revenue Optimization - Enrolling Studies,
Risk Adjustments for Enrolling Trials,0,0,,0,0,0,0,,  - ,  - ,  - ,  - ,  - ,  0 ,  - ,  - ,  - ,  - ,  - ,  - ,  0 ,,,,,,,,,Bellaire,,,,,,Risk Adjustments for Enrolling Trials,
Total Awarded,0,"1,493",,0,0,238,"1,255",,  - ,  - ,  - ,  - ,  - ,  - ,  1 ,  81 ,  152 ,  352 ,  175 ,  68 ,  830 ,,,,,,,,,Bellaire,,,,,,Total Awarded,
Awarded,0,"1,493",,0,0,238,"1,255",,  - ,  - ,  - ,  - ,  - ,  - ,  1 ,  82 ,  155 ,  908 ,  267 ,  80 ,"  1,493 ",,,,,,,,,Bellaire,,,,,,Awarded,
Bellaire | MDD3011 |,0,101,,0,0,52,49,,  - ,  - ,  - ,  - ,  - ,  - ,  - ,  17 ,  34 ,  26 ,  20 ,  3 ,  101 ,,,,,,,,,Bellaire,,,,,,,Bellaire | MDD3011 |
Bellaire | K-304-P005 | Long-Term Safety,0,40,,0,0,10,30,,  - ,  - ,  - ,  - ,  - ,  - ,  - ,  2 ,  8 ,  9 ,  11 ,  11 ,  40 ,,,,,,,,,Bellaire,,,,,,,Bellaire | K-304-P005 | Long-Term Safety
Bellaire | K-304 P003 |,0,90,,0,0,50,39,,  - ,  - ,  - ,  - ,  - ,  - ,  - ,  22 ,  28 ,  17 ,  22 ,  - ,  90 ,,,,,,,,,Bellaire,,,,,,,Bellaire | K-304 P003 |
Bellaire | VCA23395 | Main Cohort 1 (Stage 2),0,207,,0,0,0,207,,  - ,  - ,  - ,  - ,  - ,  - ,  - ,  - ,  - ,  139 ,  56 ,  12 ,  207 ,,,,,,,,,Bellaire,,,,,,,Bellaire | VCA23395 | Main Cohort 1 (Stage 2)
Bellaire | ML-007C-MA-212 |,0,62,,0,0,23,39,,  - ,  - ,  - ,  - ,  - ,  - ,  - ,  8 ,  15 ,  14 ,  17 ,  8 ,  62 ,,,,,,,,,Bellaire,,,,,,,Bellaire | ML-007C-MA-212 |
Bellaire | 382-201-00034 |,0,86,,0,0,24,62,,  - ,  - ,  - ,  - ,  - ,  - ,  - ,  7 ,  18 ,  18 ,  25 ,  19 ,  86 ,,,,,,,,,Bellaire,,,,,,,Bellaire | 382-201-00034 |
Bellaire | 382-201-00033 |,0,79,,0,0,24,55,,  - ,  - ,  - ,  - ,  - ,  - ,  - ,  7 ,  18 ,  18 ,  25 ,  13 ,  79 ,,,,,,,,,Bellaire,,,,,,,Bellaire | 382-201-00033 |
Bellaire | NBI-1065845-MDD3025 |,0,59,,0,0,24,35,,  - ,  - ,  - ,  - ,  - ,  - ,  - ,  8 ,  16 ,  17 ,  14 ,  4 ,  59 ,,,,,,,,,Bellaire,,,,,,,Bellaire | NBI-1065845-MDD3025 |
Bellaire | NBI-1065845-MDD3028 |,0,46,,0,0,22,24,,  - ,  - ,  - ,  - ,  - ,  - ,  - ,  8 ,  14 ,  15 ,  7 ,  2 ,  46 ,,,,,,,,,Bellaire,,,,,,,Bellaire | NBI-1065845-MDD3028 |
Bellaire | 218130 |,0,693,,0,0,0,693,,  - ,  - ,  - ,  - ,  - ,  - ,  - ,  - ,  - ,  627 ,  66 ,  - ,  693 ,,,,,,,,,Bellaire,,,,,,,Bellaire | 218130 |
Bellaire | D7260C00015 |,0,30,,0,0,8,22,,  - ,  - ,  - ,  - ,  - ,  - ,  1 ,  3 ,  4 ,  9 ,  5 ,  9 ,  30 ,,,,,,,,,Bellaire,,,,,,,Bellaire | D7260C00015 |
,0,0,,0,0,0,0,,  - ,  - ,  - ,  - ,  - ,  - ,  - ,  - ,  - ,  - ,  - ,  - ,  - ,,,,,,,,,Bellaire,,,,,,,
,0,0,,0,0,0,0,,  - ,  - ,  - ,  - ,  - ,  - ,  - ,  - ,  - ,  - ,  - ,  - ,  - ,,,,,,,,,Bellaire,,,,,,,
Awarded Adjustment,0,-663,,0,0,-3,-659,,  - ,  - ,  - ,  - ,  - ,  - ,  - ,  (1),  (3),  (556),  (92),  (12),  (663),,,,,,,,,Bellaire,,,,,,Awarded Adjustment,
Total Pipeline,6,335,,0,6,114,221,,  - ,  - ,  - ,  - ,  - ,  6 ,  7 ,  8 ,  99 ,  129 ,  48 ,  44 ,  341 ,,,,,,,,,Bellaire,,,,,,Total Pipeline,
Pipeline,11,362,,0,11,128,235,,  - ,  - ,  - ,  - ,  - ,  11 ,  12 ,  12 ,  103 ,  134 ,  52 ,  48 ,  373 ,,,,,,,,,Bellaire,,,,,,Pipeline,
Bellaire | CD388.SQ.3.06 |,0,278,,0,0,91,186,,  - ,  - ,  - ,  - ,  - ,  - ,  - ,  - ,  91 ,  121 ,  36 ,  30 ,  278 ,,,,,,,,,Bellaire,,,,,,,Bellaire | CD388.SQ.3.06 |
Bellaire | V201-08 |,0,1,,0,0,0,1,,  - ,  - ,  - ,  - ,  - ,  - ,  - ,  - ,  - ,  - ,  1 ,  1 ,  1 ,,,,,,,,,Bellaire,,,,,,,Bellaire | V201-08 |
Bellaire | 80120522 |,0,8,,0,0,0,8,,  - ,  - ,  - ,  - ,  - ,  - ,  - ,  - ,  - ,  - ,  3 ,  5 ,  8 ,,,,,,,,,Bellaire,,,,,,,Bellaire | 80120522 |
Bellaire | OAB71527 |,0,2,,0,0,1,1,,  - ,  - ,  - ,  - ,  - ,  - ,  - ,  0 ,  0 ,  0 ,  0 ,  0 ,  2 ,,,,,,,,,Bellaire,,,,,,,Bellaire | OAB71527 |
Bellaire | J2A-MC-GZVA |,6,37,,0,6,19,19,,  - ,  - ,  - ,  - ,  - ,  6 ,  6 ,  6 ,  6 ,  6 ,  6 ,  6 ,  44 ,,,,,,,,,Bellaire,,,,,,,Bellaire | J2A-MC-GZVA |
Bellaire | NOE-TTS-201 |,0,0,,0,0,0,0,,  - ,  - ,  - ,  - ,  - ,  - ,  - ,  - ,  - ,  - ,  0 ,  0 ,  0 ,,,,,,,,,Bellaire,,,,,,,Bellaire | NOE-TTS-201 |
Bellaire | 382-201-00032 |,5,33,,0,5,17,17,,  - ,  - ,  - ,  - ,  - ,  5 ,  6 ,  6 ,  5 ,  6 ,  5 ,  6 ,  38 ,,,,,,,,,Bellaire,,,,,,,Bellaire | 382-201-00032 |
Bellaire | NBI-1065845-MDD3026 |,0,2,,0,0,0,2,,  - ,  - ,  - ,  - ,  - ,  - ,  - ,  - ,  - ,  1 ,  1 ,  1 ,  2 ,,,,,,,,,Bellaire,,,,,,,Bellaire | NBI-1065845-MDD3026 |
,0,0,,0,0,0,0,,  - ,  - ,  - ,  - ,  - ,  - ,  - ,  - ,  - ,  - ,  - ,  - ,  - ,,,,,,,,,Bellaire,,,,,,,
,0,0,,0,0,0,0,,  - ,  - ,  - ,  - ,  - ,  - ,  - ,  - ,  - ,  - ,  - ,  - ,  - ,,,,,,,,,Bellaire,,,,,,,
,0,0,,0,0,0,0,,  - ,  - ,  - ,  - ,  - ,  - ,  - ,  - ,  - ,  - ,  - ,  - ,  - ,,,,,,,,,Bellaire,,,,,,,
,0,0,,0,0,0,0,,  - ,  - ,  - ,  - ,  - ,  - ,  - ,  - ,  - ,  - ,  - ,  - ,  - ,,,,,,,,,Bellaire,,,,,,,
,0,0,,0,0,0,0,,  - ,  - ,  - ,  - ,  - ,  - ,  - ,  - ,  - ,  - ,  - ,  - ,  - ,,,,,,,,,Bellaire,,,,,,,
,0,0,,0,0,0,0,,  - ,  - ,  - ,  - ,  - ,  - ,  - ,  - ,  - ,  - ,  - ,  - ,  - ,,,,,,,,,Bellaire,,,,,,,
,0,0,,0,0,0,0,,  - ,  - ,  - ,  - ,  - ,  - ,  - ,  - ,  - ,  - ,  - ,  - ,  - ,,,,,,,,,Bellaire,,,,,,,
,0,0,,0,0,0,0,,  - ,  - ,  - ,  - ,  - ,  - ,  - ,  - ,  - ,  - ,  - ,  - ,  - ,,,,,,,,,Bellaire,,,,,,,
,0,0,,0,0,0,0,,  - ,  - ,  - ,  - ,  - ,  - ,  - ,  - ,  - ,  - ,  - ,  - ,  - ,,,,,,,,,Bellaire,,,,,,,
,0,0,,0,0,0,0,,  - ,  - ,  - ,  - ,  - ,  - ,  - ,  - ,  - ,  - ,  - ,  - ,  - ,,,,,,,,,Bellaire,,,,,,,
,0,0,,0,0,0,0,,  - ,  - ,  - ,  - ,  - ,  - ,  - ,  - ,  - ,  - ,  - ,  - ,  - ,,,,,,,,,Bellaire,,,,,,,
,0,0,,0,0,0,0,,  - ,  - ,  - ,  - ,  - ,  - ,  - ,  - ,  - ,  - ,  - ,  - ,  - ,,,,,,,,,Bellaire,,,,,,,
,0,0,,0,0,0,0,,  - ,  - ,  - ,  - ,  - ,  - ,  - ,  - ,  - ,  - ,  - ,  - ,  - ,,,,,,,,,Bellaire,,,,,,,
,0,0,,0,0,0,0,,  - ,  - ,  - ,  - ,  - ,  - ,  - ,  - ,  - ,  - ,  - ,  - ,  - ,,,,,,,,,Bellaire,,,,,,,
,0,0,,0,0,0,0,,  - ,  - ,  - ,  - ,  - ,  - ,  - ,  - ,  - ,  - ,  - ,  - ,  - ,,,,,,,,,Bellaire,,,,,,,
,0,0,,0,0,0,0,,  - ,  - ,  - ,  - ,  - ,  - ,  - ,  - ,  - ,  - ,  - ,  - ,  - ,,,,,,,,,Bellaire,,,,,,,
,0,0,,0,0,0,0,,  - ,  - ,  - ,  - ,  - ,  - ,  - ,  - ,  - ,  - ,  - ,  - ,  - ,,,,,,,,,Bellaire,,,,,,,
,0,0,,0,0,0,0,,  - ,  - ,  - ,  - ,  - ,  - ,  - ,  - ,  - ,  - ,  - ,  - ,  - ,,,,,,,,,Bellaire,,,,,,,
,0,0,,0,0,0,0,,  - ,  - ,  - ,  - ,  - ,  - ,  - ,  - ,  - ,  - ,  - ,  - ,  - ,,,,,,,,,Bellaire,,,,,,,
,0,0,,0,0,0,0,,  - ,  - ,  - ,  - ,  - ,  - ,  - ,  - ,  - ,  - ,  - ,  - ,  - ,,,,,,,,,Bellaire,,,,,,,
Pipeline Adjustment,-4,-27,,0,-4,-14,-14,,  - ,  - ,  - ,  - ,  - ,  (4),  (5),  (5),  (4),  (5),  (4),  (5),  (32),,,,,,,,,Bellaire,,,,,,Pipeline Adjustment,
Budget Optimization,0,0,,0,0,0,0,,  - ,  - ,  - ,  - ,  - ,  - ,  - ,  - ,  - ,  - ,  - ,  - ,  - ,,,,,,,,,Bellaire,,,,,,Budget Optimization,
Genuine Go-Get,0,"1,041",,0,0,416,624,,  - ,  - ,  - ,  - ,  - ,  - ,  104 ,  104 ,  208 ,  156 ,  260 ,  208 ,"  1,041 ",,,,,,,,,Bellaire,,,,,,Genuine Go-Get,
Go-Get - Organic due to Enrolling Revenue Optimization,0,-6,,0,0,-2,-4,,  - ,  - ,  - ,  - ,  - ,  - ,  (1),  (1),  (1),  (1),  (1),  (1),  (6),,,,,,,,,Bellaire,,,,,,Go-Get - Organic due to Enrolling Revenue Optimization,
Go-Get - Organic due to Enrolling Adj.,0,0,,0,0,0,0,,  - ,  - ,  - ,  - ,  - ,  - ,  (0),  (0),  (0),  (0),  (0),  (0),  (0),,,,,,,,,Bellaire,,,,,,Go-Get - Organic due to Enrolling Adj.,
Go-Get - Organic due to Budget Optimization,0,0,,0,0,0,0,,  - ,  - ,  - ,  - ,  - ,  - ,  - ,  - ,  - ,  - ,  - ,  - ,  - ,,,,,,,,,Bellaire,,,,,,Go-Get - Organic due to Budget Optimization,
Go-Get - Organic due to Pipeline Adj,0,32,,0,0,13,19,,  - ,  - ,  - ,  - ,  - ,  - ,  3 ,  3 ,  6 ,  5 ,  8 ,  6 ,  32 ,,,,,,,,,Bellaire,,,,,,Go-Get - Organic due to Pipeline Adj,
Go-Get - Organic due to Awarded Adj,0,663,,0,0,265,398,,  - ,  - ,  - ,  - ,  - ,  - ,  66 ,  66 ,  133 ,  99 ,  166 ,  133 ,  663 ,,,,,,,,,Bellaire,,,,,,Go-Get - Organic due to Awarded Adj,
Go-Get Organic,0,352,,0,0,141,211,,  - ,  - ,  - ,  - ,  - ,  - ,  35 ,  35 ,  70 ,  53 ,  88 ,  70 ,  352 ,,,,,,,,,Bellaire,,,,,,Go-Get Organic,
Brookline,"1,631","2,229",,733,898,706,"1,523",,  284 ,  270 ,  180 ,  223 ,  484 ,  192 ,  194 ,  232 ,  280 ,  602 ,  475 ,  446 ,"  3,860 ",,,,,,,,,Brookline,,,,,Brookline,,
Backlog (Maintenance),"1,215",319,,706,510,84,235,,  284 ,  270 ,  152 ,  130 ,  308 ,  72 ,  29 ,  28 ,  27 ,  95 ,  42 ,  98 ,"  1,534 ",,,,,,,,,Brookline,,,,,,Backlog (Maintenance),
Bos | mRNA-1647-P301,1,0,,1,0,0,0,,  - ,  - ,  1 ,  0 ,  (0),  - ,  - ,  - ,  - ,  - ,  - ,  - ,  1 ,,,,,,,,,Brookline,,,,,,,Bos | mRNA-1647-P301
BOS | mRNA-1010-P304,2,0,,2,0,0,0,,  - ,  2 ,  - ,  - ,  - ,  - ,  - ,  - ,  - ,  - ,  - ,  - ,  2 ,,,,,,,,,Brookline,,,,,,,BOS | mRNA-1010-P304
BOS | mRNA-1403-P301,420,149,,185,235,7,142,,  - ,  132 ,  53 ,  76 ,  128 ,  31 ,  7 ,  - ,  - ,  69 ,  41 ,  32 ,  569 ,,,,,,,,,Brookline,,,,,,,BOS | mRNA-1403-P301
BOS | mRNA-1195-P101 | Part B,72,24,,33,39,11,13,,  6 ,  5 ,  22 ,  5 ,  31 ,  3 ,  4 ,  3 ,  3 ,  13 ,  - ,  - ,  96 ,,,,,,,,,Brookline,,,,,,,BOS | mRNA-1195-P101 | Part B
Bos | 77242113PSA3002,11,0,,11,0,0,0,,  11 ,  - ,  - ,  - ,  - ,  - ,  - ,  - ,  - ,  - ,  - ,  - ,  11 ,,,,,,,,,Brookline,,,,,,,Bos | 77242113PSA3002
BOS | V118_24 |,230,0,,100,130,0,0,,  32 ,  56 ,  12 ,  4 ,  126 ,  - ,  - ,  - ,  - ,  - ,  - ,  - ,  230 ,,,,,,,,,Brookline,,,,,,,BOS | V118_24 |
BOS | mRNA-1403-P301 | AC,245,113,,183,62,33,80,,  183 ,  - ,  - ,  31 ,  - ,  31 ,  13 ,  4 ,  17 ,  13 ,  0 ,  67 ,  358 ,,,,,,,,,Brookline,,,,,,,BOS | mRNA-1403-P301 | AC
BOS | C4591081,107,16,,87,20,16,0,,  22 ,  37 ,  28 ,  2 ,  17 ,  1 ,  - ,  14 ,  2 ,  - ,  - ,  - ,  123 ,,,,,,,,,Brookline,,,,,,,BOS | C4591081
BOS | mRNA-1273_1283-P401,127,16,,103,24,16,0,,  31 ,  37 ,  35 ,  12 ,  6 ,  5 ,  5 ,  7 ,  5 ,  - ,  - ,  - ,  143 ,,,,,,,,,Brookline,,,,,,,BOS | mRNA-1273_1283-P401
,0,0,,0,0,0,0,,  - ,  - ,  - ,  - ,  - ,  - ,  - ,  - ,  - ,  - ,  - ,  - ,  - ,,,,,,,,,Brookline,,,,,,,
Total Enrolling,411,601,,28,384,336,265,,  - ,  - ,  28 ,  93 ,  176 ,  119 ,  116 ,  116 ,  116 ,  112 ,  97 ,  66 ,"  1,038 ",,,,,,,,,Brookline,,,,,,Total Enrolling,
Enrolling,411,601,,28,384,336,265,,  - ,  - ,  28 ,  93 ,  176 ,  115 ,  112 ,  112 ,  112 ,  108 ,  93 ,  63 ,"  1,012 ",,,,,,,,,Brookline,,,,,,Enrolling,
BOS | D7960C00015,15,62,,2,13,30,32,,  - ,  - ,  2 ,  - ,  4 ,  9 ,  9 ,  9 ,  11 ,  10 ,  11 ,  11 ,  76 ,,,,,,,,,Brookline,,,,,,,BOS | D7960C00015
Boston | TRS-018 |,397,539,,26,371,307,233,,  - ,  - ,  26 ,  93 ,  172 ,  106 ,  103 ,  103 ,  101 ,  98 ,  82 ,  53 ,  936 ,,,,,,,,,Brookline,,,,,,,Boston | TRS-018 |
,0,0,,0,0,0,0,,  - ,  - ,  - ,  - ,  - ,  - ,  - ,  - ,  - ,  - ,  - ,  - ,  - ,,,,,,,,,Brookline,,,,,,,
Revenue Optimization - Enrolling Studies,4,22,,0,4,12,10,,  - ,  - ,  - ,  - ,  - ,  4 ,  4 ,  4 ,  4 ,  4 ,  3 ,  2 ,  26 ,,,,,,,,,Brookline,,,,,,Revenue Optimization - Enrolling Studies,
Risk Adjustments for Enrolling Trials,0,0,,0,0,0,0,,  - ,  - ,  - ,  - ,  - ,  - ,  - ,  - ,  - ,  - ,  - ,  - ,  - ,,,,,,,,,Brookline,,,,,,Risk Adjustments for Enrolling Trials,
Total Awarded,0,897,,0,0,0,897,,  - ,  - ,  - ,  - ,  - ,  - ,  - ,  - ,  - ,  213 ,  33 ,  3 ,  249 ,,,,,,,,,Brookline,,,,,,Total Awarded,
Awarded,0,897,,0,0,0,897,,  - ,  - ,  - ,  - ,  - ,  - ,  - ,  - ,  - ,  766 ,  120 ,  12 ,  897 ,,,,,,,,,Brookline,,,,,,Awarded,
Boston | VCA23395 | Main Cohort 1 (Stage 2),0,207,,0,0,0,207,,  - ,  - ,  - ,  - ,  - ,  - ,  - ,  - ,  - ,  139 ,  56 ,  12 ,  207 ,,,,,,,,,Brookline,,,,,,,Boston | VCA23395 | Main Cohort 1 (Stage 2)
Boston | 218130 |,0,690,,0,0,0,690,,  - ,  - ,  - ,  - ,  - ,  - ,  - ,  - ,  - ,  627 ,  64 ,  - ,  690 ,,,,,,,,,Brookline,,,,,,,Boston | 218130 |
,,,,,,,,,,,,,,,,,,,,,,,,,,,,,,Brookline,,,,,,,
Awarded Adjustment,0,-648,,0,0,0,-648,,  - ,  - ,  - ,  - ,  - ,  - ,  - ,  - ,  - ,  (553),  (87),  (8),  (648),,,,,,,,,Brookline,,,,,,Awarded Adjustment,
Total Pipeline,0,558,,0,0,81,477,,  - ,  - ,  - ,  - ,  - ,  0 ,  0 ,  39 ,  42 ,  111 ,  183 ,  183 ,  558 ,,,,,,,,,Brookline,,,,,,Total Pipeline,
Pipeline,0,832,,0,0,81,751,,  - ,  - ,  - ,  - ,  - ,  0 ,  0 ,  39 ,  42 ,  213 ,  292 ,  246 ,  833 ,,,,,,,,,Brookline,,,,,,Pipeline,
Boston | 218132 |,0,392,,0,0,0,392,,  - ,  - ,  - ,  - ,  - ,  - ,  - ,  - ,  - ,  146 ,  156 ,  90 ,  392 ,,,,,,,,,Brookline,,,,,,,Boston | 218132 |
Boston | D8750C00014 |,0,99,,0,0,45,54,,  - ,  - ,  - ,  - ,  - ,  - ,  - ,  22 ,  23 ,  15 ,  23 ,  16 ,  99 ,,,,,,,,,Brookline,,,,,,,Boston | D8750C00014 |
Boston | R5713-5715-ALG-2556 |,0,247,,0,0,0,247,,  - ,  - ,  - ,  - ,  - ,  - ,  - ,  - ,  - ,  33 ,  95 ,  120 ,  247 ,,,,,,,,,Brookline,,,,,,,Boston | R5713-5715-ALG-2556 |
Boston | OAB71527 |,0,2,,0,0,1,1,,  - ,  - ,  - ,  - ,  - ,  - ,  - ,  0 ,  0 ,  0 ,  0 ,  0 ,  2 ,,,,,,,,,Brookline,,,,,,,Boston | OAB71527 |
Boston | D7130C00002 |,0,1,,0,0,0,1,,  - ,  - ,  - ,  - ,  - ,  - ,  - ,  - ,  - ,  - ,  0 ,  1 ,  1 ,,,,,,,,,Brookline,,,,,,,Boston | D7130C00002 |
Boston | J3L-MC-EZEF |,0,0,,0,0,0,0,,  - ,  - ,  - ,  - ,  - ,  - ,  - ,  - ,  - ,  - ,  0 ,  0 ,  0 ,,,,,,,,,Brookline,,,,,,,Boston | J3L-MC-EZEF |
Boston | D8750C00011 |,0,23,,0,0,9,14,,  - ,  - ,  - ,  - ,  - ,  - ,  - ,  4 ,  5 ,  5 ,  5 ,  5 ,  23 ,,,,,,,,,Brookline,,,,,,,Boston | D8750C00011 |
Boston | D8750C00010 |,0,20,,0,0,8,12,,  - ,  - ,  - ,  - ,  - ,  - ,  - ,  4 ,  4 ,  4 ,  4 ,  4 ,  20 ,,,,,,,,,Brookline,,,,,,,Boston | D8750C00010 |
Boston | D8750C00012 |,0,46,,0,0,18,28,,  - ,  - ,  - ,  - ,  - ,  - ,  - ,  9 ,  9 ,  9 ,  9 ,  9 ,  46 ,,,,,,,,,Brookline,,,,,,,Boston | D8750C00012 |
Boston | RAB35102 |,0,1,,0,0,1,1,,  - ,  - ,  - ,  - ,  - ,  0 ,  0 ,  0 ,  0 ,  0 ,  0 ,  0 ,  2 ,,,,,,,,,Brookline,,,,,,,Boston | RAB35102 |
,0,0,,0,0,0,0,,  - ,  - ,  - ,  - ,  - ,  - ,  - ,  - ,  - ,  - ,  - ,  - ,  - ,,,,,,,,,Brookline,,,,,,,
,0,0,,0,0,0,0,,  - ,  - ,  - ,  - ,  - ,  - ,  - ,  - ,  - ,  - ,  - ,  - ,  - ,,,,,,,,,Brookline,,,,,,,
,0,0,,0,0,0,0,,  - ,  - ,  - ,  - ,  - ,  - ,  - ,  - ,  - ,  - ,  - ,  - ,  - ,,,,,,,,,Brookline,,,,,,,
,0,0,,0,0,0,0,,  - ,  - ,  - ,  - ,  - ,  - ,  - ,  - ,  - ,  - ,  - ,  - ,  - ,,,,,,,,,Brookline,,,,,,,
,0,0,,0,0,0,0,,  - ,  - ,  - ,  - ,  - ,  - ,  - ,  - ,  - ,  - ,  - ,  - ,  - ,,,,,,,,,Brookline,,,,,,,
,0,0,,0,0,0,0,,  - ,  - ,  - ,  - ,  - ,  - ,  - ,  - ,  - ,  - ,  - ,  - ,  - ,,,,,,,,,Brookline,,,,,,,
,0,0,,0,0,0,0,,  - ,  - ,  - ,  - ,  - ,  - ,  - ,  - ,  - ,  - ,  - ,  - ,  - ,,,,,,,,,Brookline,,,,,,,
,0,0,,0,0,0,0,,  - ,  - ,  - ,  - ,  - ,  - ,  - ,  - ,  - ,  - ,  - ,  - ,  - ,,,,,,,,,Brookline,,,,,,,
Pipeline Adjustment,0,-274,,0,0,0,-274,,  - ,  - ,  - ,  - ,  - ,  - ,  - ,  - ,  0 ,  (102),  (109),  (63),  (274),,,,,,,,,Brookline,,,,,,Pipeline Adjustment,
Budget Optimization,0,0,,0,0,0,0,,  - ,  - ,  - ,  - ,  - ,  - ,  - ,  - ,  - ,  - ,  - ,  - ,  - ,,,,,,,,,Brookline,,,,,,Budget Optimization,
Genuine Go-Get,0,480,,0,0,192,288,,  - ,  - ,  - ,  - ,  - ,  - ,  48 ,  48 ,  96 ,  72 ,  120 ,  96 ,  480 ,,,,,,,,,Brookline,,,,,,Genuine Go-Get,
Go-Get - Organic due to Enrolling Revenue Optimization,0,-26,,0,0,-10,-16,,  - ,  - ,  - ,  - ,  - ,  - ,  (3),  (3),  (5),  (4),  (6),  (5),  (26),,,,,,,,,Brookline,,,,,,Go-Get - Organic due to Enrolling Revenue Optimization,
Go-Get - Organic due to Enrolling Adj.,0,0,,0,0,0,0,,  - ,  - ,  - ,  - ,  - ,  - ,  - ,  - ,  - ,  - ,  - ,  - ,  - ,,,,,,,,,Brookline,,,,,,Go-Get - Organic due to Enrolling Adj.,
Go-Get - Organic due to Budget Optimization,0,0,,0,0,0,0,,  - ,  - ,  - ,  - ,  - ,  - ,  - ,  - ,  - ,  - ,  - ,  - ,  - ,,,,,,,,,Brookline,,,,,,Go-Get - Organic due to Budget Optimization,
Go-Get - Organic due to Pipeline Adj,0,274,,0,0,110,165,,  - ,  - ,  - ,  - ,  - ,  - ,  27 ,  27 ,  55 ,  41 ,  69 ,  55 ,  274 ,,,,,,,,,Brookline,,,,,,Go-Get - Organic due to Pipeline Adj,
Go-Get - Organic due to Awarded Adj,0,648,,0,0,259,389,,  - ,  - ,  - ,  - ,  - ,  - ,  65 ,  65 ,  130 ,  97 ,  162 ,  130 ,  648 ,,,,,,,,,Brookline,,,,,,Go-Get - Organic due to Awarded Adj,
Go-Get Organic,0,-416,,0,0,-167,-250,,  - ,  - ,  - ,  - ,  - ,  - ,  (42),  (42),  (83),  (62),  (104),  (83),  (416),,,,,,,,,Brookline,,,,,,Go-Get Organic,
CyFair,"4,763","2,500",,"2,742","2,021","1,196","1,304",,  698 ,  772 ,"  1,272 ",  914 ,  704 ,  404 ,  537 ,  340 ,  319 ,  628 ,  400 ,  275 ,"  7,263 ",,,,,,,,,CyFair,,,,,CyFair,,
Backlog (Maintenance),"1,599",433,,"1,160",439,221,213,,  288 ,  234 ,  638 ,  197 ,  161 ,  82 ,  155 ,  51 ,  15 ,  140 ,  52 ,  21 ,"  2,033 ",,,,,,,,,CyFair,,,,,,Backlog (Maintenance),
CYF | C3671013,22,0,,19,3,0,0,,  5 ,  13 ,  2 ,  3 ,  - ,  - ,  - ,  - ,  - ,  - ,  - ,  - ,  22 ,,,,,,,,,CyFair,,,,,,,CYF | C3671013
CYF | mRNA-1273-P306,17,0,,17,0,0,0,,  17 ,  - ,  - ,  - ,  0 ,  - ,  - ,  - ,  - ,  - ,  - ,  - ,  17 ,,,,,,,,,CyFair,,,,,,,CYF | mRNA-1273-P306
CYF | C4591048,1,0,,1,0,0,0,,  1 ,  - ,  - ,  - ,  - ,  - ,  - ,  - ,  - ,  - ,  - ,  - ,  1 ,,,,,,,,,CyFair,,,,,,,CYF | C4591048
CYF | AFX3772-003,3,0,,3,0,0,0,,  (0),  - ,  4 ,  - ,  - ,  - ,  - ,  - ,  - ,  - ,  - ,  - ,  3 ,,,,,,,,,CyFair,,,,,,,CYF | AFX3772-003
CYF | mRNA-1365-P101,-1,0,,0,0,0,0,,  - ,  (0),  - ,  (0),  0 ,  - ,  - ,  - ,  - ,  - ,  - ,  - ,  (1),,,,,,,,,CyFair,,,,,,,CYF | mRNA-1365-P101
CYF | mRNA-1345-P303,30,0,,26,4,0,0,,  10 ,  10 ,  6 ,  1 ,  3 ,  - ,  - ,  - ,  - ,  - ,  - ,  - ,  30 ,,,,,,,,,CyFair,,,,,,,CYF | mRNA-1345-P303
CYF | mRNA-1189-P101,445,0,,440,5,0,0,,  - ,  - ,  440 ,  - ,  5 ,  - ,  - ,  - ,  - ,  - ,  - ,  - ,  445 ,,,,,,,,,CyFair,,,,,,,CYF | mRNA-1189-P101
CYF | mRNA-1345-P202,0,0,,0,0,0,0,,  - ,  (0),  - ,  - ,  - ,  - ,  - ,  - ,  - ,  - ,  - ,  - ,  (0),,,,,,,,,CyFair,,,,,,,CYF | mRNA-1345-P202
CYF | VAD00004,7,1,,5,2,1,0,,  - ,  5 ,  0 ,  1 ,  - ,  1 ,  1 ,  - ,  - ,  - ,  - ,  - ,  8 ,,,,,,,,,CyFair,,,,,,,CYF | VAD00004
CYF | VAD00016,8,0,,8,0,0,0,,  8 ,  - ,  - ,  - ,  - ,  - ,  - ,  - ,  - ,  - ,  - ,  - ,  8 ,,,,,,,,,CyFair,,,,,,,CYF | VAD00016
CYF | C4931001 | Phase 2,27,0,,22,5,0,0,,  - ,  0 ,  22 ,  5 ,  - ,  - ,  - ,  - ,  - ,  - ,  - ,  - ,  27 ,,,,,,,,,CyFair,,,,,,,CYF | C4931001 | Phase 2
CYF | mRNA-1365-P101 | Part C,2,0,,0,2,0,0,,  - ,  - ,  - ,  - ,  - ,  2 ,  - ,  - ,  - ,  - ,  - ,  - ,  2 ,,,,,,,,,CyFair,,,,,,,CYF | mRNA-1365-P101 | Part C
CYF | PSK00031,18,8,,10,8,6,2,,  3 ,  3 ,  4 ,  3 ,  2 ,  3 ,  - ,  2 ,  4 ,  2 ,  - ,  - ,  26 ,,,,,,,,,CyFair,,,,,,,CYF | PSK00031
CYF | 20230143,50,0,,32,17,0,0,,  7 ,  12 ,  13 ,  5 ,  12 ,  - ,  - ,  - ,  - ,  - ,  - ,  - ,  50 ,,,,,,,,,CyFair,,,,,,,CYF | 20230143
KOL | J4M-MC-PWMP,58,36,,34,25,36,0,,  11 ,  17 ,  5 ,  9 ,  10 ,  5 ,  19 ,  16 ,  - ,  - ,  - ,  - ,  94 ,,,,,,,,,CyFair,,,,,,,KOL | J4M-MC-PWMP
CYF | mRNA-1403-P301,273,203,,86,187,1,202,,  - ,  31 ,  55 ,  108 ,  58 ,  21 ,  1 ,  - ,  - ,  131 ,  49 ,  21 ,  476 ,,,,,,,,,CyFair,,,,,,,CYF | mRNA-1403-P301
KOL | VAX31-201,8,7,,7,1,7,0,,  6 ,  2 ,  - ,  - ,  1 ,  - ,  1 ,  3 ,  3 ,  - ,  - ,  - ,  15 ,,,,,,,,,CyFair,,,,,,,KOL | VAX31-201
CYF | PSK00010,3,0,,3,0,0,0,,  - ,  3 ,  - ,  - ,  - ,  - ,  - ,  - ,  - ,  - ,  - ,  - ,  3 ,,,,,,,,,CyFair,,,,,,,CYF | PSK00010
CYF | mRNA-1195-P101 | Part B,25,16,,11,15,7,9,,  3 ,  1 ,  7 ,  10 ,  2 ,  2 ,  2 ,  2 ,  2 ,  7 ,  2 ,  - ,  41 ,,,,,,,,,CyFair,,,,,,,CYF | mRNA-1195-P101 | Part B
CYF | VXA-COV-202,355,125,,239,116,125,0,,  126 ,  67 ,  46 ,  31 ,  48 ,  38 ,  115 ,  10 ,  - ,  - ,  - ,  - ,  481 ,,,,,,,,,CyFair,,,,,,,CYF | VXA-COV-202
CYF | mRNA-1189-P101 Part C,10,11,,0,10,11,0,,  - ,  - ,  - ,  6 ,  - ,  4 ,  11 ,  - ,  - ,  - ,  - ,  - ,  20 ,,,,,,,,,CyFair,,,,,,,CYF | mRNA-1189-P101 Part C
CYF | CVXGA-003,34,0,,34,0,0,0,,  28 ,  6 ,  - ,  0 ,  - ,  - ,  - ,  - ,  - ,  - ,  - ,  - ,  34 ,,,,,,,,,CyFair,,,,,,,CYF | CVXGA-003
CYF | C6271001 Cohort 1,-3,0,,-3,0,0,0,,  - ,  4 ,  (7),  - ,  - ,  - ,  - ,  - ,  - ,  - ,  - ,  - ,  (3),,,,,,,,,CyFair,,,,,,,CYF | C6271001 Cohort 1
CYF | mRNA-1083-P201 | Part 2,6,0,,6,0,0,0,,  6 ,  - ,  - ,  - ,  - ,  - ,  - ,  - ,  - ,  - ,  - ,  - ,  6 ,,,,,,,,,CyFair,,,,,,,CYF | mRNA-1083-P201 | Part 2
Cyfair | C4931001 | Stage 4,2,0,,0,2,0,0,,  - ,  - ,  - ,  - ,  2 ,  - ,  - ,  - ,  - ,  - ,  - ,  - ,  2 ,,,,,,,,,CyFair,,,,,,,Cyfair | C4931001 | Stage 4
CYF | C4591076,7,0,,2,4,0,0,,  1 ,  1 ,  0 ,  4 ,  - ,  - ,  - ,  - ,  - ,  - ,  - ,  - ,  7 ,,,,,,,,,CyFair,,,,,,,CYF | C4591076
CYF | C4591082,20,0,,13,7,0,0,,  11 ,  1 ,  1 ,  0 ,  3 ,  4 ,  - ,  - ,  - ,  - ,  - ,  - ,  20 ,,,,,,,,,CyFair,,,,,,,CYF | C4591082
CYF | mRNA-1273_1283-P401,57,9,,49,8,9,0,,  17 ,  12 ,  20 ,  6 ,  0 ,  2 ,  3 ,  2 ,  4 ,  - ,  - ,  - ,  66 ,,,,,,,,,CyFair,,,,,,,CYF | mRNA-1273_1283-P401
CYF | C4591081,114,19,,94,20,19,0,,  28 ,  46 ,  21 ,  5 ,  14 ,  1 ,  2 ,  15 ,  1 ,  - ,  - ,  - ,  133 ,,,,,,,,,CyFair,,,,,,,CYF | C4591081
,0,0,,0,0,0,0,,  - ,  - ,  - ,  - ,  - ,  - ,  - ,  - ,  - ,  - ,  - ,  - ,  - ,,,,,,,,,CyFair,,,,,,,
,0,0,,0,0,0,0,,  - ,  - ,  - ,  - ,  - ,  - ,  - ,  - ,  - ,  - ,  - ,  - ,  - ,,,,,,,,,CyFair,,,,,,,
,0,0,,0,0,0,0,,  - ,  - ,  - ,  - ,  - ,  - ,  - ,  - ,  - ,  - ,  - ,  - ,  - ,,,,,,,,,CyFair,,,,,,,
,0,0,,0,0,0,0,,  - ,  - ,  - ,  - ,  - ,  - ,  - ,  - ,  - ,  - ,  - ,  - ,  - ,,,,,,,,,CyFair,,,,,,,
Total Enrolling,"3,107","1,049",,"1,582","1,525",648,401,,  409 ,  538 ,  634 ,  717 ,  524 ,  307 ,  307 ,  214 ,  169 ,  167 ,  147 ,  110 ,"  4,244 ",,,,,,,,,CyFair,,,,,,Total Enrolling,
Enrolling,"3,107","1,049",,"1,582","1,525",648,401,,  409 ,  538 ,  634 ,  717 ,  524 ,  284 ,  285 ,  203 ,  160 ,  154 ,  141 ,  105 ,"  4,156 ",,,,,,,,,CyFair,,,,,,Enrolling,
CYF | BHV3000-315,11,35,,0,11,21,14,,  - ,  - ,  - ,  - ,  - ,  11 ,  7 ,  8 ,  6 ,  5 ,  5 ,  5 ,  47 ,,,,,,,,,CyFair,,,,,,,CYF | BHV3000-315
CYF | 3110-306-002,1,26,,0,1,11,15,,  - ,  - ,  - ,  - ,  - ,  1 ,  - ,  9 ,  2 ,  5 ,  8 ,  2 ,  28 ,,,,,,,,,CyFair,,,,,,,CYF | 3110-306-002
CYF | 3110-305-002,4,15,,0,4,8,7,,  - ,  - ,  - ,  - ,  - ,  4 ,  - ,  4 ,  3 ,  1 ,  4 ,  2 ,  19 ,,,,,,,,,CyFair,,,,,,,CYF | 3110-305-002
KOL | VNS 20-001,3,0,,3,0,0,0,,  1 ,  (0),  2 ,  - ,  - ,  - ,  - ,  - ,  - ,  - ,  - ,  - ,  3 ,,,,,,,,,CyFair,,,,,,,KOL | VNS 20-001
CYF | PARA_OA_012,389,187,,121,268,145,42,,  26 ,  43 ,  52 ,  71 ,  158 ,  39 ,  82 ,  44 ,  19 ,  17 ,  13 ,  12 ,  576 ,,,,,,,,,CyFair,,,,,,,CYF | PARA_OA_012
CYF | NN9838-4968,122,229,,0,122,150,78,,  - ,  - ,  - ,  78 ,  32 ,  13 ,  32 ,  47 ,  72 ,  43 ,  19 ,  16 ,  351 ,,,,,,,,,CyFair,,,,,,,CYF | NN9838-4968
CYF | 2019nCoV-420,294,42,,132,162,30,12,,  44 ,  41 ,  47 ,  110 ,  24 ,  28 ,  17 ,  6 ,  6 ,  12 ,  - ,  - ,  336 ,,,,,,,,,CyFair,,,,,,,CYF | 2019nCoV-420
CYF | C4771002,188,365,,24,163,134,231,,  6 ,  11 ,  7 ,  32 ,  84 ,  47 ,  43 ,  45 ,  46 ,  71 ,  92 ,  68 ,  553 ,,,,,,,,,CyFair,,,,,,,CYF | C4771002
Kool Kids | VYD2311-PREV-002 |,157,24,,157,103,24,0,,  19 ,  62 ,  75 ,  52 ,  39 ,  12 ,  11 ,  9 ,  3 ,  - ,  - ,  - ,  283 ,,,,,,,,,CyFair,,,,,,,Kool Kids | VYD2311-PREV-002 |
Cyfair | VYD2311-PREV-002 |,"1,145",126,,"1,145",690,126,0,,  314 ,  382 ,  449 ,  373 ,  187 ,  129 ,  93 ,  31 ,  2 ,  - ,  - ,  - ,"  1,961 ",,,,,,,,,CyFair,,,,,,,Cyfair | VYD2311-PREV-002 |
,0,0,,0,0,0,0,,  - ,  - ,  - ,  - ,  - ,  - ,  - ,  - ,  - ,  - ,  - ,  - ,  - ,,,,,,,,,CyFair,,,,,,,
Revenue Optimization - Enrolling Studies,23,65,,0,23,42,24,,  - ,  - ,  - ,  - ,  - ,  23 ,  22 ,  11 ,  9 ,  13 ,  6 ,  5 ,  89 ,,,,,,,,,CyFair,,,,,,Revenue Optimization - Enrolling Studies,
Risk Adjustments for Enrolling Trials,0,0,,0,0,0,0,,  - ,  - ,  - ,  - ,  - ,  0 ,  - ,  0 ,  0 ,  0 ,  (0),  - ,  0 ,,,,,,,,,CyFair,,,,,,Risk Adjustments for Enrolling Trials,
Total Awarded,31,"1,057",,0,31,75,983,,  - ,  - ,  - ,  - ,  18 ,  13 ,  22 ,  22 ,  31 ,  242 ,  63 ,  30 ,  441 ,,,,,,,,,CyFair,,,,,,Total Awarded,
Awarded,31,"1,057",,0,31,75,983,,  - ,  - ,  - ,  - ,  18 ,  13 ,  22 ,  22 ,  31 ,  795 ,  150 ,  38 ,"  1,089 ",,,,,,,,,CyFair,,,,,,Awarded,
Kool Kids | C4931004 |,5,37,,0,5,20,17,,  - ,  - ,  - ,  - ,  - ,  5 ,  5 ,  5 ,  10 ,  5 ,  6 ,  6 ,  42 ,,,,,,,,,CyFair,,,,,,,Kool Kids | C4931004 |
Kool Kids | 224349 |,0,77,,0,22,31,46,,  - ,  - ,  - ,  - ,  18 ,  4 ,  10 ,  8 ,  14 ,  16 ,  15 ,  15 ,  99 ,,,,,,,,,CyFair,,,,,,,Kool Kids | 224349 |
Kool Kids | C4931008 |,0,46,,0,4,24,23,,  - ,  - ,  - ,  - ,  - ,  4 ,  7 ,  10 ,  7 ,  9 ,  9 ,  5 ,  50 ,,,,,,,,,CyFair,,,,,,,Kool Kids | C4931008 |
Cyfair | VCA23395 | Main Cohort 1 (Stage 2),0,207,,0,0,0,207,,  - ,  - ,  - ,  - ,  - ,  - ,  - ,  - ,  - ,  139 ,  56 ,  12 ,  207 ,,,,,,,,,CyFair,,,,,,,Cyfair | VCA23395 | Main Cohort 1 (Stage 2)
Cyfair | 218130 |,0,690,,0,0,0,690,,  - ,  - ,  - ,  - ,  - ,  - ,  - ,  - ,  - ,  627 ,  64 ,  - ,  690 ,,,,,,,,,CyFair,,,,,,,Cyfair | 218130 |
,0,0,,0,0,0,0,,  - ,  - ,  - ,  - ,  - ,  - ,  - ,  - ,  - ,  - ,  - ,  - ,  - ,,,,,,,,,CyFair,,,,,,,
Awarded Adjustment,0,-648,,0,0,0,-648,,  - ,  - ,  - ,  - ,  - ,  - ,  - ,  - ,  - ,  (553),  (87),  (8),  (648),,,,,,,,,CyFair,,,,,,Awarded Adjustment,
Total Pipeline,2,32,,0,2,7,25,,  - ,  - ,  - ,  - ,  - ,  2 ,  2 ,  2 ,  3 ,  3 ,  11 ,  12 ,  34 ,,,,,,,,,CyFair,,,,,,Total Pipeline,
Pipeline,6,60,,0,6,20,39,,  - ,  - ,  - ,  - ,  - ,  6 ,  6 ,  7 ,  7 ,  7 ,  15 ,  17 ,  66 ,,,,,,,,,CyFair,,,,,,Pipeline,
Cyfair | D7261C00006 |,0,2,,0,0,1,1,,  - ,  - ,  - ,  - ,  - ,  - ,  0 ,  0 ,  0 ,  1 ,  0 ,  0 ,  2 ,,,,,,,,,CyFair,,,,,,,Cyfair | D7261C00006 |
Kool Kids | V201-08 |,0,1,,0,0,0,1,,  - ,  - ,  - ,  - ,  - ,  - ,  - ,  - ,  - ,  - ,  1 ,  1 ,  1 ,,,,,,,,,CyFair,,,,,,,Kool Kids | V201-08 |
Cyfair | OAB71527 |,0,2,,0,0,1,1,,  - ,  - ,  - ,  - ,  - ,  - ,  - ,  0 ,  0 ,  0 ,  0 ,  0 ,  2 ,,,,,,,,,CyFair,,,,,,,Cyfair | OAB71527 |
Cyfair | J3L-MC-EZEF |,0,0,,0,0,0,0,,  - ,  - ,  - ,  - ,  - ,  - ,  - ,  - ,  - ,  - ,  0 ,  0 ,  0 ,,,,,,,,,CyFair,,,,,,,Cyfair | J3L-MC-EZEF |
Cyfair | J2A-MC-GZVA |,6,37,,0,6,19,19,,  - ,  - ,  - ,  - ,  - ,  6 ,  6 ,  6 ,  6 ,  6 ,  6 ,  6 ,  44 ,,,,,,,,,CyFair,,,,,,,Cyfair | J2A-MC-GZVA |
Cyfair | MK-5884-031 |,0,1,,0,0,0,1,,  - ,  - ,  - ,  - ,  - ,  - ,  - ,  - ,  - ,  - ,  0 ,  1 ,  1 ,,,,,,,,,CyFair,,,,,,,Cyfair | MK-5884-031 |
Cyfair | 783652 |,0,8,,0,0,0,8,,  - ,  - ,  - ,  - ,  - ,  - ,  - ,  - ,  - ,  - ,  4 ,  4 ,  8 ,,,,,,,,,CyFair,,,,,,,Cyfair | 783652 |
Cyfair | 783653 |,0,8,,0,0,0,8,,  - ,  - ,  - ,  - ,  - ,  - ,  - ,  - ,  - ,  - ,  4 ,  4 ,  8 ,,,,,,,,,CyFair,,,,,,,Cyfair | 783653 |
,0,0,,0,0,0,0,,  - ,  - ,  - ,  - ,  - ,  - ,  - ,  - ,  - ,  - ,  - ,  - ,  - ,,,,,,,,,CyFair,,,,,,,
,0,0,,0,0,0,0,,  - ,  - ,  - ,  - ,  - ,  - ,  - ,  - ,  - ,  - ,  - ,  - ,  - ,,,,,,,,,CyFair,,,,,,,
,0,0,,0,0,0,0,,  - ,  - ,  - ,  - ,  - ,  - ,  - ,  - ,  - ,  - ,  - ,  - ,  - ,,,,,,,,,CyFair,,,,,,,
,0,0,,0,0,0,0,,  - ,  - ,  - ,  - ,  - ,  - ,  - ,  - ,  - ,  - ,  - ,  - ,  - ,,,,,,,,,CyFair,,,,,,,
,0,0,,0,0,0,0,,  - ,  - ,  - ,  - ,  - ,  - ,  - ,  - ,  - ,  - ,  - ,  - ,  - ,,,,,,,,,CyFair,,,,,,,
,0,0,,0,0,0,0,,  - ,  - ,  - ,  - ,  - ,  - ,  - ,  - ,  - ,  - ,  - ,  - ,  - ,,,,,,,,,CyFair,,,,,,,
,0,0,,0,0,0,0,,  - ,  - ,  - ,  - ,  - ,  - ,  - ,  - ,  - ,  - ,  - ,  - ,  - ,,,,,,,,,CyFair,,,,,,,
,0,0,,0,0,0,0,,  - ,  - ,  - ,  - ,  - ,  - ,  - ,  - ,  - ,  - ,  - ,  - ,  - ,,,,,,,,,CyFair,,,,,,,
,0,0,,0,0,0,0,,  - ,  - ,  - ,  - ,  - ,  - ,  - ,  - ,  - ,  - ,  - ,  - ,  - ,,,,,,,,,CyFair,,,,,,,
,0,0,,0,0,0,0,,  - ,  - ,  - ,  - ,  - ,  - ,  - ,  - ,  - ,  - ,  - ,  - ,  - ,,,,,,,,,CyFair,,,,,,,
,0,0,,0,0,0,0,,  - ,  - ,  - ,  - ,  - ,  - ,  - ,  - ,  - ,  - ,  - ,  - ,  - ,,,,,,,,,CyFair,,,,,,,
,0,0,,0,0,0,0,,  - ,  - ,  - ,  - ,  - ,  - ,  - ,  - ,  - ,  - ,  - ,  - ,  - ,,,,,,,,,CyFair,,,,,,,
,0,0,,0,0,0,0,,  - ,  - ,  - ,  - ,  - ,  - ,  - ,  - ,  - ,  - ,  - ,  - ,  - ,,,,,,,,,CyFair,,,,,,,
,0,0,,0,0,0,0,,  - ,  - ,  - ,  - ,  - ,  - ,  - ,  - ,  - ,  - ,  - ,  - ,  - ,,,,,,,,,CyFair,,,,,,,
,0,0,,0,0,0,0,,  - ,  - ,  - ,  - ,  - ,  - ,  - ,  - ,  - ,  - ,  - ,  - ,  - ,,,,,,,,,CyFair,,,,,,,
,0,0,,0,0,0,0,,  - ,  - ,  - ,  - ,  - ,  - ,  - ,  - ,  - ,  - ,  - ,  - ,  - ,,,,,,,,,CyFair,,,,,,,
,0,0,,0,0,0,0,,  - ,  - ,  - ,  - ,  - ,  - ,  - ,  - ,  - ,  - ,  - ,  - ,  - ,,,,,,,,,CyFair,,,,,,,
,0,0,,0,0,0,0,,  - ,  - ,  - ,  - ,  - ,  - ,  - ,  - ,  - ,  - ,  - ,  - ,  - ,,,,,,,,,CyFair,,,,,,,
,0,0,,0,0,0,0,,  - ,  - ,  - ,  - ,  - ,  - ,  - ,  - ,  - ,  - ,  - ,  - ,  - ,,,,,,,,,CyFair,,,,,,,
,0,0,,0,0,0,0,,  - ,  - ,  - ,  - ,  - ,  - ,  - ,  - ,  - ,  - ,  - ,  - ,  - ,,,,,,,,,CyFair,,,,,,,
,0,0,,0,0,0,0,,  - ,  - ,  - ,  - ,  - ,  - ,  - ,  - ,  - ,  - ,  - ,  - ,  - ,,,,,,,,,CyFair,,,,,,,
Pipeline Adjustment,-4,-27,,0,-4,-14,-14,,  - ,  - ,  - ,  - ,  - ,  (4),  (5),  (5),  (4),  (5),  (4),  (5),  (32),,,,,,,,,CyFair,,,,,,Pipeline Adjustment,
Budget Optimization,0,0,,0,0,0,0,,  - ,  - ,  - ,  - ,  - ,  - ,  - ,  - ,  - ,  - ,  - ,  - ,  - ,,,,,,,,,CyFair,,,,,,Budget Optimization,
Genuine Go-Get,0,511,,0,0,204,306,,  - ,  - ,  - ,  - ,  - ,  - ,  51 ,  51 ,  102 ,  77 ,  128 ,  102 ,  511 ,,,,,,,,,CyFair,,,,,,Genuine Go-Get,
Go-Get - Organic due to Enrolling Revenue Optimization,0,-89,,0,0,-36,-53,,  - ,  - ,  - ,  - ,  - ,  - ,  (9),  (9),  (18),  (13),  (22),  (18),  (89),,,,,,,,,CyFair,,,,,,Go-Get - Organic due to Enrolling Revenue Optimization,
Go-Get - Organic due to Enrolling Adj.,0,0,,0,0,0,0,,  - ,  - ,  - ,  - ,  - ,  - ,  (0),  (0),  (0),  (0),  (0),  (0),  (0),,,,,,,,,CyFair,,,,,,Go-Get - Organic due to Enrolling Adj.,
Go-Get - Organic due to Budget Optimization,0,0,,0,0,0,0,,  - ,  - ,  - ,  - ,  - ,  - ,  - ,  - ,  - ,  - ,  - ,  - ,  - ,,,,,,,,,CyFair,,,,,,Go-Get - Organic due to Budget Optimization,
Go-Get - Organic due to Pipeline Adj,0,32,,0,0,13,19,,  - ,  - ,  - ,  - ,  - ,  - ,  3 ,  3 ,  6 ,  5 ,  8 ,  6 ,  32 ,,,,,,,,,CyFair,,,,,,Go-Get - Organic due to Pipeline Adj,
Go-Get - Organic due to Awarded Adj,0,648,,0,0,259,389,,  - ,  - ,  - ,  - ,  - ,  - ,  65 ,  65 ,  130 ,  97 ,  162 ,  130 ,  648 ,,,,,,,,,CyFair,,,,,,Go-Get - Organic due to Awarded Adj,
Go-Get Organic,0,-80,,0,0,-32,-48,,  - ,  - ,  - ,  - ,  - ,  - ,  (8),  (8),  (16),  (12),  (20),  (16),  (80),,,,,,,,,CyFair,,,,,,Go-Get Organic,
Dallas - Fort Worth,"2,252","1,426",,"1,242","1,010",567,859,,  254 ,  395 ,  592 ,  483 ,  335 ,  191 ,  184 ,  134 ,  249 ,  332 ,  269 ,  257 ,"  3,678 ",,,,,,,,,Dallas - Fort Worth,,,,,Dallas - Fort Worth,,
Backlog (Maintenance),691,346,,383,308,96,250,,  141 ,  122 ,  120 ,  97 ,  134 ,  78 ,  27 ,  14 ,  55 ,  84 ,  81 ,  85 ,"  1,038 ",,,,,,,,,Dallas - Fort Worth,,,,,,Backlog (Maintenance),
DFW | mRNA-1403-P301,367,186,,144,223,15,171,,  - ,  90 ,  55 ,  65 ,  122 ,  36 ,  15 ,  - ,  - ,  64 ,  71 ,  36 ,  554 ,,,,,,,,,Dallas - Fort Worth,,,,,,,DFW | mRNA-1403-P301
DFW | D7960C00012,52,67,,29,23,42,25,,  11 ,  5 ,  14 ,  4 ,  2 ,  17 ,  2 ,  3 ,  37 ,  10 ,  10 ,  5 ,  119 ,,,,,,,,,Dallas - Fort Worth,,,,,,,DFW | D7960C00012
DFW | mRNA-1403-P301 | AC,173,78,,130,43,24,54,,  130 ,  - ,  - ,  20 ,  - ,  23 ,  11 ,  1 ,  13 ,  9 ,  1 ,  44 ,  251 ,,,,,,,,,Dallas - Fort Worth,,,,,,,DFW | mRNA-1403-P301 | AC
DFW | C4591081,99,15,,79,19,15,0,,  - ,  28 ,  52 ,  8 ,  10 ,  2 ,  - ,  10 ,  5 ,  - ,  - ,  - ,  114 ,,,,,,,,,Dallas - Fort Worth,,,,,,,DFW | C4591081
,0,0,,0,0,0,0,,  - ,  - ,  - ,  - ,  - ,  - ,  - ,  - ,  - ,  - ,  - ,  - ,  - ,,,,,,,,,Dallas - Fort Worth,,,,,,,
Total Enrolling,"  1,536 ",  421 ,,  859 ,  677 ,  222 ,  199 ,,  114 ,  274 ,  472 ,  386 ,  201 ,  89 ,  100 ,  56 ,  66 ,  59 ,  69 ,  71 ,"  1,957 ",,,,,,,,,Dallas - Fort Worth,,,,,,Total Enrolling,
Enrolling,"1,538",430,,859,678,226,204,,  114 ,  274 ,  472 ,  386 ,  201 ,  90 ,  102 ,  57 ,  67 ,  61 ,  70 ,  73 ,"  1,967 ",,,,,,,,,Dallas - Fort Worth,,,,,,Enrolling,
DFW | 1378-0018,15,47,,5,10,32,15,,  0 ,  5 ,  0 ,  10 ,  - ,  - ,  10 ,  9 ,  13 ,  5 ,  6 ,  4 ,  62 ,,,,,,,,,Dallas - Fort Worth,,,,,,,DFW | 1378-0018
DFW | D7960C00015,125,191,,32,93,103,89,,  9 ,  14 ,  10 ,  39 ,  32 ,  21 ,  42 ,  28 ,  33 ,  33 ,  30 ,  26 ,  316 ,,,,,,,,,Dallas - Fort Worth,,,,,,,DFW | D7960C00015
Dallas-Fort Worth | VYD2311-PREV-002 |,"1,341",36,,781,560,36,0,,  64 ,  255 ,  462 ,  334 ,  164 ,  62 ,  36 ,  - ,  - ,  - ,  - ,  - ,"  1,377 ",,,,,,,,,Dallas - Fort Worth,,,,,,,Dallas-Fort Worth | VYD2311-PREV-002 |
DFW | 301160,32,79,,20,12,31,48,,  20 ,  - ,  - ,  4 ,  5 ,  2 ,  8 ,  11 ,  12 ,  12 ,  15 ,  21 ,  111 ,,,,,,,,,Dallas - Fort Worth,,,,,,,DFW | 301160
DFW | 306246,25,76,,20,4,24,52,,  20 ,  - ,  - ,  - ,  - ,  4 ,  6 ,  9 ,  9 ,  11 ,  19 ,  22 ,  101 ,,,,,,,,,Dallas - Fort Worth,,,,,,,DFW | 306246
,0,0,,0,0,0,0,,  - ,  - ,  - ,  - ,  - ,  - ,  - ,  - ,  - ,  - ,  - ,  - ,  - ,,,,,,,,,Dallas - Fort Worth,,,,,,,
Revenue Optimization - Enrolling Studies,-2,-8,,0,-2,-4,-5,,  - ,  - ,  - ,  - ,  - ,  (2),  (2),  (1),  (1),  (2),  (1),  (1),  (10),,,,,,,,,Dallas - Fort Worth,,,,,,Revenue Optimization - Enrolling Studies,
Risk Adjustments for Enrolling Trials,0,0,,0,0,0,0,,  - ,  - ,  - ,  - ,  - ,  - ,  - ,  - ,  - ,  - ,  - ,  - ,  - ,,,,,,,,,Dallas - Fort Worth,,,,,,Risk Adjustments for Enrolling Trials,
Total Awarded,  2 ,  234 ,,  - ,  2 ,  69 ,  165 ,,  - ,  - ,  - ,  - ,  - ,  2 ,  7 ,  10 ,  51 ,  122 ,  29 ,  15 ,  236 ,,,,,,,,,Dallas - Fort Worth,,,,,,Total Awarded,
Awarded,2,650,,0,2,172,478,,  - ,  - ,  - ,  - ,  - ,  2 ,  7 ,  10 ,  155 ,  385 ,  69 ,  23 ,  652 ,,,,,,,,,Dallas - Fort Worth,,,,,,Awarded,
Dallas-Fort Worth | VCA23395 | Main Cohort 1 (Stage 2),0,207,,0,0,0,207,,  - ,  - ,  - ,  - ,  - ,  - ,  - ,  - ,  - ,  139 ,  56 ,  12 ,  207 ,,,,,,,,,Dallas - Fort Worth,,,,,,,Dallas-Fort Worth | VCA23395 | Main Cohort 1 (Stage 2)
Dallas-Fort Worth | 308623 |,0,21,,0,0,9,11,,  - ,  - ,  - ,  - ,  - ,  - ,  2 ,  4 ,  3 ,  4 ,  4 ,  3 ,  21 ,,,,,,,,,Dallas - Fort Worth,,,,,,,Dallas-Fort Worth | 308623 |
Dallas-Fort Worth | 218130 |,0,369,,0,0,144,226,,  - ,  - ,  - ,  - ,  - ,  - ,  - ,  - ,  144 ,  226 ,  - ,  - ,  369 ,,,,,,,,,Dallas - Fort Worth,,,,,,,Dallas-Fort Worth | 218130 |
Dallas-Fort Worth | D7261C00002 |,2,41,,0,2,13,28,,  - ,  - ,  - ,  - ,  - ,  2 ,  2 ,  4 ,  6 ,  14 ,  7 ,  7 ,  43 ,,,,,,,,,Dallas - Fort Worth,,,,,,,Dallas-Fort Worth | D7261C00002 |
Dallas-Fort Worth | 306300 |,0,13,,0,0,7,6,,  - ,  - ,  - ,  - ,  - ,  - ,  3 ,  2 ,  2 ,  3 ,  2 ,  2 ,  13 ,,,,,,,,,Dallas - Fort Worth,,,,,,,Dallas-Fort Worth | 306300 |
,,,,,,,,,,,,,,,,,,,,,,,,,,,,,,Dallas - Fort Worth,,,,,,,
,0,0,,0,0,0,0,,  - ,  - ,  - ,  - ,  - ,  - ,  - ,  - ,  - ,  - ,  - ,  - ,  - ,,,,,,,,,Dallas - Fort Worth,,,,,,,
,0,0,,0,0,0,0,,  - ,  - ,  - ,  - ,  - ,  - ,  - ,  - ,  - ,  - ,  - ,  - ,  - ,,,,,,,,,Dallas - Fort Worth,,,,,,,
Awarded Adjustment,0,-416,,0,0,-104,-312,,  - ,  - ,  - ,  - ,  - ,  - ,  - ,  0 ,  (104),  (263),  (41),  (8),  (416),,,,,,,,,Dallas - Fort Worth,,,,,,Awarded Adjustment,
Total Pipeline,22,195,,0,22,88,107,,  - ,  - ,  - ,  - ,  - ,  22 ,  27 ,  30 ,  31 ,  33 ,  33 ,  40 ,  217 ,,,,,,,,,Dallas - Fort Worth,,,,,,Total Pipeline,
Pipeline,27,222,,0,27,102,120,,  - ,  - ,  - ,  - ,  - ,  27 ,  32 ,  35 ,  35 ,  38 ,  38 ,  45 ,  249 ,,,,,,,,,Dallas - Fort Worth,,,,,,Pipeline,
Dallas-Fort Worth | D7266C00001 |,0,45,,0,0,14,31,,  - ,  - ,  - ,  - ,  - ,  - ,  3 ,  5 ,  6 ,  7 ,  9 ,  15 ,  45 ,,,,,,,,,Dallas - Fort Worth,,,,,,,Dallas-Fort Worth | D7266C00001 |
Dallas-Fort Worth | OAB71527 |,0,2,,0,0,1,1,,  - ,  - ,  - ,  - ,  - ,  - ,  - ,  0 ,  0 ,  0 ,  0 ,  0 ,  2 ,,,,,,,,,Dallas - Fort Worth,,,,,,,Dallas-Fort Worth | OAB71527 |
Dallas-Fort Worth | 306938 |,19,118,,0,19,59,59,,  - ,  - ,  - ,  - ,  - ,  19 ,  20 ,  20 ,  19 ,  20 ,  19 ,  20 ,  137 ,,,,,,,,,Dallas - Fort Worth,,,,,,,Dallas-Fort Worth | 306938 |
Dallas-Fort Worth | 7076875 |,0,3,,0,0,2,2,,  - ,  - ,  - ,  - ,  - ,  - ,  0 ,  1 ,  1 ,  1 ,  1 ,  1 ,  3 ,,,,,,,,,Dallas - Fort Worth,,,,,,,Dallas-Fort Worth | 7076875 |
Dallas-Fort Worth | J2A-MC-GZVA |,6,37,,0,6,19,19,,  - ,  - ,  - ,  - ,  - ,  6 ,  6 ,  6 ,  6 ,  6 ,  6 ,  6 ,  44 ,,,,,,,,,Dallas - Fort Worth,,,,,,,Dallas-Fort Worth | J2A-MC-GZVA |
Dallas-Fort Worth | NT-0796-P005 |,2,10,,0,2,5,5,,  - ,  - ,  - ,  - ,  - ,  2 ,  2 ,  2 ,  2 ,  2 ,  2 ,  2 ,  12 ,,,,,,,,,Dallas - Fort Worth,,,,,,,Dallas-Fort Worth | NT-0796-P005 |
Dallas-Fort Worth | BHB-1893-301 |,0,7,,0,0,3,4,,  - ,  - ,  - ,  - ,  - ,  - ,  - ,  1 ,  1 ,  1 ,  1 ,  1 ,  7 ,,,,,,,,,Dallas - Fort Worth,,,,,,,Dallas-Fort Worth | BHB-1893-301 |
,0,0,,0,0,0,0,,  - ,  - ,  - ,  - ,  - ,  - ,  - ,  - ,  - ,  - ,  - ,  - ,  - ,,,,,,,,,Dallas - Fort Worth,,,,,,,
,0,0,,0,0,0,0,,  - ,  - ,  - ,  - ,  - ,  - ,  - ,  - ,  - ,  - ,  - ,  - ,  - ,,,,,,,,,Dallas - Fort Worth,,,,,,,
,0,0,,0,0,0,0,,  - ,  - ,  - ,  - ,  - ,  - ,  - ,  - ,  - ,  - ,  - ,  - ,  - ,,,,,,,,,Dallas - Fort Worth,,,,,,,
,0,0,,0,0,0,0,,  - ,  - ,  - ,  - ,  - ,  - ,  - ,  - ,  - ,  - ,  - ,  - ,  - ,,,,,,,,,Dallas - Fort Worth,,,,,,,
,0,0,,0,0,0,0,,  - ,  - ,  - ,  - ,  - ,  - ,  - ,  - ,  - ,  - ,  - ,  - ,  - ,,,,,,,,,Dallas - Fort Worth,,,,,,,
,0,0,,0,0,0,0,,  - ,  - ,  - ,  - ,  - ,  - ,  - ,  - ,  - ,  - ,  - ,  - ,  - ,,,,,,,,,Dallas - Fort Worth,,,,,,,
,0,0,,0,0,0,0,,  - ,  - ,  - ,  - ,  - ,  - ,  - ,  - ,  - ,  - ,  - ,  - ,  - ,,,,,,,,,Dallas - Fort Worth,,,,,,,
,0,0,,0,0,0,0,,  - ,  - ,  - ,  - ,  - ,  - ,  - ,  - ,  - ,  - ,  - ,  - ,  - ,,,,,,,,,Dallas - Fort Worth,,,,,,,
,0,0,,0,0,0,0,,  - ,  - ,  - ,  - ,  - ,  - ,  - ,  - ,  - ,  - ,  - ,  - ,  - ,,,,,,,,,Dallas - Fort Worth,,,,,,,
,0,0,,0,0,0,0,,  - ,  - ,  - ,  - ,  - ,  - ,  - ,  - ,  - ,  - ,  - ,  - ,  - ,,,,,,,,,Dallas - Fort Worth,,,,,,,
,0,0,,0,0,0,0,,  - ,  - ,  - ,  - ,  - ,  - ,  - ,  - ,  - ,  - ,  - ,  - ,  - ,,,,,,,,,Dallas - Fort Worth,,,,,,,
Pipeline Adjustment,-4,-27,,0,-4,-14,-14,,  - ,  - ,  - ,  - ,  - ,  (4),  (5),  (5),  (4),  (5),  (4),  (5),  (32),,,,,,,,,Dallas - Fort Worth,,,,,,Pipeline Adjustment,
Budget Optimization,0,0,,0,0,0,0,,  - ,  - ,  - ,  - ,  - ,  - ,  - ,  - ,  - ,  - ,  - ,  - ,  - ,,,,,,,,,Dallas - Fort Worth,,,,,,Budget Optimization,
Genuine Go-Get,0,230,,0,0,92,138,,  - ,  - ,  - ,  - ,  - ,  - ,  23 ,  23 ,  46 ,  34 ,  57 ,  46 ,  230 ,,,,,,,,,Dallas - Fort Worth,,,,,,Genuine Go-Get,
Go-Get - Organic due to Enrolling Revenue Optimization,0,10,,0,0,4,6,,  - ,  - ,  - ,  - ,  - ,  - ,  1 ,  1 ,  2 ,  1 ,  2 ,  2 ,  10 ,,,,,,,,,Dallas - Fort Worth,,,,,,Go-Get - Organic due to Enrolling Revenue Optimization,
Go-Get - Organic due to Enrolling Adj.,0,0,,0,0,0,0,,  - ,  - ,  - ,  - ,  - ,  - ,  - ,  - ,  - ,  - ,  - ,  - ,  - ,,,,,,,,,Dallas - Fort Worth,,,,,,Go-Get - Organic due to Enrolling Adj.,
Go-Get - Organic due to Budget Optimization,0,0,,0,0,0,0,,  - ,  - ,  - ,  - ,  - ,  - ,  - ,  - ,  - ,  - ,  - ,  - ,  - ,,,,,,,,,Dallas - Fort Worth,,,,,,Go-Get - Organic due to Budget Optimization,
Go-Get - Organic due to Pipeline Adj,0,32,,0,0,13,19,,  - ,  - ,  - ,  - ,  - ,  - ,  3 ,  3 ,  6 ,  5 ,  8 ,  6 ,  32 ,,,,,,,,,Dallas - Fort Worth,,,,,,Go-Get - Organic due to Pipeline Adj,
Go-Get - Organic due to Awarded Adj,0,416,,0,0,166,250,,  - ,  - ,  - ,  - ,  - ,  - ,  42 ,  42 ,  83 ,  62 ,  104 ,  83 ,  416 ,,,,,,,,,Dallas - Fort Worth,,,,,,Go-Get - Organic due to Awarded Adj,
Go-Get Organic,0,-228,,0,0,-91,-137,,  - ,  - ,  - ,  - ,  - ,  - ,  (23),  (23),  (46),  (34),  (57),  (46),  (228),,,,,,,,,Dallas - Fort Worth,,,,,,Go-Get Organic,
Dominion,293,"1,387",,120,173,472,914,,  30 ,  58 ,  31 ,  29 ,  113 ,  32 ,  98 ,  160 ,  215 ,  371 ,  287 ,  256 ,"  1,679 ",,,,,,,,,Dominion,,,,,Dominion,,
Backlog (Maintenance),182,0,,96,86,0,0,,  28 ,  55 ,  12 ,  6 ,  80 ,  - ,  - ,  - ,  - ,  - ,  - ,  - ,  182 ,,,,,,,,,Dominion,,,,,,Backlog (Maintenance),
DOM | V118_24 |,182,0,,96,86,0,0,,  28 ,  55 ,  12 ,  6 ,  80 ,  - ,  - ,  - ,  - ,  - ,  - ,  - ,  182 ,,,,,,,,,Dominion,,,,,,,DOM | V118_24 |
Total Enrolling,102,159,,24,78,113,46,,  2 ,  3 ,  19 ,  23 ,  32 ,  26 ,  36 ,  48 ,  44 ,  28 ,  15 ,  9 ,  285 ,,,,,,,,,Dominion,,,,,,Total Enrolling,
Enrolling,102,159,,24,78,113,46,,  2 ,  3 ,  19 ,  23 ,  32 ,  23 ,  32 ,  42 ,  39 ,  25 ,  13 ,  8 ,  261 ,,,,,,,,,Dominion,,,,,,Enrolling,
DOM | D6973C00001,102,159,,24,78,113,46,,  2 ,  3 ,  19 ,  23 ,  32 ,  23 ,  32 ,  42 ,  39 ,  25 ,  13 ,  8 ,  261 ,,,,,,,,,Dominion,,,,,,,DOM | D6973C00001
Revenue Optimization - Enrolling Studies,3,21,,0,3,15,6,,  - ,  - ,  - ,  - ,  - ,  3 ,  4 ,  6 ,  5 ,  3 ,  2 ,  1 ,  24 ,,,,,,,,,Dominion,,,,,,Revenue Optimization - Enrolling Studies,
Risk Adjustments for Enrolling Trials,0,0,,0,0,0,0,,  - ,  - ,  - ,  - ,  - ,  - ,  0 ,  - ,  - ,  - ,  - ,  - ,  0 ,,,,,,,,,Dominion,,,,,,Risk Adjustments for Enrolling Trials,
Total Awarded,2,232,,0,2,13,220,,  - ,  - ,  - ,  - ,  - ,  2 ,  2 ,  4 ,  6 ,  172 ,  37 ,  10 ,  234 ,,,,,,,,,Dominion,,,,,,Total Awarded,
Awarded,2,730,,0,2,13,717,,  - ,  - ,  - ,  - ,  - ,  2 ,  2 ,  4 ,  6 ,  583 ,  116 ,  19 ,  732 ,,,,,,,,,Dominion,,,,,,Awarded,
Dominion (San Antonio) | VCA23395 | Main Cohort 1 (Stage 2),0,207,,0,0,0,207,,  - ,  - ,  - ,  - ,  - ,  - ,  - ,  - ,  - ,  139 ,  56 ,  12 ,  207 ,,,,,,,,,Dominion,,,,,,,Dominion (San Antonio) | VCA23395 | Main Cohort 1 (Stage 2)
Dominion (San Antonio) | 218130 |,0,483,,0,0,0,483,,  - ,  - ,  - ,  - ,  - ,  - ,  - ,  - ,  - ,  430 ,  52 ,  - ,  483 ,,,,,,,,,Dominion,,,,,,,Dominion (San Antonio) | 218130 |
Dominion (San Antonio) | D7261C00004 |,2,41,,0,2,13,28,,  - ,  - ,  - ,  - ,  - ,  2 ,  2 ,  4 ,  6 ,  14 ,  7 ,  7 ,  43 ,,,,,,,,,Dominion,,,,,,,Dominion (San Antonio) | D7261C00004 |
,,,,,,,,,,,,,,,,,,,,,,,,,,,,,,,,,,,,,
,0,0,,0,0,0,0,,  - ,  - ,  - ,  - ,  - ,  - ,  - ,  - ,  - ,  - ,  - ,  - ,  - ,,,,,,,,,Dominion,,,,,,,
Awarded Adjustment,0,-498,,0,0,0,-498,,  - ,  - ,  - ,  - ,  - ,  - ,  (0),  0 ,  - ,  (411),  (78),  (8),  (498),,,,,,,,,Dominion,,,,,,Awarded Adjustment,
Total Pipeline,3,528,,0,3,153,375,,  - ,  - ,  - ,  - ,  - ,  3 ,  15 ,  63 ,  75 ,  105 ,  123 ,  147 ,  532 ,,,,,,,,,Dominion,,,,,,Total Pipeline,
Pipeline,8,556,,0,8,167,389,,  - ,  - ,  - ,  - ,  - ,  8 ,  20 ,  67 ,  79 ,  109 ,  128 ,  152 ,  563 ,,,,,,,,,Dominion,,,,,,Pipeline,
Dominion (San Antonio) | D7266C00001 |,0,51,,0,0,15,36,,  - ,  - ,  - ,  - ,  - ,  - ,  4 ,  5 ,  6 ,  8 ,  9 ,  19 ,  51 ,,,,,,,,,Dominion,,,,,,,Dominion (San Antonio) | D7266C00001 |
Dominion (San Antonio) | ALV-101-1 |,0,161,,0,0,45,115,,  - ,  - ,  - ,  - ,  - ,  - ,  8 ,  16 ,  21 ,  36 ,  38 ,  42 ,  161 ,,,,,,,,,Dominion,,,,,,,Dominion (San Antonio) | ALV-101-1 |
Dominion (San Antonio) | R5713-5715-ALG-2556 |,0,50,,0,0,0,50,,  - ,  - ,  - ,  - ,  - ,  - ,  - ,  - ,  - ,  8 ,  17 ,  25 ,  50 ,,,,,,,,,Dominion,,,,,,,Dominion (San Antonio) | R5713-5715-ALG-2556 |
Dominion (San Antonio) | OAB71527 |,0,2,,0,0,1,1,,  - ,  - ,  - ,  - ,  - ,  - ,  - ,  0 ,  0 ,  0 ,  0 ,  0 ,  2 ,,,,,,,,,Dominion,,,,,,,Dominion (San Antonio) | OAB71527 |
Dominion (San Antonio) | M26-266 |,0,3,,0,0,1,2,,  - ,  - ,  - ,  - ,  - ,  - ,  0 ,  1 ,  1 ,  1 ,  1 ,  1 ,  3 ,,,,,,,,,Dominion,,,,,,,Dominion (San Antonio) | M26-266 |
Dominion (San Antonio) | J2A-MC-GZVA |,6,37,,0,6,19,19,,  - ,  - ,  - ,  - ,  - ,  6 ,  6 ,  6 ,  6 ,  6 ,  6 ,  6 ,  44 ,,,,,,,,,Dominion,,,,,,,Dominion (San Antonio) | J2A-MC-GZVA |
Dominion (San Antonio) | NT-0796-P005 |,2,10,,0,2,5,5,,  - ,  - ,  - ,  - ,  - ,  2 ,  2 ,  2 ,  2 ,  2 ,  2 ,  2 ,  12 ,,,,,,,,,Dominion,,,,,,,Dominion (San Antonio) | NT-0796-P005 |
Dominion (San Antonio) | D7961C00001 |,0,18,,0,0,4,14,,  - ,  - ,  - ,  - ,  - ,  - ,  - ,  - ,  4 ,  5 ,  5 ,  5 ,  18 ,,,,,,,,,Dominion,,,,,,,Dominion (San Antonio) | D7961C00001 |
Dominion (San Antonio) | 2513T1632 |,0,11,,0,0,0,11,,  - ,  - ,  - ,  - ,  - ,  - ,  - ,  - ,  - ,  3 ,  4 ,  4 ,  11 ,,,,,,,,,Dominion,,,,,,,Dominion (San Antonio) | 2513T1632 |
Dominion (San Antonio) | ASC30-302 |,0,66,,0,0,26,40,,  - ,  - ,  - ,  - ,  - ,  - ,  - ,  13 ,  13 ,  13 ,  13 ,  13 ,  66 ,,,,,,,,,Dominion,,,,,,,Dominion (San Antonio) | ASC30-302 |
Dominion (San Antonio) | ASC30-301 |,0,131,,0,0,51,80,,  - ,  - ,  - ,  - ,  - ,  - ,  - ,  25 ,  26 ,  27 ,  26 ,  27 ,  131 ,,,,,,,,,Dominion,,,,,,,Dominion (San Antonio) | ASC30-301 |
Dominion (San Antonio) | 783652 |,0,8,,0,0,0,8,,  - ,  - ,  - ,  - ,  - ,  - ,  - ,  - ,  - ,  - ,  4 ,  4 ,  8 ,,,,,,,,,Dominion,,,,,,,Dominion (San Antonio) | 783652 |
Dominion (San Antonio) | 783653 |,0,8,,0,0,0,8,,  - ,  - ,  - ,  - ,  - ,  - ,  - ,  - ,  - ,  - ,  4 ,  4 ,  8 ,,,,,,,,,Dominion,,,,,,,Dominion (San Antonio) | 783653 |
,0,0,,0,0,0,0,,  - ,  - ,  - ,  - ,  - ,  - ,  - ,  - ,  - ,  - ,  - ,  - ,  - ,,,,,,,,,Dominion,,,,,,,
,0,0,,0,0,0,0,,  - ,  - ,  - ,  - ,  - ,  - ,  - ,  - ,  - ,  - ,  - ,  - ,  - ,,,,,,,,,Dominion,,,,,,,
,0,0,,0,0,0,0,,  - ,  - ,  - ,  - ,  - ,  - ,  - ,  - ,  - ,  - ,  - ,  - ,  - ,,,,,,,,,Dominion,,,,,,,
,0,0,,0,0,0,0,,  - ,  - ,  - ,  - ,  - ,  - ,  - ,  - ,  - ,  - ,  - ,  - ,  - ,,,,,,,,,Dominion,,,,,,,
,0,0,,0,0,0,0,,  - ,  - ,  - ,  - ,  - ,  - ,  - ,  - ,  - ,  - ,  - ,  - ,  - ,,,,,,,,,Dominion,,,,,,,
,0,0,,0,0,0,0,,  - ,  - ,  - ,  - ,  - ,  - ,  - ,  - ,  - ,  - ,  - ,  - ,  - ,,,,,,,,,Dominion,,,,,,,
Pipeline Adjustment,-4,-27,,0,-4,-14,-14,,  - ,  - ,  - ,  - ,  - ,  (4),  (5),  (5),  (4),  (5),  (4),  (5),  (32),,,,,,,,,Dominion,,,,,,Pipeline Adjustment,
Budget Optimization,0,0,,0,0,0,0,,  - ,  - ,  - ,  - ,  - ,  - ,  - ,  - ,  - ,  - ,  - ,  - ,  - ,,,,,,,,,Dominion,,,,,,Budget Optimization,
Genuine Go-Get,0,446,,0,0,179,268,,  - ,  - ,  - ,  - ,  - ,  - ,  45 ,  45 ,  89 ,  67 ,  112 ,  89 ,  446 ,,,,,,,,,Dominion,,,,,,Genuine Go-Get,
Go-Get - Organic due to Enrolling Revenue Optimization,0,-24,,0,0,-10,-14,,  - ,  - ,  - ,  - ,  - ,  - ,  (2),  (2),  (5),  (4),  (6),  (5),  (24),,,,,,,,,Dominion,,,,,,Go-Get - Organic due to Enrolling Revenue Optimization,
Go-Get - Organic due to Enrolling Adj.,0,0,,0,0,0,0,,  - ,  - ,  - ,  - ,  - ,  - ,  (0),  (0),  (0),  (0),  (0),  (0),  (0),,,,,,,,,Dominion,,,,,,Go-Get - Organic due to Enrolling Adj.,
Go-Get - Organic due to Budget Optimization,0,0,,0,0,0,0,,  - ,  - ,  - ,  - ,  - ,  - ,  - ,  - ,  - ,  - ,  - ,  - ,  - ,,,,,,,,,Dominion,,,,,,Go-Get - Organic due to Budget Optimization,
Go-Get - Organic due to Pipeline Adj,0,32,,0,0,13,19,,  - ,  - ,  - ,  - ,  - ,  - ,  3 ,  3 ,  6 ,  5 ,  8 ,  6 ,  32 ,,,,,,,,,Dominion,,,,,,Go-Get - Organic due to Pipeline Adj,
Go-Get - Organic due to Awarded Adj,0,498,,0,0,199,299,,  - ,  - ,  - ,  - ,  - ,  - ,  50 ,  50 ,  100 ,  75 ,  124 ,  100 ,  498 ,,,,,,,,,Dominion,,,,,,Go-Get - Organic due to Awarded Adj,
Go-Get Organic,0,-59,,0,0,-24,-36,,  - ,  - ,  - ,  - ,  - ,  - ,  (6),  (6),  (12),  (9),  (15),  (12),  (59),,,,,,,,,Dominion,,,,,,Go-Get Organic,
Jersey City,"2,609","1,587",,"1,539","1,069",675,912,,  309 ,  459 ,  772 ,  384 ,  454 ,  231 ,  272 ,  198 ,  205 ,  398 ,  255 ,  258 ,"  4,196 ",,,,,,,,,Jersey City,,,,,Jersey City,,
Backlog (Maintenance),"1,243",313,,797,446,182,130,,  268 ,  301 ,  227 ,  116 ,  230 ,  101 ,  106 ,  43 ,  33 ,  42 ,  14 ,  74 ,"  1,556 ",,,,,,,,,Jersey City,,,,,,Backlog (Maintenance),
NJC | mRNA-1010-P304,6,0,,6,0,0,0,,  - ,  6 ,  - ,  - ,  - ,  - ,  - ,  - ,  - ,  - ,  - ,  - ,  6 ,,,,,,,,,Jersey City,,,,,,,NJC | mRNA-1010-P304
NJC | mRNA-1403-P301,234,62,,128,106,1,61,,  - ,  89 ,  39 ,  35 ,  59 ,  12 ,  1 ,  - ,  - ,  35 ,  14 ,  12 ,  296 ,,,,,,,,,Jersey City,,,,,,,NJC | mRNA-1403-P301
NJC | JCXH-105-021,2,0,,2,0,0,0,,  2 ,  - ,  - ,  - ,  - ,  - ,  - ,  - ,  - ,  - ,  - ,  - ,  2 ,,,,,,,,,Jersey City,,,,,,,NJC | JCXH-105-021
NJC | VXA-COV-202,297,96,,187,110,96,0,,  112 ,  38 ,  36 ,  19 ,  36 ,  55 ,  89 ,  7 ,  - ,  - ,  - ,  - ,  393 ,,,,,,,,,Jersey City,,,,,,,NJC | VXA-COV-202
NJC | CVXGA-003,8,0,,8,0,0,0,,  0 ,  8 ,  - ,  - ,  - ,  - ,  - ,  - ,  - ,  - ,  - ,  - ,  8 ,,,,,,,,,Jersey City,,,,,,,NJC | CVXGA-003
NJC | V118_24 |,214,0,,98,116,0,0,,  24 ,  59 ,  14 ,  4 ,  112 ,  - ,  - ,  - ,  - ,  - ,  - ,  - ,  214 ,,,,,,,,,Jersey City,,,,,,,NJC | V118_24 |
NJC | mRNA-1403-P301 | AC,118,94,,71,47,25,69,,  71 ,  - ,  - ,  24 ,  - ,  24 ,  7 ,  3 ,  15 ,  6 ,  0 ,  63 ,  212 ,,,,,,,,,Jersey City,,,,,,,NJC | mRNA-1403-P301 | AC
NJC | C4591081,202,38,,160,42,38,0,,  - ,  76 ,  84 ,  16 ,  22 ,  4 ,  - ,  30 ,  8 ,  - ,  - ,  - ,  240 ,,,,,,,,,Jersey City,,,,,,,NJC | C4591081
NJC | mRNA-1273_1283-P401,162,23,,137,26,23,0,,  59 ,  24 ,  54 ,  18 ,  0 ,  7 ,  9 ,  3 ,  10 ,  - ,  - ,  - ,  185 ,,,,,,,,,Jersey City,,,,,,,NJC | mRNA-1273_1283-P401
,0,0,,0,0,0,0,,  - ,  - ,  - ,  - ,  - ,  - ,  - ,  - ,  - ,  - ,  - ,  - ,  - ,,,,,,,,,Jersey City,,,,,,,
Total Enrolling,"1,346",134,,743,603,134,0,,  41 ,  157 ,  545 ,  269 ,  224 ,  110 ,  89 ,  41 ,  3 ,  - ,  - ,  - ,"  1,479 ",,,,,,,,,Jersey City,,,,,,Total Enrolling,
Enrolling,"1,346",134,,743,603,134,0,,  41 ,  157 ,  545 ,  269 ,  224 ,  110 ,  89 ,  41 ,  3 ,  - ,  - ,  - ,"  1,479 ",,,,,,,,,Jersey City,,,,,,Enrolling,
Jersey City | VYD2311-PREV-002 |,"1,346",134,,743,603,134,0,,  41 ,  157 ,  545 ,  269 ,  224 ,  110 ,  89 ,  41 ,  3 ,  - ,  - ,  - ,"  1,479 ",,,,,,,,,Jersey City,,,,,,,Jersey City | VYD2311-PREV-002 |
,0,0,,0,0,0,0,,  - ,  - ,  - ,  - ,  - ,  - ,  - ,  - ,  - ,  - ,  - ,  - ,  - ,,,,,,,,,Jersey City,,,,,,,
,0,0,,0,0,0,0,,  - ,  - ,  - ,  - ,  - ,  - ,  - ,  - ,  - ,  - ,  - ,  - ,  - ,,,,,,,,,Jersey City,,,,,,,
Revenue Optimization - Enrolling Studies,0,0,,0,0,0,0,,  - ,  - ,  - ,  - ,  - ,  - ,  - ,  - ,  - ,  - ,  - ,  - ,  - ,,,,,,,,,Jersey City,,,,,,Revenue Optimization - Enrolling Studies,
Risk Adjustments for Enrolling Trials,0,0,,0,0,0,0,,  - ,  - ,  - ,  - ,  - ,  - ,  - ,  - ,  - ,  - ,  - ,  - ,  - ,,,,,,,,,Jersey City,,,,,,Risk Adjustments for Enrolling Trials,
Total Awarded,0,897,,0,0,0,897,,  - ,  - ,  - ,  - ,  - ,  - ,  - ,  - ,  - ,  213 ,  33 ,  3 ,  249 ,,,,,,,,,Jersey City,,,,,,Total Awarded,
Awarded,0,897,,0,0,0,897,,  - ,  - ,  - ,  - ,  - ,  - ,  - ,  - ,  - ,  766 ,  120 ,  12 ,  897 ,,,,,,,,,Jersey City,,,,,,Awarded,
Jersey City | VCA23395 | Main Cohort 1 (Stage 2),0,207,,0,0,0,207,,  - ,  - ,  - ,  - ,  - ,  - ,  - ,  - ,  - ,  139 ,  56 ,  12 ,  207 ,,,,,,,,,Jersey City,,,,,,,Jersey City | VCA23395 | Main Cohort 1 (Stage 2)
Jersey City | 218130 |,0,690,,0,0,0,690,,  - ,  - ,  - ,  - ,  - ,  - ,  - ,  - ,  - ,  627 ,  64 ,  - ,  690 ,,,,,,,,,Jersey City,,,,,,,Jersey City | 218130 |
,0,0,,0,0,0,0,,  - ,  - ,  - ,  - ,  - ,  - ,  - ,  - ,  - ,  - ,  - ,  - ,  - ,,,,,,,,,Jersey City,,,,,,,
Awarded Adjustment,0,-648,,0,0,0,-648,,  - ,  - ,  - ,  - ,  - ,  - ,  - ,  - ,  - ,  (553),  (87),  (8),  (648),,,,,,,,,Jersey City,,,,,,Awarded Adjustment,
Total Pipeline,20,332,,0,20,135,196,,  - ,  - ,  - ,  - ,  - ,  20 ,  21 ,  59 ,  56 ,  60 ,  68 ,  68 ,  351 ,,,,,,,,,Jersey City,,,,,,Total Pipeline,
Pipeline,20,332,,0,20,135,196,,  - ,  - ,  - ,  - ,  - ,  20 ,  21 ,  59 ,  56 ,  60 ,  68 ,  68 ,  351 ,,,,,,,,,Jersey City,,,,,,Pipeline,
Jersey City | D7265C00001 |,0,22,,0,0,10,13,,  - ,  - ,  - ,  - ,  - ,  - ,  - ,  8 ,  2 ,  3 ,  6 ,  4 ,  22 ,,,,,,,,,Jersey City,,,,,,,Jersey City | D7265C00001 |
Jersey City | V201-08 |,0,1,,0,0,0,1,,  - ,  - ,  - ,  - ,  - ,  - ,  - ,  - ,  - ,  - ,  1 ,  1 ,  1 ,,,,,,,,,Jersey City,,,,,,,Jersey City | V201-08 |
Jersey City | OAB71527 |,0,2,,0,0,1,1,,  - ,  - ,  - ,  - ,  - ,  - ,  - ,  0 ,  0 ,  0 ,  0 ,  0 ,  2 ,,,,,,,,,Jersey City,,,,,,,Jersey City | OAB71527 |
Jersey City | D8790C00001 |,0,1,,0,0,0,0,,  - ,  - ,  - ,  - ,  - ,  - ,  0 ,  0 ,  0 ,  0 ,  0 ,  0 ,  1 ,,,,,,,,,Jersey City,,,,,,,Jersey City | D8790C00001 |
Jersey City | AAHI-AMVPX-123 |,0,2,,0,0,1,1,,  - ,  - ,  - ,  - ,  - ,  0 ,  0 ,  0 ,  0 ,  0 ,  0 ,  0 ,  3 ,,,,,,,,,Jersey City,,,,,,,Jersey City | AAHI-AMVPX-123 |
Jersey City | 306938 |,19,118,,0,19,59,59,,  - ,  - ,  - ,  - ,  - ,  19 ,  20 ,  20 ,  19 ,  20 ,  19 ,  20 ,  137 ,,,,,,,,,Jersey City,,,,,,,Jersey City | 306938 |
Jersey City | RAB35102 |,0,1,,0,0,1,1,,  - ,  - ,  - ,  - ,  - ,  0 ,  0 ,  0 ,  0 ,  0 ,  0 ,  0 ,  2 ,,,,,,,,,Jersey City,,,,,,,Jersey City | RAB35102 |
Jersey City | D7961C00001 |,0,15,,0,0,3,12,,  - ,  - ,  - ,  - ,  - ,  - ,  - ,  - ,  3 ,  4 ,  4 ,  4 ,  15 ,,,,,,,,,Jersey City,,,,,,,Jersey City | D7961C00001 |
Jersey City | ASC30-302 |,0,57,,0,0,22,35,,  - ,  - ,  - ,  - ,  - ,  - ,  - ,  11 ,  11 ,  12 ,  11 ,  12 ,  57 ,,,,,,,,,Jersey City,,,,,,,Jersey City | ASC30-302 |
Jersey City | 783652 |,0,8,,0,0,0,8,,  - ,  - ,  - ,  - ,  - ,  - ,  - ,  - ,  - ,  - ,  4 ,  4 ,  8 ,,,,,,,,,Jersey City,,,,,,,Jersey City | 783652 |
Jersey City | 783653 |,0,5,,0,0,0,5,,  - ,  - ,  - ,  - ,  - ,  - ,  - ,  - ,  - ,  - ,  3 ,  3 ,  5 ,,,,,,,,,Jersey City,,,,,,,Jersey City | 783653 |
Jersey City | ASC30-301 |,0,98,,0,0,38,60,,  - ,  - ,  - ,  - ,  - ,  - ,  - ,  19 ,  20 ,  20 ,  20 ,  20 ,  98 ,,,,,,,,,Jersey City,,,,,,,Jersey City | ASC30-301 |
,0,0,,0,0,0,0,,  - ,  - ,  - ,  - ,  - ,  - ,  - ,  - ,  - ,  - ,  - ,  - ,  - ,,,,,,,,,Jersey City,,,,,,,
,0,0,,0,0,0,0,,  - ,  - ,  - ,  - ,  - ,  - ,  - ,  - ,  - ,  - ,  - ,  - ,  - ,,,,,,,,,Jersey City,,,,,,,
,0,0,,0,0,0,0,,  - ,  - ,  - ,  - ,  - ,  - ,  - ,  - ,  - ,  - ,  - ,  - ,  - ,,,,,,,,,Jersey City,,,,,,,
,0,0,,0,0,0,0,,  - ,  - ,  - ,  - ,  - ,  - ,  - ,  - ,  - ,  - ,  - ,  - ,  - ,,,,,,,,,Jersey City,,,,,,,
,0,0,,0,0,0,0,,  - ,  - ,  - ,  - ,  - ,  - ,  - ,  - ,  - ,  - ,  - ,  - ,  - ,,,,,,,,,Jersey City,,,,,,,
,0,0,,0,0,0,0,,  - ,  - ,  - ,  - ,  - ,  - ,  - ,  - ,  - ,  - ,  - ,  - ,  - ,,,,,,,,,Jersey City,,,,,,,
Pipeline Adjustment,0,0,,0,0,0,0,,  - ,  - ,  - ,  - ,  - ,  - ,  (0),  - ,  (0),  - ,  - ,  - ,  (0),,,,,,,,,Jersey City,,,,,,Pipeline Adjustment,
Budget Optimization,0,0,,0,0,0,0,,  - ,  - ,  - ,  - ,  - ,  - ,  - ,  - ,  - ,  - ,  - ,  - ,  - ,,,,,,,,,Jersey City,,,,,,Budget Optimization,
Genuine Go-Get,0,560,,0,0,224,336,,  - ,  - ,  - ,  - ,  - ,  - ,  56 ,  56 ,  112 ,  84 ,  140 ,  112 ,  560 ,,,,,,,,,Jersey City,,,,,,Genuine Go-Get,
Go-Get - Organic due to Enrolling Revenue Optimization,0,0,,0,0,0,0,,  - ,  - ,  - ,  - ,  - ,  - ,  - ,  - ,  - ,  - ,  - ,  - ,  - ,,,,,,,,,Jersey City,,,,,,Go-Get - Organic due to Enrolling Revenue Optimization,
Go-Get - Organic due to Enrolling Adj.,0,0,,0,0,0,0,,  - ,  - ,  - ,  - ,  - ,  - ,  - ,  - ,  - ,  - ,  - ,  - ,  - ,,,,,,,,,Jersey City,,,,,,Go-Get - Organic due to Enrolling Adj.,
Go-Get - Organic due to Budget Optimization,0,0,,0,0,0,0,,  - ,  - ,  - ,  - ,  - ,  - ,  - ,  - ,  - ,  - ,  - ,  - ,  - ,,,,,,,,,Jersey City,,,,,,Go-Get - Organic due to Budget Optimization,
Go-Get - Organic due to Pipeline Adj,0,0,,0,0,0,0,,  - ,  - ,  - ,  - ,  - ,  - ,  0 ,  0 ,  0 ,  0 ,  0 ,  0 ,  0 ,,,,,,,,,Jersey City,,,,,,Go-Get - Organic due to Pipeline Adj,
Go-Get - Organic due to Awarded Adj,0,648,,0,0,259,389,,  - ,  - ,  - ,  - ,  - ,  - ,  65 ,  65 ,  130 ,  97 ,  162 ,  130 ,  648 ,,,,,,,,,Jersey City,,,,,,Go-Get - Organic due to Awarded Adj,
Go-Get Organic,0,-88,,0,0,-35,-53,,  - ,  - ,  - ,  - ,  - ,  - ,  (9),  (9),  (18),  (13),  (22),  (18),  (88),,,,,,,,,Jersey City,,,,,,Go-Get Organic,
NOVA,48,802,,0,48,349,453,,  - ,  - ,  - ,  - ,  21 ,  27 ,  69 ,  135 ,  145 ,  155 ,  157 ,  141 ,  850 ,,,,,,,,,NOVA,,,,,NOVA,,
Backlog (Maintenance),0,0,,0,0,0,0,,  - ,  - ,  - ,  - ,  - ,  - ,  - ,  - ,  - ,  - ,  - ,  - ,  - ,,,,,,,,,NOVA,,,,,,Backlog (Maintenance),
Total Enrolling,0,0,,0,0,0,0,,  - ,  - ,  - ,  - ,  - ,  - ,  - ,  - ,  - ,  - ,  - ,  - ,  - ,,,,,,,,,NOVA,,,,,,Total Enrolling,
Enrolling,0,0,,0,0,0,0,,  - ,  - ,  - ,  - ,  - ,  - ,  - ,  - ,  - ,  - ,  - ,  - ,  - ,,,,,,,,,NOVA,,,,,,Enrolling,
Revenue Optimization - Enrolling Studies,0,0,,0,0,0,0,,  - ,  - ,  - ,  - ,  - ,  - ,  - ,  - ,  - ,  - ,  - ,  - ,  - ,,,,,,,,,NOVA,,,,,,Revenue Optimization - Enrolling Studies,
Risk Adjustments for Enrolling Trials,0,0,,0,0,0,0,,  - ,  - ,  - ,  - ,  - ,  - ,  - ,  - ,  - ,  - ,  - ,  - ,  - ,,,,,,,,,NOVA,,,,,,Risk Adjustments for Enrolling Trials,
Total Awarded,46,275,,0,46,150,124,,  - ,  - ,  - ,  - ,  21 ,  25 ,  56 ,  50 ,  45 ,  39 ,  48 ,  38 ,  321 ,,,,,,,,,NOVA,,,,,,Total Awarded,
Awarded,46,275,,0,46,150,124,,  - ,  - ,  - ,  - ,  21 ,  25 ,  56 ,  50 ,  45 ,  39 ,  48 ,  38 ,  321 ,,,,,,,,,NOVA,,,,,,Awarded,
NOVA (Dallas) | VRB-101-202 |,46,245,,0,46,142,103,,  - ,  - ,  - ,  - ,  21 ,  25 ,  53 ,  47 ,  41 ,  32 ,  43 ,  29 ,  291 ,,,,,,,,,NOVA,,,,,,,NOVA (Dallas) | VRB-101-202 |
NOVA (Dallas) | D7260C00015 |,0,30,,0,0,9,21,,  - ,  - ,  - ,  - ,  - ,  - ,  3 ,  2 ,  4 ,  8 ,  5 ,  9 ,  30 ,,,,,,,,,NOVA,,,,,,,NOVA (Dallas) | D7260C00015 |
Awarded Adjustment,0,0,,0,0,0,0,,  - ,  - ,  - ,  - ,  - ,  - ,  - ,  - ,  - ,  - ,  - ,  - ,  - ,,,,,,,,,NOVA,,,,,,Awarded Adjustment,
Total Pipeline,2,492,,0,2,185,308,,  - ,  - ,  - ,  - ,  - ,  2 ,  10 ,  82 ,  93 ,  111 ,  100 ,  97 ,  494 ,,,,,,,,,NOVA,,,,,,Total Pipeline,
Pipeline,6,520,,0,6,198,322,,  - ,  - ,  - ,  - ,  - ,  6 ,  15 ,  86 ,  98 ,  116 ,  105 ,  101 ,  526 ,,,,,,,,,NOVA,,,,,,Pipeline,
NOVA (Dallas) | ALV-101-1 |,0,161,,0,0,45,115,,  - ,  - ,  - ,  - ,  - ,  - ,  8 ,  16 ,  21 ,  36 ,  38 ,  42 ,  161 ,,,,,,,,,NOVA,,,,,,,NOVA (Dallas) | ALV-101-1 |
NOVA (Dallas) | D8750C00011 |,0,23,,0,0,9,14,,  - ,  - ,  - ,  - ,  - ,  - ,  - ,  4 ,  5 ,  5 ,  5 ,  5 ,  23 ,,,,,,,,,NOVA,,,,,,,NOVA (Dallas) | D8750C00011 |
NOVA (Dallas) | D8750C00014 |,0,68,,0,0,38,30,,  - ,  - ,  - ,  - ,  - ,  - ,  - ,  19 ,  20 ,  20 ,  10 ,  - ,  68 ,,,,,,,,,NOVA,,,,,,,NOVA (Dallas) | D8750C00014 |
NOVA (Dallas) | D8750C00010 |,0,20,,0,0,8,12,,  - ,  - ,  - ,  - ,  - ,  - ,  - ,  4 ,  4 ,  4 ,  4 ,  4 ,  20 ,,,,,,,,,NOVA,,,,,,,NOVA (Dallas) | D8750C00010 |
NOVA (Dallas) | D8750C00012 |,0,46,,0,0,18,28,,  - ,  - ,  - ,  - ,  - ,  - ,  - ,  9 ,  9 ,  9 ,  9 ,  9 ,  46 ,,,,,,,,,NOVA,,,,,,,NOVA (Dallas) | D8750C00012 |
NOVA (Dallas) | J2A-MC-GZVA |,6,37,,0,6,19,19,,  - ,  - ,  - ,  - ,  - ,  6 ,  6 ,  6 ,  6 ,  6 ,  6 ,  6 ,  44 ,,,,,,,,,NOVA,,,,,,,NOVA (Dallas) | J2A-MC-GZVA |
NOVA (Dallas) | D7961C00001 |,0,17,,0,0,4,14,,  - ,  - ,  - ,  - ,  - ,  - ,  - ,  - ,  4 ,  5 ,  4 ,  5 ,  17 ,,,,,,,,,NOVA,,,,,,,NOVA (Dallas) | D7961C00001 |
NOVA (Dallas) | ASC30-302 |,0,49,,0,0,19,30,,  - ,  - ,  - ,  - ,  - ,  - ,  - ,  9 ,  10 ,  10 ,  10 ,  10 ,  49 ,,,,,,,,,NOVA,,,,,,,NOVA (Dallas) | ASC30-302 |
NOVA (Dallas) | ASC30-301 |,0,98,,0,0,38,60,,  - ,  - ,  - ,  - ,  - ,  - ,  - ,  19 ,  20 ,  20 ,  20 ,  20 ,  98 ,,,,,,,,,NOVA,,,,,,,NOVA (Dallas) | ASC30-301 |
,0,0,,0,0,0,0,,  - ,  - ,  - ,  - ,  - ,  - ,  - ,  - ,  - ,  - ,  - ,  - ,  - ,,,,,,,,,NOVA,,,,,,,
,0,0,,0,0,0,0,,  - ,  - ,  - ,  - ,  - ,  - ,  - ,  - ,  - ,  - ,  - ,  - ,  - ,,,,,,,,,NOVA,,,,,,,
,0,0,,0,0,0,0,,  - ,  - ,  - ,  - ,  - ,  - ,  - ,  - ,  - ,  - ,  - ,  - ,  - ,,,,,,,,,NOVA,,,,,,,
Pipeline Adjustment,-4,-27,,0,-4,-14,-14,,  - ,  - ,  - ,  - ,  - ,  (4),  (5),  (5),  (4),  (5),  (4),  (5),  (32),,,,,,,,,NOVA,,,,,,Pipeline Adjustment,
Budget Optimization,0,0,,0,0,0,0,,  - ,  - ,  - ,  - ,  - ,  - ,  - ,  - ,  - ,  - ,  - ,  - ,  - ,,,,,,,,,NOVA,,,,,,Budget Optimization,
Genuine Go-Get,0,35,,0,0,14,21,,  - ,  - ,  - ,  - ,  - ,  - ,  3 ,  3 ,  7 ,  5 ,  9 ,  7 ,  35 ,,,,,,,,,NOVA,,,,,,Genuine Go-Get,
Go-Get - Organic due to Enrolling Revenue Optimization,0,0,,0,0,0,0,,  - ,  - ,  - ,  - ,  - ,  - ,  - ,  - ,  - ,  - ,  - ,  - ,  - ,,,,,,,,,NOVA,,,,,,Go-Get - Organic due to Enrolling Revenue Optimization,
Go-Get - Organic due to Enrolling Adj.,0,0,,0,0,0,0,,  - ,  - ,  - ,  - ,  - ,  - ,  - ,  - ,  - ,  - ,  - ,  - ,  - ,,,,,,,,,NOVA,,,,,,Go-Get - Organic due to Enrolling Adj.,
Go-Get - Organic due to Budget Optimization,0,0,,0,0,0,0,,  - ,  - ,  - ,  - ,  - ,  - ,  - ,  - ,  - ,  - ,  - ,  - ,  - ,,,,,,,,,NOVA,,,,,,Go-Get - Organic due to Budget Optimization,
Go-Get - Organic due to Pipeline Adj,0,32,,0,0,13,19,,  - ,  - ,  - ,  - ,  - ,  - ,  3 ,  3 ,  6 ,  5 ,  8 ,  6 ,  32 ,,,,,,,,,NOVA,,,,,,Go-Get - Organic due to Pipeline Adj,
Go-Get - Organic due to Awarded Adj,0,0,,0,0,0,0,,  - ,  - ,  - ,  - ,  - ,  - ,  - ,  - ,  - ,  - ,  - ,  - ,  - ,,,,,,,,,NOVA,,,,,,Go-Get - Organic due to Awarded Adj,
Go-Get Organic,0,3,,0,0,1,2,,  - ,  - ,  - ,  - ,  - ,  - ,  0 ,  0 ,  1 ,  0 ,  1 ,  1 ,  3 ,,,,,,,,,NOVA,,,,,,Go-Get Organic,
Philadelphia,"5,680","2,929",,"3,362","2,319","1,136","1,794",,  992 ,  853 ,"  1,516 ","  1,063 ",  729 ,  526 ,  399 ,  348 ,  388 ,  804 ,  488 ,  502 ,"  8,609 ",,,,,,,,,Philadelphia,,,,,Philadelphia,,
Backlog (Maintenance),"2,449",445,,"1,683",765,155,290,,  867 ,  403 ,  414 ,  351 ,  203 ,  212 ,  85 ,  30 ,  41 ,  108 ,  46 ,  136 ,"  2,893 ",,,,,,,,,Philadelphia,,,,,,Backlog (Maintenance),
PHL | mRNA-1468-P101,9,0,,0,9,0,0,,  - ,  - ,  - ,  - ,  9 ,  - ,  - ,  - ,  - ,  - ,  - ,  - ,  9 ,,,,,,,,,Philadelphia,,,,,,,PHL | mRNA-1468-P101
PHL | mRNA- 1345-P303,25,0,,20,4,0,0,,  14 ,  2 ,  5 ,  0 ,  4 ,  - ,  - ,  - ,  - ,  - ,  - ,  - ,  25 ,,,,,,,,,Philadelphia,,,,,,,PHL | mRNA- 1345-P303
PHL | mRNA-1083-P201,8,0,,8,0,0,0,,  4 ,  4 ,  - ,  - ,  - ,  - ,  - ,  - ,  - ,  - ,  - ,  - ,  8 ,,,,,,,,,Philadelphia,,,,,,,PHL | mRNA-1083-P201
PHL | mRNA-1403-P301,475,153,,236,239,21,133,,  - ,  165 ,  72 ,  84 ,  141 ,  14 ,  21 ,  - ,  - ,  79 ,  40 ,  14 ,  629 ,,,,,,,,,Philadelphia,,,,,,,PHL | mRNA-1403-P301
PHL | mRNA-1195-P101 | Part B,50,39,,29,21,17,22,,  7 ,  5 ,  17 ,  10 ,  5 ,  6 ,  6 ,  6 ,  6 ,  20 ,  2 ,  - ,  89 ,,,,,,,,,Philadelphia,,,,,,,PHL | mRNA-1195-P101 | Part B
PHL | AR882-301,26,4,,13,13,4,0,,  5 ,  3 ,  5 ,  2 ,  4 ,  7 ,  4 ,  - ,  - ,  - ,  - ,  - ,  30 ,,,,,,,,,Philadelphia,,,,,,,PHL | AR882-301
PHL | CVXGA-003,35,0,,35,0,0,0,,  34 ,  1 ,  - ,  (0),  - ,  - ,  - ,  - ,  - ,  - ,  - ,  - ,  35 ,,,,,,,,,Philadelphia,,,,,,,PHL | CVXGA-003
PHL | C6271001 Cohort 3,8,0,,8,0,0,0,,  - ,  - ,  8 ,  - ,  - ,  - ,  - ,  - ,  - ,  - ,  - ,  - ,  8 ,,,,,,,,,Philadelphia,,,,,,,PHL | C6271001 Cohort 3
PHL | VAX31-103,975,55,,788,187,55,0,,  494 ,  152 ,  141 ,  45 ,  21 ,  121 ,  41 ,  8 ,  6 ,  - ,  - ,  - ,"  1,030 ",,,,,,,,,Philadelphia,,,,,,,PHL | VAX31-103
PHL | 219685 Part 2,13,8,,5,7,2,6,,  5 ,  - ,  1 ,  1 ,  3 ,  3 ,  - ,  1 ,  1 ,  - ,  3 ,  3 ,  21 ,,,,,,,,,Philadelphia,,,,,,,PHL | 219685 Part 2
PHL | SAN-1138,7,0,,0,7,0,0,,  - ,  - ,  - ,  - ,  7 ,  - ,  - ,  - ,  - ,  - ,  - ,  - ,  7 ,,,,,,,,,Philadelphia,,,,,,,PHL | SAN-1138
PHL | CD388.SQ.3.06,473,3,,349,124,3,0,,  169 ,  36 ,  144 ,  105 ,  7 ,  12 ,  3 ,  - ,  - ,  - ,  - ,  - ,  476 ,,,,,,,,,Philadelphia,,,,,,,PHL | CD388.SQ.3.06
PHL | C6181001,17,0,,17,0,0,0,,  - ,  17 ,  - ,  - ,  - ,  - ,  - ,  - ,  - ,  - ,  - ,  - ,  17 ,,,,,,,,,Philadelphia,,,,,,,PHL | C6181001
PHL | C4591076,49,0,,4,45,0,0,,  2 ,  1 ,  1 ,  45 ,  - ,  - ,  - ,  - ,  - ,  - ,  - ,  - ,  49 ,,,,,,,,,Philadelphia,,,,,,,PHL | C4591076
PHL | 221531,49,8,,31,18,5,3,,  20 ,  3 ,  8 ,  13 ,  2 ,  3 ,  - ,  2 ,  3 ,  3 ,  - ,  - ,  57 ,,,,,,,,,Philadelphia,,,,,,,PHL | 221531
PHL | mRNA-1403-P301 | AC,170,166,,89,81,40,126,,  89 ,  - ,  - ,  42 ,  - ,  39 ,  7 ,  11 ,  23 ,  6 ,  0 ,  119 ,  336 ,,,,,,,,,Philadelphia,,,,,,,PHL | mRNA-1403-P301 | AC
PHL | mRNA-1273_1283-P401,61,7,,51,10,7,0,,  25 ,  14 ,  12 ,  4 ,  0 ,  6 ,  3 ,  2 ,  2 ,  - ,  - ,  - ,  68 ,,,,,,,,,Philadelphia,,,,,,,PHL | mRNA-1273_1283-P401
Total Enrolling,"3,186","1,173",,"1,678","1,507",623,551,,  126 ,  451 ,"  1,102 ",  713 ,  526 ,  264 ,  244 ,  190 ,  178 ,  263 ,  166 ,  115 ,"  4,337 ",,,,,,,,,Philadelphia,,,,,,Total Enrolling,
Enrolling,"3,186","1,173",,"1,678","1,507",623,551,,  126 ,  451 ,"  1,102 ",  713 ,  526 ,  268 ,  247 ,  193 ,  182 ,  267 ,  169 ,  115 ,"  4,359 ",,,,,,,,,Philadelphia,,,,,,Enrolling,
PHL | FpA-AS-30093,3,9,,0,3,9,0,,  - ,  - ,  - ,  - ,  - ,  3 ,  8 ,  1 ,  - ,  - ,  - ,  - ,  12 ,,,,,,,,,Philadelphia,,,,,,,PHL | FpA-AS-30093
PHL | C4771002,84,274,,17,68,140,135,,  7 ,  6 ,  4 ,  7 ,  21 ,  39 ,  47 ,  48 ,  44 ,  47 ,  37 ,  50 ,  359 ,,,,,,,,,Philadelphia,,,,,,,PHL | C4771002
Philadelphia | VYD2311-PREV-002 |,"2,283",46,,"1,477",806,46,0,,  119 ,  424 ,  935 ,  464 ,  261 ,  81 ,  46 ,  - ,  - ,  - ,  - ,  - ,"  2,329 ",,,,,,,,,Philadelphia,,,,,,,Philadelphia | VYD2311-PREV-002 |
Philadelphia | C6481001 |,304,91,,127,177,0,91,,  - ,  - ,  127 ,  146 ,  31 ,  - ,  - ,  - ,  - ,  78 ,  13 ,  - ,  395 ,,,,,,,,,Philadelphia,,,,,,,Philadelphia | C6481001 |
Philadelphia | TRS-018 |,58,753,,58,453,428,325,,  - ,  22 ,  37 ,  96 ,  212 ,  145 ,  146 ,  144 ,  138 ,  141 ,  119 ,  65 ,"  1,264 ",,,,,,,,,Philadelphia,,,,,,,Philadelphia | TRS-018 |
,0,0,,0,0,0,0,,  - ,  - ,  - ,  - ,  - ,  - ,  - ,  - ,  - ,  - ,  - ,  - ,  - ,,,,,,,,,Philadelphia,,,,,,,
,0,0,,0,0,0,0,,  - ,  - ,  - ,  - ,  - ,  - ,  - ,  - ,  - ,  - ,  - ,  - ,  - ,,,,,,,,,Philadelphia,,,,,,,
Revenue Optimization - Enrolling Studies,-4,-18,,0,-4,-11,-7,,  - ,  - ,  - ,  - ,  - ,  (4),  (3),  (4),  (4),  (4),  (3),  1 ,  (22),,,,,,,,,Philadelphia,,,,,,Revenue Optimization - Enrolling Studies,
Risk Adjustments for Enrolling Trials,0,0,,0,0,0,0,,  - ,  - ,  - ,  - ,  - ,  - ,  0 ,  0 ,  - ,  - ,  - ,  (0),  0 ,,,,,,,,,Philadelphia,,,,,,Risk Adjustments for Enrolling Trials,
Total Awarded,21,"1,195",,0,21,81,"1,114",,  - ,  - ,  - ,  - ,  - ,  21 ,  9 ,  23 ,  22 ,  274 ,  48 ,  26 ,  422 ,,,,,,,,,Philadelphia,,,,,,Total Awarded,
Awarded,21,"1,195",,0,21,81,"1,114",,  - ,  - ,  - ,  - ,  - ,  21 ,  9 ,  23 ,  49 ,  931 ,  144 ,  38 ,"  1,215 ",,,,,,,,,Philadelphia,,,,,,Awarded,
Philadelphia | VCA23395 | Main Cohort 1 (Stage 2),0,207,,0,0,0,207,,  - ,  - ,  - ,  - ,  - ,  - ,  - ,  - ,  - ,  139 ,  56 ,  12 ,  207 ,,,,,,,,,Philadelphia,,,,,,,Philadelphia | VCA23395 | Main Cohort 1 (Stage 2)
Philadelphia | EXPD-101-201 |,0,96,,0,21,43,53,,  - ,  - ,  - ,  - ,  - ,  21 ,  9 ,  23 ,  11 ,  21 ,  11 ,  21 ,  117 ,,,,,,,,,Philadelphia,,,,,,,Philadelphia | EXPD-101-201 |
Philadelphia | 218130 |,0,831,,0,0,0,831,,  - ,  - ,  - ,  - ,  - ,  - ,  - ,  - ,  - ,  757 ,  74 ,  - ,  831 ,,,,,,,,,Philadelphia,,,,,,,Philadelphia | 218130 |
Philadelphia | VCA23395 | Cohort 2 Sentinel (Stage 1),0,61,,0,0,37,23,,  - ,  - ,  - ,  - ,  - ,  - ,  - ,  - ,  37 ,  15 ,  3 ,  6 ,  61 ,,,,,,,,,Philadelphia,,,,,,,Philadelphia | VCA23395 | Cohort 2 Sentinel (Stage 1)
,0,0,,0,0,0,0,,  - ,  - ,  - ,  - ,  - ,  - ,  - ,  - ,  - ,  - ,  - ,  - ,  - ,,,,,,,,,Philadelphia,,,,,,,
Awarded Adjustment,0,-793,,0,0,-27,-766,,  - ,  - ,  - ,  - ,  - ,  - ,  - ,  - ,  (27),  (658),  (96),  (13),  (793),,,,,,,,,Philadelphia,,,,,,Awarded Adjustment,
Total Pipeline,29,636,,0,29,198,438,,  - ,  - ,  - ,  - ,  - ,  29 ,  33 ,  76 ,  89 ,  116 ,  156 ,  166 ,  666 ,,,,,,,,,Philadelphia,,,,,,Total Pipeline,
Pipeline,29,636,,0,29,198,438,,  - ,  - ,  - ,  - ,  - ,  29 ,  33 ,  76 ,  89 ,  116 ,  156 ,  166 ,  666 ,,,,,,,,,Philadelphia,,,,,,Pipeline,
Philadelphia | D7265C00001 |,0,22,,0,0,10,13,,  - ,  - ,  - ,  - ,  - ,  - ,  - ,  8 ,  2 ,  3 ,  6 ,  4 ,  22 ,,,,,,,,,Philadelphia,,,,,,,Philadelphia | D7265C00001 |
Philadelphia | MK-5884-031 |,0,9,,0,0,0,9,,  - ,  - ,  - ,  - ,  - ,  - ,  - ,  - ,  - ,  - ,  6 ,  3 ,  9 ,,,,,,,,,Philadelphia,,,,,,,Philadelphia | MK-5884-031 |
Philadelphia | R5713-5715-ALG-2556 |,0,130,,0,0,0,130,,  - ,  - ,  - ,  - ,  - ,  - ,  - ,  - ,  - ,  16 ,  51 ,  63 ,  130 ,,,,,,,,,Philadelphia,,,,,,,Philadelphia | R5713-5715-ALG-2556 |
Philadelphia | V201-08 |,0,1,,0,0,0,1,,  - ,  - ,  - ,  - ,  - ,  - ,  - ,  - ,  - ,  - ,  1 ,  1 ,  1 ,,,,,,,,,Philadelphia,,,,,,,Philadelphia | V201-08 |
Philadelphia | OAB71527 |,0,2,,0,0,1,1,,  - ,  - ,  - ,  - ,  - ,  - ,  - ,  0 ,  0 ,  0 ,  0 ,  0 ,  2 ,,,,,,,,,Philadelphia,,,,,,,Philadelphia | OAB71527 |
Philadelphia | D8790C00001 |,0,5,,0,0,2,2,,  - ,  - ,  - ,  - ,  - ,  - ,  1 ,  1 ,  1 ,  1 ,  1 ,  1 ,  5 ,,,,,,,,,Philadelphia,,,,,,,Philadelphia | D8790C00001 |
Philadelphia | 223960 |,0,1,,0,0,1,1,,  - ,  - ,  - ,  - ,  - ,  0 ,  0 ,  0 ,  0 ,  0 ,  0 ,  0 ,  1 ,,,,,,,,,Philadelphia,,,,,,,Philadelphia | 223960 |
Philadelphia | AAHI-AMVPX-123 |,0,2,,0,0,1,1,,  - ,  - ,  - ,  - ,  - ,  0 ,  0 ,  0 ,  0 ,  0 ,  0 ,  0 ,  3 ,,,,,,,,,Philadelphia,,,,,,,Philadelphia | AAHI-AMVPX-123 |
Philadelphia | CLI-10196AA1-02 |,0,2,,0,0,1,1,,  - ,  - ,  - ,  - ,  - ,  - ,  - ,  0 ,  0 ,  0 ,  0 ,  0 ,  2 ,,,,,,,,,Philadelphia,,,,,,,Philadelphia | CLI-10196AA1-02 |
Philadelphia | 306938 |,19,118,,0,19,59,59,,  - ,  - ,  - ,  - ,  - ,  19 ,  20 ,  20 ,  19 ,  20 ,  19 ,  20 ,  137 ,,,,,,,,,Philadelphia,,,,,,,Philadelphia | 306938 |
Philadelphia | RAB35102 |,1,9,,0,1,4,4,,  - ,  - ,  - ,  - ,  - ,  1 ,  1 ,  1 ,  1 ,  1 ,  1 ,  1 ,  10 ,,,,,,,,,Philadelphia,,,,,,,Philadelphia | RAB35102 |
Philadelphia | C4591083 |,8,51,,0,8,25,25,,  - ,  - ,  - ,  - ,  - ,  8 ,  9 ,  9 ,  8 ,  9 ,  8 ,  9 ,  59 ,,,,,,,,,Philadelphia,,,,,,,Philadelphia | C4591083 |
Philadelphia | D9186C00004/D9186C00005 |,0,10,,0,0,2,8,,  - ,  - ,  - ,  - ,  - ,  - ,  - ,  - ,  2 ,  3 ,  3 ,  3 ,  10 ,,,,,,,,,Philadelphia,,,,,,,Philadelphia | D9186C00004/D9186C00005 |
Philadelphia | 222725 |,0,40,,0,0,8,32,,  - ,  - ,  - ,  - ,  - ,  - ,  - ,  - ,  8 ,  11 ,  10 ,  11 ,  40 ,,,,,,,,,Philadelphia,,,,,,,Philadelphia | 222725 |
Philadelphia | 222714 |,0,40,,0,0,8,32,,  - ,  - ,  - ,  - ,  - ,  - ,  - ,  - ,  8 ,  11 ,  10 ,  11 ,  40 ,,,,,,,,,Philadelphia,,,,,,,Philadelphia | 222714 |
Philadelphia | FYU-981-CRYS-202 |,0,3,,0,0,0,3,,  - ,  - ,  - ,  - ,  - ,  - ,  - ,  - ,  - ,  1 ,  1 ,  1 ,  3 ,,,,,,,,,Philadelphia,,,,,,,Philadelphia | FYU-981-CRYS-202 |
Philadelphia | 308532 |,0,4,,0,0,2,2,,  - ,  - ,  - ,  - ,  - ,  - ,  1 ,  1 ,  1 ,  1 ,  1 ,  1 ,  4 ,,,,,,,,,Philadelphia,,,,,,,Philadelphia | 308532 |
Philadelphia | 300743 |,0,5,,0,0,2,3,,  - ,  - ,  - ,  - ,  - ,  - ,  - ,  1 ,  1 ,  1 ,  1 ,  1 ,  5 ,,,,,,,,,Philadelphia,,,,,,,Philadelphia | 300743 |
Philadelphia | 300742 |,0,5,,0,0,2,3,,  - ,  - ,  - ,  - ,  - ,  - ,  - ,  1 ,  1 ,  1 ,  1 ,  1 ,  5 ,,,,,,,,,Philadelphia,,,,,,,Philadelphia | 300742 |
Philadelphia | NOE115-VMS-202 |,0,21,,0,0,10,12,,  - ,  - ,  - ,  - ,  - ,  - ,  2 ,  4 ,  4 ,  4 ,  4 ,  4 ,  21 ,,,,,,,,,Philadelphia,,,,,,,Philadelphia | NOE115-VMS-202 |
Philadelphia | ASC30-302 |,0,57,,0,0,22,35,,  - ,  - ,  - ,  - ,  - ,  - ,  - ,  11 ,  11 ,  12 ,  11 ,  12 ,  57 ,,,,,,,,,Philadelphia,,,,,,,Philadelphia | ASC30-302 |
Philadelphia | ASC30-301 |,0,98,,0,0,38,60,,  - ,  - ,  - ,  - ,  - ,  - ,  - ,  19 ,  20 ,  20 ,  20 ,  20 ,  98 ,,,,,,,,,Philadelphia,,,,,,,Philadelphia | ASC30-301 |
,0,0,,0,0,0,0,,  - ,  - ,  - ,  - ,  - ,  - ,  - ,  - ,  - ,  - ,  - ,  - ,  - ,,,,,,,,,Philadelphia,,,,,,,
,0,0,,0,0,0,0,,  - ,  - ,  - ,  - ,  - ,  - ,  - ,  - ,  - ,  - ,  - ,  - ,  - ,,,,,,,,,Philadelphia,,,,,,,
,0,0,,0,0,0,0,,  - ,  - ,  - ,  - ,  - ,  - ,  - ,  - ,  - ,  - ,  - ,  - ,  - ,,,,,,,,,Philadelphia,,,,,,,
,0,0,,0,0,0,0,,  - ,  - ,  - ,  - ,  - ,  - ,  - ,  - ,  - ,  - ,  - ,  - ,  - ,,,,,,,,,Philadelphia,,,,,,,
,0,0,,0,0,0,0,,  - ,  - ,  - ,  - ,  - ,  - ,  - ,  - ,  - ,  - ,  - ,  - ,  - ,,,,,,,,,Philadelphia,,,,,,,
,0,0,,0,0,0,0,,  - ,  - ,  - ,  - ,  - ,  - ,  - ,  - ,  - ,  - ,  - ,  - ,  - ,,,,,,,,,Philadelphia,,,,,,,
,0,0,,0,0,0,0,,  - ,  - ,  - ,  - ,  - ,  - ,  - ,  - ,  - ,  - ,  - ,  - ,  - ,,,,,,,,,Philadelphia,,,,,,,
,0,0,,0,0,0,0,,  - ,  - ,  - ,  - ,  - ,  - ,  - ,  - ,  - ,  - ,  - ,  - ,  - ,,,,,,,,,Philadelphia,,,,,,,
,0,0,,0,0,0,0,,  - ,  - ,  - ,  - ,  - ,  - ,  - ,  - ,  - ,  - ,  - ,  - ,  - ,,,,,,,,,Philadelphia,,,,,,,
,0,0,,0,0,0,0,,  - ,  - ,  - ,  - ,  - ,  - ,  - ,  - ,  - ,  - ,  - ,  - ,  - ,,,,,,,,,Philadelphia,,,,,,,
,0,0,,0,0,0,0,,  - ,  - ,  - ,  - ,  - ,  - ,  - ,  - ,  - ,  - ,  - ,  - ,  - ,,,,,,,,,Philadelphia,,,,,,,
Pipeline Adjustment,0,0,,0,0,0,0,,  - ,  - ,  - ,  - ,  - ,  - ,  - ,  (0),  - ,  - ,  - ,  - ,  (0),,,,,,,,,Philadelphia,,,,,,Pipeline Adjustment,
Budget Optimization,0,0,,0,0,0,0,,  - ,  - ,  - ,  - ,  - ,  - ,  - ,  - ,  - ,  - ,  - ,  - ,  - ,,,,,,,,,Philadelphia,,,,,,Budget Optimization,
Genuine Go-Get,0,291,,0,0,116,175,,  - ,  - ,  - ,  - ,  - ,  - ,  29 ,  29 ,  58 ,  44 ,  73 ,  58 ,  291 ,,,,,,,,,Philadelphia,,,,,,Genuine Go-Get,
Go-Get - Organic due to Enrolling Revenue Optimization,0,22,,0,0,9,13,,  - ,  - ,  - ,  - ,  - ,  - ,  2 ,  2 ,  4 ,  3 ,  5 ,  4 ,  22 ,,,,,,,,,Philadelphia,,,,,,Go-Get - Organic due to Enrolling Revenue Optimization,
Go-Get - Organic due to Enrolling Adj.,0,0,,0,0,0,0,,  - ,  - ,  - ,  - ,  - ,  - ,  (0),  (0),  (0),  (0),  (0),  (0),  (0),,,,,,,,,Philadelphia,,,,,,Go-Get - Organic due to Enrolling Adj.,
Go-Get - Organic due to Budget Optimization,0,0,,0,0,0,0,,  - ,  - ,  - ,  - ,  - ,  - ,  - ,  - ,  - ,  - ,  - ,  - ,  - ,,,,,,,,,Philadelphia,,,,,,Go-Get - Organic due to Budget Optimization,
Go-Get - Organic due to Pipeline Adj,0,0,,0,0,0,0,,  - ,  - ,  - ,  - ,  - ,  - ,  0 ,  0 ,  0 ,  0 ,  0 ,  0 ,  0 ,,,,,,,,,Philadelphia,,,,,,Go-Get - Organic due to Pipeline Adj,
Go-Get - Organic due to Awarded Adj,0,793,,0,0,317,476,,  - ,  - ,  - ,  - ,  - ,  - ,  79 ,  79 ,  159 ,  119 ,  198 ,  159 ,  793 ,,,,,,,,,Philadelphia,,,,,,Go-Get - Organic due to Awarded Adj,
Go-Get Organic,0,-524,,0,0,-210,-315,,  - ,  - ,  - ,  - ,  - ,  - ,  (52),  (52),  (105),  (79),  (131),  (105),  (524),,,,,,,,,Philadelphia,,,,,,Go-Get Organic,
Phoenix,834,"1,334",,213,621,626,709,,  97 ,  65 ,  51 ,  197 ,  232 ,  192 ,  237 ,  198 ,  191 ,  241 ,  232 ,  236 ,"  2,168 ",,,,,,,,,Phoenix,,,,,Phoenix,,
Backlog (Maintenance),405,82,,152,253,5,77,,  64 ,  65 ,  23 ,  52 ,  178 ,  23 ,  5 ,  - ,  - ,  28 ,  26 ,  23 ,  487 ,,,,,,,,,Phoenix,,,,,,Backlog (Maintenance),
PHX | mRNA-1403-P301,99,82,,12,87,5,77,,  - ,  7 ,  5 ,  34 ,  30 ,  23 ,  5 ,  - ,  - ,  28 ,  26 ,  23 ,  181 ,,,,,,,,,Phoenix,,,,,,,PHX | mRNA-1403-P301
PHX | V118_24 |,306,0,,139,166,0,0,,  64 ,  58 ,  17 ,  18 ,  148 ,  - ,  - ,  - ,  - ,  - ,  - ,  - ,  306 ,,,,,,,,,Phoenix,,,,,,,PHX | V118_24 |
Total Enrolling,357,507,,62,295,276,231,,  34 ,  - ,  28 ,  145 ,  54 ,  129 ,  158 ,  107 ,  104 ,  105 ,  94 ,  118 ,"  1,075 ",,,,,,,,,Phoenix,,,,,,Total Enrolling,
Enrolling,357,507,,62,295,276,231,,  34 ,  - ,  28 ,  145 ,  54 ,  96 ,  120 ,  80 ,  77 ,  76 ,  68 ,  87 ,  864 ,,,,,,,,,Phoenix,,,,,,Enrolling,
Phoenix | K9531-3104 (PAB77690),32,14,,17,15,6,8,,  17 ,  - ,  - ,  0 ,  12 ,  3 ,  2 ,  1 ,  2 ,  3 ,  3 ,  2 ,  46 ,,,,,,,,,Phoenix,,,,,,,Phoenix | K9531-3104 (PAB77690)
Phoenix | K9531-3107,229,263,,19,210,143,120,,  17 ,  - ,  2 ,  115 ,  35 ,  60 ,  64 ,  39 ,  40 ,  42 ,  34 ,  45 ,  492 ,,,,,,,,,Phoenix,,,,,,,Phoenix | K9531-3107
Phoenix | V2000103 |,96,231,,26,70,127,103,,  - ,  - ,  26 ,  30 ,  7 ,  33 ,  54 ,  39 ,  34 ,  31 ,  32 ,  40 ,  327 ,,,,,,,,,Phoenix,,,,,,,Phoenix | V2000103 |
Revenue Optimization - Enrolling Studies,32,178,,0,32,93,85,,  - ,  - ,  - ,  - ,  - ,  32 ,  39 ,  27 ,  28 ,  29 ,  26 ,  30 ,  211 ,,,,,,,,,Phoenix,,,,,,Revenue Optimization - Enrolling Studies,
Risk Adjustments for Enrolling Trials,0,0,,0,0,0,0,,  - ,  - ,  - ,  - ,  - ,  - ,  - ,  - ,  - ,  - ,  - ,  - ,  - ,,,,,,,,,Phoenix,,,,,,Risk Adjustments for Enrolling Trials,
Total Awarded,21,304,,0,21,82,222,,  - ,  - ,  - ,  - ,  - ,  21 ,  29 ,  36 ,  16 ,  44 ,  21 ,  8 ,  175 ,,,,,,,,,Phoenix,,,,,,Total Awarded,
Awarded,21,304,,0,21,82,222,,  - ,  - ,  - ,  - ,  - ,  21 ,  29 ,  36 ,  16 ,  144 ,  61 ,  16 ,  324 ,,,,,,,,,Phoenix,,,,,,Awarded,
Phoenix | EXPD-101-201 |,21,76,,0,21,76,0,,  - ,  - ,  - ,  - ,  - ,  21 ,  29 ,  35 ,  11 ,  - ,  - ,  - ,  96 ,,,,,,,,,Phoenix,,,,,,,Phoenix | EXPD-101-201 |
Phoenix | VCA23395 | Main Cohort 1 (Stage 2),0,207,,0,0,0,207,,  - ,  - ,  - ,  - ,  - ,  - ,  - ,  - ,  - ,  139 ,  56 ,  12 ,  207 ,,,,,,,,,Phoenix,,,,,,,Phoenix | VCA23395 | Main Cohort 1 (Stage 2)
Phoenix | ALV-101-1 |,0,21,,0,0,6,15,,  - ,  - ,  - ,  - ,  - ,  - ,  - ,  2 ,  5 ,  6 ,  5 ,  4 ,  21 ,,,,,,,,,Phoenix,,,,,,,Phoenix | ALV-101-1 |
Awarded Adjustment,0,-149,,0,0,0,-149,,  - ,  - ,  - ,  - ,  - ,  - ,  - ,  0 ,  0 ,  (100),  (41),  (8),  (149),,,,,,,,,Phoenix,,,,,,Awarded Adjustment,
Total Pipeline,19,212,,0,19,90,122,,  - ,  - ,  - ,  - ,  - ,  19 ,  24 ,  35 ,  30 ,  34 ,  41 ,  47 ,  231 ,,,,,,,,,Phoenix,,,,,,Total Pipeline,
Pipeline,19,212,,0,19,90,122,,  - ,  - ,  - ,  - ,  - ,  19 ,  24 ,  35 ,  30 ,  34 ,  41 ,  47 ,  231 ,,,,,,,,,Phoenix,,,,,,Pipeline,
Phoenix | D7266C00001 |,0,51,,0,0,16,35,,  - ,  - ,  - ,  - ,  - ,  - ,  4 ,  5 ,  7 ,  8 ,  10 ,  17 ,  51 ,,,,,,,,,Phoenix,,,,,,,Phoenix | D7266C00001 |
Phoenix | D7265C00001 |,0,22,,0,0,10,13,,  - ,  - ,  - ,  - ,  - ,  - ,  - ,  8 ,  2 ,  3 ,  6 ,  4 ,  22 ,,,,,,,,,Phoenix,,,,,,,Phoenix | D7265C00001 |
Phoenix | OAB71527 |,0,2,,0,0,1,1,,  - ,  - ,  - ,  - ,  - ,  - ,  - ,  0 ,  0 ,  0 ,  0 ,  0 ,  2 ,,,,,,,,,Phoenix,,,,,,,Phoenix | OAB71527 |
Phoenix | D8790C00001 |,0,5,,0,0,2,2,,  - ,  - ,  - ,  - ,  - ,  - ,  1 ,  1 ,  1 ,  1 ,  1 ,  1 ,  5 ,,,,,,,,,Phoenix,,,,,,,Phoenix | D8790C00001 |
Phoenix | 306938 |,19,118,,0,19,59,59,,  - ,  - ,  - ,  - ,  - ,  19 ,  20 ,  20 ,  19 ,  20 ,  19 ,  20 ,  137 ,,,,,,,,,Phoenix,,,,,,,Phoenix | 306938 |
Phoenix | BHB-1893-301 |,0,7,,0,0,3,4,,  - ,  - ,  - ,  - ,  - ,  - ,  - ,  1 ,  1 ,  1 ,  1 ,  1 ,  7 ,,,,,,,,,Phoenix,,,,,,,Phoenix | BHB-1893-301 |
Phoenix | 783653 |,0,8,,0,0,0,8,,  - ,  - ,  - ,  - ,  - ,  - ,  - ,  - ,  - ,  - ,  4 ,  4 ,  8 ,,,,,,,,,Phoenix,,,,,,,Phoenix | 783653 |
,0,0,,0,0,0,0,,  - ,  - ,  - ,  - ,  - ,  - ,  - ,  - ,  - ,  - ,  - ,  - ,  - ,,,,,,,,,Phoenix,,,,,,,
,0,0,,0,0,0,0,,  - ,  - ,  - ,  - ,  - ,  - ,  - ,  - ,  - ,  - ,  - ,  - ,  - ,,,,,,,,,Phoenix,,,,,,,
,0,0,,0,0,0,0,,  - ,  - ,  - ,  - ,  - ,  - ,  - ,  - ,  - ,  - ,  - ,  - ,  - ,,,,,,,,,Phoenix,,,,,,,
,0,0,,0,0,0,0,,  - ,  - ,  - ,  - ,  - ,  - ,  - ,  - ,  - ,  - ,  - ,  - ,  - ,,,,,,,,,Phoenix,,,,,,,
,0,0,,0,0,0,0,,  - ,  - ,  - ,  - ,  - ,  - ,  - ,  - ,  - ,  - ,  - ,  - ,  - ,,,,,,,,,Phoenix,,,,,,,
,0,0,,0,0,0,0,,  - ,  - ,  - ,  - ,  - ,  - ,  - ,  - ,  - ,  - ,  - ,  - ,  - ,,,,,,,,,Phoenix,,,,,,,
Pipeline Adjustment,0,0,,0,0,0,0,,  - ,  - ,  - ,  - ,  - ,  - ,  - ,  - ,  (0),  - ,  - ,  (0),  (0),,,,,,,,,Phoenix,,,,,,Pipeline Adjustment,
Budget Optimization,0,0,,0,0,0,0,,  - ,  - ,  - ,  - ,  - ,  - ,  - ,  - ,  - ,  - ,  - ,  - ,  - ,,,,,,,,,Phoenix,,,,,,Budget Optimization,
Genuine Go-Get,0,200,,0,0,80,120,,  - ,  - ,  - ,  - ,  - ,  - ,  20 ,  20 ,  40 ,  30 ,  50 ,  40 ,  200 ,,,,,,,,,Phoenix,,,,,,Genuine Go-Get,
Go-Get - Organic due to Enrolling Revenue Optimization,0,-211,,0,0,-84,-127,,  - ,  - ,  - ,  - ,  - ,  - ,  (21),  (21),  (42),  (32),  (53),  (42),  (211),,,,,,,,,Phoenix,,,,,,Go-Get - Organic due to Enrolling Revenue Optimization,
Go-Get - Organic due to Enrolling Adj.,0,0,,0,0,0,0,,  - ,  - ,  - ,  - ,  - ,  - ,  - ,  - ,  - ,  - ,  - ,  - ,  - ,,,,,,,,,Phoenix,,,,,,Go-Get - Organic due to Enrolling Adj.,
Go-Get - Organic due to Budget Optimization,0,0,,0,0,0,0,,  - ,  - ,  - ,  - ,  - ,  - ,  - ,  - ,  - ,  - ,  - ,  - ,  - ,,,,,,,,,Phoenix,,,,,,Go-Get - Organic due to Budget Optimization,
Go-Get - Organic due to Pipeline Adj,0,0,,0,0,0,0,,  - ,  - ,  - ,  - ,  - ,  - ,  0 ,  0 ,  0 ,  0 ,  0 ,  0 ,  0 ,,,,,,,,,Phoenix,,,,,,Go-Get - Organic due to Pipeline Adj,
Go-Get - Organic due to Awarded Adj,0,149,,0,0,60,90,,  - ,  - ,  - ,  - ,  - ,  - ,  15 ,  15 ,  30 ,  22 ,  37 ,  30 ,  149 ,,,,,,,,,Phoenix,,,,,,Go-Get - Organic due to Awarded Adj,
Go-Get Organic,0,262,,0,0,105,157,,  - ,  - ,  - ,  - ,  - ,  - ,  26 ,  26 ,  52 ,  39 ,  65 ,  52 ,  262 ,,,,,,,,,Phoenix,,,,,,Go-Get Organic,
Rehman,396,704,,225,172,319,384,,  83 ,  98 ,  44 ,  80 ,  44 ,  48 ,  101 ,  95 ,  123 ,  116 ,  138 ,  131 ,"  1,100 ",,,,,,,,,Rehman,,,,,Rehman,,
Backlog (Maintenance),331,99,,210,122,73,26,,  83 ,  83 ,  44 ,  55 ,  34 ,  33 ,  40 ,  24 ,  8 ,  12 ,  3 ,  11 ,  430 ,,,,,,,,,Rehman,,,,,,Backlog (Maintenance),
RCH | M14-465,13,0,,6,7,0,0,,  2 ,  4 ,  - ,  3 ,  4 ,  - ,  - ,  - ,  - ,  - ,  - ,  - ,  13 ,,,,,,,,,Rehman,,,,,,,RCH | M14-465
RCH | M23-700,6,0,,3,3,0,0,,  - ,  0 ,  3 ,  2 ,  2 ,  - ,  - ,  - ,  - ,  - ,  - ,  - ,  6 ,,,,,,,,,Rehman,,,,,,,RCH | M23-700
RCH | AR882-302,93,0,,87,6,0,0,,  27 ,  47 ,  14 ,  6 ,  - ,  - ,  - ,  - ,  - ,  - ,  - ,  - ,  93 ,,,,,,,,,Rehman,,,,,,,RCH | AR882-302
RCH | B24-033,12,0,,12,0,0,0,,  7 ,  4 ,  - ,  - ,  - ,  - ,  - ,  - ,  - ,  - ,  - ,  - ,  12 ,,,,,,,,,Rehman,,,,,,,RCH | B24-033
RCH | AR882-301,115,39,,52,63,39,0,,  25 ,  13 ,  14 ,  27 ,  17 ,  19 ,  27 ,  12 ,  - ,  - ,  - ,  - ,  153 ,,,,,,,,,Rehman,,,,,,,RCH | AR882-301
RCH | IMVT-1402-2601,-1,0,,-2,0,0,0,,  - ,  - ,  (2),  - ,  0 ,  - ,  - ,  - ,  - ,  - ,  - ,  - ,  (1),,,,,,,,,Rehman,,,,,,,RCH | IMVT-1402-2601
RCH | SPY002-072-201 | PsA Substudy,48,49,,15,33,28,20,,  - ,  - ,  15 ,  11 ,  11 ,  11 ,  11 ,  12 ,  6 ,  10 ,  3 ,  8 ,  96 ,,,,,,,,,Rehman,,,,,,,RCH | SPY002-072-201 | PsA Substudy
RCH | SPY002-072-201 | axSpA Substudy,37,0,,37,0,0,0,,  21 ,  16 ,  - ,  - ,  - ,  - ,  - ,  - ,  - ,  - ,  - ,  - ,  37 ,,,,,,,,,Rehman,,,,,,,RCH | SPY002-072-201 | axSpA Substudy
RCH | SPY002-072-201 | RA Substudy,9,11,,0,9,5,5,,  - ,  - ,  - ,  6 ,  - ,  3 ,  3 ,  - ,  3 ,  3 ,  - ,  3 ,  20 ,,,,,,,,,Rehman,,,,,,,RCH | SPY002-072-201 | RA Substudy
,0,0,,0,0,0,0,,  - ,  - ,  - ,  - ,  - ,  - ,  - ,  - ,  - ,  - ,  - ,  - ,  - ,,,,,,,,,Rehman,,,,,,,
,0,0,,0,0,0,0,,  - ,  - ,  - ,  - ,  - ,  - ,  - ,  - ,  - ,  - ,  - ,  - ,  - ,,,,,,,,,Rehman,,,,,,,
Total Enrolling,58,121,,15,43,57,64,,  - ,  15 ,  - ,  25 ,  10 ,  13 ,  24 ,  34 ,  29 ,  30 ,  28 ,  28 ,  235 ,,,,,,,,,Rehman,,,,,,Total Enrolling,
Enrolling,58,121,,15,43,57,64,,  - ,  15 ,  - ,  25 ,  10 ,  9 ,  15 ,  23 ,  19 ,  21 ,  21 ,  22 ,  180 ,,,,,,,,,Rehman,,,,,,Enrolling,
Rheumatology Clinic of Houston | M25-056 | Substudy 1,39,40,,0,39,31,9,,  - ,  - ,  - ,  20 ,  14 ,  4 ,  11 ,  11 ,  9 ,  6 ,  2 ,  1 ,  78 ,,,,,,,,,Rehman,,,,,,,Rheumatology Clinic of Houston | M25-056 | Substudy 1
RCH | ELV001-201,20,82,,15,5,26,55,,  - ,  15 ,  - ,  4 ,  (4),  5 ,  4 ,  11 ,  11 ,  15 ,  19 ,  21 ,  101 ,,,,,,,,,Rehman,,,,,,,RCH | ELV001-201
,0,0,,0,0,0,0,,  - ,  - ,  - ,  - ,  - ,  - ,  - ,  - ,  - ,  - ,  - ,  - ,  - ,,,,,,,,,Rehman,,,,,,,
,0,0,,0,0,0,0,,  - ,  - ,  - ,  - ,  - ,  - ,  - ,  - ,  - ,  - ,  - ,  - ,  - ,,,,,,,,,Rehman,,,,,,,
Revenue Optimization - Enrolling Studies,4,51,,0,4,30,21,,  - ,  - ,  - ,  - ,  - ,  4 ,  9 ,  12 ,  9 ,  9 ,  7 ,  6 ,  56 ,,,,,,,,,Rehman,,,,,,Revenue Optimization - Enrolling Studies,
Risk Adjustments for Enrolling Trials,0,0,,0,0,0,0,,  - ,  - ,  - ,  - ,  - ,  - ,  - ,  - ,  - ,  - ,  - ,  - ,  - ,,,,,,,,,Rehman,,,,,,Risk Adjustments for Enrolling Trials,
Total Awarded,0,0,,0,0,0,0,,  - ,  - ,  - ,  - ,  - ,  - ,  - ,  - ,  - ,  - ,  - ,  - ,  - ,,,,,,,,,Rehman,,,,,,Total Awarded,
Awarded,0,0,,0,0,0,0,,  - ,  - ,  - ,  - ,  - ,  - ,  - ,  - ,  - ,  - ,  - ,  - ,  - ,,,,,,,,,Rehman,,,,,,Awarded,
#N/A,0,0,,0,0,0,0,,  - ,  - ,  - ,  - ,  - ,  - ,  - ,  - ,  - ,  - ,  - ,  - ,  - ,,,,,,,,,Rehman,,,,,,,#N/A
,0,0,,0,0,0,0,,  - ,  - ,  - ,  - ,  - ,  - ,  - ,  - ,  - ,  - ,  - ,  - ,  - ,,,,,,,,,Rehman,,,,,,,
Awarded Adjustment,0,0,,0,0,0,0,,  - ,  - ,  - ,  - ,  - ,  - ,  - ,  - ,  - ,  - ,  - ,  - ,  - ,,,,,,,,,Rehman,,,,,,Awarded Adjustment,
Total Pipeline,2,98,,0,2,26,72,,  - ,  - ,  - ,  - ,  - ,  2 ,  3 ,  3 ,  19 ,  24 ,  24 ,  25 ,  100 ,,,,,,,,,Rehman,,,,,,Total Pipeline,
Pipeline,2,98,,0,2,26,72,,  - ,  - ,  - ,  - ,  - ,  2 ,  3 ,  3 ,  19 ,  24 ,  24 ,  25 ,  100 ,,,,,,,,,Rehman,,,,,,Pipeline,
Rheumatology Clinic of Houston | D6940C00002 |,0,1,,0,0,0,1,,  - ,  - ,  - ,  - ,  - ,  - ,  - ,  - ,  - ,  - ,  0 ,  1 ,  1 ,,,,,,,,,Rehman,,,,,,,Rheumatology Clinic of Houston | D6940C00002 |
Rheumatology Clinic of Houston | D7130C00002 |,0,1,,0,0,0,1,,  - ,  - ,  - ,  - ,  - ,  - ,  - ,  - ,  - ,  - ,  0 ,  1 ,  1 ,,,,,,,,,Rehman,,,,,,,Rheumatology Clinic of Houston | D7130C00002 |
Rheumatology Clinic of Houston | AB-101-05 |,2,20,,0,2,10,10,,  - ,  - ,  - ,  - ,  - ,  2 ,  3 ,  3 ,  3 ,  3 ,  3 ,  3 ,  22 ,,,,,,,,,Rehman,,,,,,,Rheumatology Clinic of Houston | AB-101-05 |
Rheumatology Clinic of Houston | 26-2579 | Part B,0,19,,0,0,4,15,,  - ,  - ,  - ,  - ,  - ,  - ,  - ,  - ,  4 ,  5 ,  5 ,  5 ,  19 ,,,,,,,,,Rehman,,,,,,,Rheumatology Clinic of Houston | 26-2579 | Part B
Rheumatology Clinic of Houston | 26-2579 | Part A,0,19,,0,0,4,15,,  - ,  - ,  - ,  - ,  - ,  - ,  - ,  - ,  4 ,  5 ,  5 ,  5 ,  19 ,,,,,,,,,Rehman,,,,,,,Rheumatology Clinic of Houston | 26-2579 | Part A
Rheumatology Clinic of Houston | 26-2572 | Part B,0,19,,0,0,4,15,,  - ,  - ,  - ,  - ,  - ,  - ,  - ,  - ,  4 ,  5 ,  5 ,  5 ,  19 ,,,,,,,,,Rehman,,,,,,,Rheumatology Clinic of Houston | 26-2572 | Part B
Rheumatology Clinic of Houston | 26-2572 | Part A,0,19,,0,0,4,15,,  - ,  - ,  - ,  - ,  - ,  - ,  - ,  - ,  4 ,  5 ,  5 ,  5 ,  19 ,,,,,,,,,Rehman,,,,,,,Rheumatology Clinic of Houston | 26-2572 | Part A
,0,0,,0,0,0,0,,  - ,  - ,  - ,  - ,  - ,  - ,  - ,  - ,  - ,  - ,  - ,  - ,  - ,,,,,,,,,Rehman,,,,,,,
,0,0,,0,0,0,0,,  - ,  - ,  - ,  - ,  - ,  - ,  - ,  - ,  - ,  - ,  - ,  - ,  - ,,,,,,,,,Rehman,,,,,,,
,0,0,,0,0,0,0,,  - ,  - ,  - ,  - ,  - ,  - ,  - ,  - ,  - ,  - ,  - ,  - ,  - ,,,,,,,,,Rehman,,,,,,,
Pipeline Adjustment,0,0,,0,0,0,0,,  - ,  - ,  - ,  - ,  - ,  - ,  - ,  - ,  - ,  - ,  - ,  - ,  - ,,,,,,,,,Rehman,,,,,,Pipeline Adjustment,
Budget Optimization,0,0,,0,0,0,0,,  - ,  - ,  - ,  - ,  - ,  - ,  - ,  - ,  - ,  - ,  - ,  - ,  - ,,,,,,,,,Rehman,,,,,,Budget Optimization,
Genuine Go-Get,0,335,,0,0,134,201,,  - ,  - ,  - ,  - ,  - ,  - ,  33 ,  33 ,  67 ,  50 ,  84 ,  67 ,  335 ,,,,,,,,,Rehman,,,,,,Genuine Go-Get,
Go-Get - Organic due to Enrolling Revenue Optimization,0,-56,,0,0,-22,-33,,  - ,  - ,  - ,  - ,  - ,  - ,  (6),  (6),  (11),  (8),  (14),  (11),  (56),,,,,,,,,Rehman,,,,,,Go-Get - Organic due to Enrolling Revenue Optimization,
Go-Get - Organic due to Enrolling Adj.,0,0,,0,0,0,0,,  - ,  - ,  - ,  - ,  - ,  - ,  - ,  - ,  - ,  - ,  - ,  - ,  - ,,,,,,,,,Rehman,,,,,,Go-Get - Organic due to Enrolling Adj.,
Go-Get - Organic due to Budget Optimization,0,0,,0,0,0,0,,  - ,  - ,  - ,  - ,  - ,  - ,  - ,  - ,  - ,  - ,  - ,  - ,  - ,,,,,,,,,Rehman,,,,,,Go-Get - Organic due to Budget Optimization,
Go-Get - Organic due to Pipeline Adj,0,0,,0,0,0,0,,  - ,  - ,  - ,  - ,  - ,  - ,  - ,  - ,  - ,  - ,  - ,  - ,  - ,,,,,,,,,Rehman,,,,,,Go-Get - Organic due to Pipeline Adj,
Go-Get - Organic due to Awarded Adj,0,0,,0,0,0,0,,  - ,  - ,  - ,  - ,  - ,  - ,  - ,  - ,  - ,  - ,  - ,  - ,  - ,,,,,,,,,Rehman,,,,,,Go-Get - Organic due to Awarded Adj,
Go-Get Organic,0,390,,0,0,156,234,,  - ,  - ,  - ,  - ,  - ,  - ,  39 ,  39 ,  78 ,  59 ,  98 ,  78 ,  390 ,,,,,,,,,Rehman,,,,,,Go-Get Organic,
River Forest,"3,705","2,280",,"2,075","1,630","1,002","1,278",,  561 ,  839 ,  676 ,  626 ,  669 ,  335 ,  296 ,  335 ,  371 ,  405 ,  362 ,  512 ,"  5,985 ",,,,,,,,,River Forest,,,,,River Forest,,
Backlog (Maintenance),"1,803",456,,"1,114",689,163,293,,  421 ,  442 ,  251 ,  255 ,  318 ,  116 ,  38 ,  60 ,  65 ,  95 ,  29 ,  169 ,"  2,259 ",,,,,,,,,River Forest,,,,,,Backlog (Maintenance),
RFT | C3671013,6,0,,5,1,0,0,,  - ,  4 ,  1 ,  1 ,  - ,  - ,  - ,  - ,  - ,  - ,  - ,  - ,  6 ,,,,,,,,,River Forest,,,,,,,RFT | C3671013
RFT | VAV00002,-10,0,,0,-10,0,0,,  - ,  - ,  - ,  - ,  (10),  - ,  - ,  - ,  - ,  - ,  - ,  - ,  (10),,,,,,,,,River Forest,,,,,,,RFT | VAV00002
RFT | VAV00029,-10,0,,-7,-3,0,0,,  - ,  (7),  - ,  - ,  (3),  - ,  - ,  - ,  - ,  - ,  - ,  - ,  (10),,,,,,,,,River Forest,,,,,,,RFT | VAV00029
RFT | mRNA-1189-P101,7,0,,5,2,0,0,,  5 ,  - ,  - ,  2 ,  0 ,  - ,  - ,  - ,  - ,  - ,  - ,  - ,  7 ,,,,,,,,,River Forest,,,,,,,RFT | mRNA-1189-P101
RFT | mRNA-1468-P101,16,0,,0,16,0,0,,  0 ,  - ,  - ,  - ,  16 ,  - ,  - ,  - ,  - ,  - ,  - ,  - ,  16 ,,,,,,,,,River Forest,,,,,,,RFT | mRNA-1468-P101
RFT | AR882-302,23,0,,23,0,0,0,,  5 ,  14 ,  4 ,  - ,  - ,  - ,  - ,  - ,  - ,  - ,  - ,  - ,  23 ,,,,,,,,,River Forest,,,,,,,RFT | AR882-302
RFT | MRNA-1365-P101 | Part C,5,1,,0,5,1,0,,  - ,  - ,  0 ,  1 ,  2 ,  2 ,  1 ,  - ,  - ,  - ,  - ,  - ,  6 ,,,,,,,,,River Forest,,,,,,,RFT | MRNA-1365-P101 | Part C
RFT | mRNA-1010-P304,-1,0,,-1,0,0,0,,  - ,  - ,  (1),  - ,  - ,  - ,  - ,  - ,  - ,  - ,  - ,  - ,  (1),,,,,,,,,River Forest,,,,,,,RFT | mRNA-1010-P304
RFT | C3671013 SSC,2,0,,0,2,0,0,,  - ,  - ,  - ,  - ,  1 ,  1 ,  - ,  - ,  - ,  - ,  - ,  - ,  2 ,,,,,,,,,River Forest,,,,,,,RFT | C3671013 SSC
RFT | mRNA-1083-P201,8,0,,8,0,0,0,,  8 ,  - ,  - ,  (0),  0 ,  - ,  - ,  - ,  - ,  - ,  - ,  - ,  8 ,,,,,,,,,River Forest,,,,,,,RFT | mRNA-1083-P201
RFT | mRNA-1403-P301,498,143,,239,259,4,139,,  - ,  171 ,  68 ,  89 ,  133 ,  38 ,  3 ,  0 ,  0 ,  75 ,  29 ,  35 ,  642 ,,,,,,,,,River Forest,,,,,,,RFT | mRNA-1403-P301
RFT | JCXH-105-021,1,0,,1,0,0,0,,  1 ,  - ,  - ,  - ,  - ,  - ,  - ,  - ,  - ,  - ,  - ,  - ,  1 ,,,,,,,,,River Forest,,,,,,,RFT | JCXH-105-021
RFT | mRNA-1195-P101 | Part B,44,19,,20,24,9,11,,  14 ,  2 ,  4 ,  18 ,  3 ,  3 ,  3 ,  3 ,  3 ,  11 ,  - ,  - ,  64 ,,,,,,,,,River Forest,,,,,,,RFT | mRNA-1195-P101 | Part B
RFT | AR882-301,22,5,,7,15,5,0,,  1 ,  5 ,  1 ,  4 ,  6 ,  5 ,  3 ,  2 ,  - ,  - ,  - ,  - ,  27 ,,,,,,,,,River Forest,,,,,,,RFT | AR882-301
RFT | mRNA-1083-P202,0,0,,0,0,0,0,,  - ,  - ,  (0),  - ,  - ,  - ,  - ,  - ,  - ,  - ,  - ,  - ,  (0),,,,,,,,,River Forest,,,,,,,RFT | mRNA-1083-P202
RFT | V118_24 |,257,0,,117,139,0,0,,  43 ,  66 ,  9 ,  3 ,  137 ,  - ,  - ,  - ,  - ,  - ,  - ,  - ,  257 ,,,,,,,,,River Forest,,,,,,,RFT | V118_24 |
RFT | 2019nCoV-318,93,0,,50,43,0,0,,  49 ,  1 ,  - ,  42 ,  1 ,  - ,  - ,  - ,  - ,  - ,  - ,  - ,  93 ,,,,,,,,,River Forest,,,,,,,RFT | 2019nCoV-318
RFT | mRNA-1403-P301 | AC,274,191,,181,93,47,143,,  181 ,  - ,  - ,  46 ,  - ,  47 ,  9 ,  2 ,  35 ,  9 ,  0 ,  134 ,  465 ,,,,,,,,,River Forest,,,,,,,RFT | mRNA-1403-P301 | AC
RFT | C4591081,352,68,,285,67,68,0,,  42 ,  137 ,  106 ,  31 ,  28 ,  8 ,  6 ,  45 ,  17 ,  - ,  - ,  - ,  420 ,,,,,,,,,River Forest,,,,,,,RFT | C4591081
RFT | mRNA-1273_1283-P401,214,29,,179,35,29,0,,  71 ,  50 ,  59 ,  19 ,  3 ,  13 ,  13 ,  7 ,  9 ,  - ,  - ,  - ,  243 ,,,,,,,,,River Forest,,,,,,,RFT | mRNA-1273_1283-P401
,0,0,,0,0,0,0,,  - ,  - ,  - ,  - ,  - ,  - ,  - ,  - ,  - ,  - ,  - ,  - ,  - ,,,,,,,,,River Forest,,,,,,,
Total Enrolling,"1,899",672,,962,937,415,257,,  140 ,  397 ,  425 ,  370 ,  351 ,  217 ,  192 ,  136 ,  92 ,  74 ,  74 ,  115 ,"  2,583 ",,,,,,,,,River Forest,,,,,,Total Enrolling,
Enrolling,"1,899",672,,962,937,415,257,,  140 ,  397 ,  425 ,  370 ,  351 ,  216 ,  190 ,  134 ,  90 ,  73 ,  72 ,  112 ,"  2,571 ",,,,,,,,,River Forest,,,,,,Enrolling,
RFT | C4771002,109,359,,41,68,166,193,,  13 ,  9 ,  18 ,  6 ,  22 ,  40 ,  53 ,  58 ,  54 ,  51 ,  53 ,  89 ,  468 ,,,,,,,,,River Forest,,,,,,,RFT | C4771002
RFT | D7960C00015,127,129,,37,90,65,64,,  12 ,  3 ,  22 ,  32 ,  32 ,  26 ,  23 ,  15 ,  27 ,  22 ,  19 ,  23 ,  256 ,,,,,,,,,River Forest,,,,,,,RFT | D7960C00015
Chicago | VYD2311-PREV-002 |,884,184,,884,779,184,0,,  115 ,  384 ,  385 ,  333 ,  297 ,  150 ,  114 ,  62 ,  9 ,  - ,  - ,  - ,"  1,847 ",,,,,,,,,River Forest,,,,,,,Chicago | VYD2311-PREV-002 |
,0,0,,0,0,0,0,,  - ,  - ,  - ,  - ,  - ,  - ,  - ,  - ,  - ,  - ,  - ,  - ,  - ,,,,,,,,,River Forest,,,,,,,
,0,0,,0,0,0,0,,  - ,  - ,  - ,  - ,  - ,  - ,  - ,  - ,  - ,  - ,  - ,  - ,  - ,,,,,,,,,River Forest,,,,,,,
Revenue Optimization - Enrolling Studies,1,11,,0,1,5,6,,  - ,  - ,  - ,  - ,  - ,  1 ,  2 ,  2 ,  2 ,  2 ,  2 ,  2 ,  12 ,,,,,,,,,River Forest,,,,,,Revenue Optimization - Enrolling Studies,
Risk Adjustments for Enrolling Trials,0,0,,0,0,0,0,,  - ,  - ,  - ,  - ,  - ,  - ,  (0),  - ,  - ,  - ,  0 ,  - ,  0 ,,,,,,,,,River Forest,,,,,,Risk Adjustments for Enrolling Trials,
Total Awarded,0,327,,0,0,53,274,,  - ,  - ,  - ,  - ,  - ,  - ,  4 ,  4 ,  18 ,  58 ,  28 ,  23 ,  134 ,,,,,,,,,River Forest,,,,,,Total Awarded,
Awarded,0,327,,0,0,53,274,,  - ,  - ,  - ,  - ,  - ,  - ,  4 ,  4 ,  45 ,  169 ,  70 ,  35 ,  327 ,,,,,,,,,River Forest,,,,,,Awarded,
Chicago | VCA23395 | Main Cohort 1 (Stage 2),0,207,,0,0,0,207,,  - ,  - ,  - ,  - ,  - ,  - ,  - ,  - ,  - ,  139 ,  56 ,  12 ,  207 ,,,,,,,,,River Forest,,,,,,,Chicago | VCA23395 | Main Cohort 1 (Stage 2)
Chicago | D7260C00015 |,0,9,,0,0,1,8,,  - ,  - ,  - ,  - ,  - ,  - ,  - ,  - ,  1 ,  2 ,  2 ,  3 ,  9 ,,,,,,,,,River Forest,,,,,,,Chicago | D7260C00015 |
Chicago | D7261C00005 |,0,51,,0,0,15,36,,  - ,  - ,  - ,  - ,  - ,  - ,  4 ,  4 ,  6 ,  13 ,  9 ,  15 ,  51 ,,,,,,,,,River Forest,,,,,,,Chicago | D7261C00005 |
Chicago | VCA23395 | Cohort 2 Sentinel (Stage 1),0,61,,0,0,37,23,,  - ,  - ,  - ,  - ,  - ,  - ,  - ,  - ,  37 ,  15 ,  3 ,  6 ,  61 ,,,,,,,,,River Forest,,,,,,,Chicago | VCA23395 | Cohort 2 Sentinel (Stage 1)
,0,0,,0,0,0,0,,  - ,  - ,  - ,  - ,  - ,  - ,  - ,  - ,  - ,  - ,  - ,  - ,  - ,,,,,,,,,River Forest,,,,,,,
Awarded Adjustment,0,-193,,0,0,-27,-166,,  - ,  - ,  - ,  - ,  - ,  - ,  - ,  - ,  (27),  (111),  (43),  (13),  (193),,,,,,,,,River Forest,,,,,,Awarded Adjustment,
Total Pipeline,2,455,,0,2,173,283,,  - ,  - ,  - ,  - ,  - ,  2 ,  7 ,  79 ,  86 ,  95 ,  93 ,  94 ,  457 ,,,,,,,,,River Forest,,,,,,Total Pipeline,
Pipeline,6,483,,0,6,186,296,,  - ,  - ,  - ,  - ,  - ,  6 ,  12 ,  84 ,  90 ,  100 ,  98 ,  99 ,  489 ,,,,,,,,,River Forest,,,,,,Pipeline,
Chicago | D7266C00001 |,0,48,,0,0,15,33,,  - ,  - ,  - ,  - ,  - ,  - ,  4 ,  5 ,  6 ,  8 ,  9 ,  16 ,  48 ,,,,,,,,,River Forest,,,,,,,Chicago | D7266C00001 |
Chicago | V201-08 |,0,1,,0,0,0,1,,  - ,  - ,  - ,  - ,  - ,  - ,  - ,  - ,  - ,  - ,  1 ,  1 ,  1 ,,,,,,,,,River Forest,,,,,,,Chicago | V201-08 |
Chicago | 80120522 |,0,8,,0,0,0,8,,  - ,  - ,  - ,  - ,  - ,  - ,  - ,  - ,  - ,  - ,  3 ,  5 ,  8 ,,,,,,,,,River Forest,,,,,,,Chicago | 80120522 |
Chicago | OAB71527 |,0,2,,0,0,1,1,,  - ,  - ,  - ,  - ,  - ,  - ,  - ,  0 ,  0 ,  0 ,  0 ,  0 ,  2 ,,,,,,,,,River Forest,,,,,,,Chicago | OAB71527 |
Chicago | D8750C00011 |,0,23,,0,0,9,14,,  - ,  - ,  - ,  - ,  - ,  - ,  - ,  4 ,  5 ,  5 ,  5 ,  5 ,  23 ,,,,,,,,,River Forest,,,,,,,Chicago | D8750C00011 |
Chicago | D8750C00014 |,0,68,,0,0,38,30,,  - ,  - ,  - ,  - ,  - ,  - ,  - ,  19 ,  20 ,  20 ,  10 ,  - ,  68 ,,,,,,,,,River Forest,,,,,,,Chicago | D8750C00014 |
Chicago | D8750C00010 |,0,20,,0,0,8,12,,  - ,  - ,  - ,  - ,  - ,  - ,  - ,  4 ,  4 ,  4 ,  4 ,  4 ,  20 ,,,,,,,,,River Forest,,,,,,,Chicago | D8750C00010 |
Chicago | D8750C00012 |,0,123,,0,0,48,75,,  - ,  - ,  - ,  - ,  - ,  - ,  - ,  24 ,  24 ,  25 ,  24 ,  25 ,  123 ,,,,,,,,,River Forest,,,,,,,Chicago | D8750C00012 |
Chicago | VBV19172 |,0,1,,0,0,0,1,,  - ,  - ,  - ,  - ,  - ,  - ,  - ,  - ,  0 ,  0 ,  0 ,  0 ,  1 ,,,,,,,,,River Forest,,,,,,,Chicago | VBV19172 |
Chicago | D7261C00003 |,0,1,,0,0,1,1,,  - ,  - ,  - ,  - ,  - ,  - ,  0 ,  0 ,  0 ,  0 ,  0 ,  0 ,  1 ,,,,,,,,,River Forest,,,,,,,Chicago | D7261C00003 |
Chicago | J2A-MC-GZVA |,6,37,,0,6,19,19,,  - ,  - ,  - ,  - ,  - ,  6 ,  6 ,  6 ,  6 ,  6 ,  6 ,  6 ,  44 ,,,,,,,,,River Forest,,,,,,,Chicago | J2A-MC-GZVA |
Chicago | D7961C00001 |,0,15,,0,0,3,12,,  - ,  - ,  - ,  - ,  - ,  - ,  - ,  - ,  3 ,  4 ,  4 ,  4 ,  15 ,,,,,,,,,River Forest,,,,,,,Chicago | D7961C00001 |
Chicago | NOE115-VMS-202 |,0,21,,0,0,10,12,,  - ,  - ,  - ,  - ,  - ,  - ,  2 ,  4 ,  4 ,  4 ,  4 ,  4 ,  21 ,,,,,,,,,River Forest,,,,,,,Chicago | NOE115-VMS-202 |
Chicago | R5713-5715-ALG-2595 |,0,23,,0,0,0,23,,  - ,  - ,  - ,  - ,  - ,  - ,  - ,  - ,  - ,  4 ,  9 ,  10 ,  23 ,,,,,,,,,River Forest,,,,,,,Chicago | R5713-5715-ALG-2595 |
Chicago | ASC30-302 |,0,41,,0,0,16,25,,  - ,  - ,  - ,  - ,  - ,  - ,  - ,  8 ,  8 ,  8 ,  8 ,  8 ,  41 ,,,,,,,,,River Forest,,,,,,,Chicago | ASC30-302 |
Chicago | ASC30-301 |,0,49,,0,0,19,30,,  - ,  - ,  - ,  - ,  - ,  - ,  - ,  9 ,  10 ,  10 ,  10 ,  10 ,  49 ,,,,,,,,,River Forest,,,,,,,Chicago | ASC30-301 |
,0,0,,0,0,0,0,,  - ,  - ,  - ,  - ,  - ,  - ,  - ,  - ,  - ,  - ,  - ,  - ,  - ,,,,,,,,,River Forest,,,,,,,
,0,0,,0,0,0,0,,  - ,  - ,  - ,  - ,  - ,  - ,  - ,  - ,  - ,  - ,  - ,  - ,  - ,,,,,,,,,River Forest,,,,,,,
,0,0,,0,0,0,0,,  - ,  - ,  - ,  - ,  - ,  - ,  - ,  - ,  - ,  - ,  - ,  - ,  - ,,,,,,,,,River Forest,,,,,,,
,0,0,,0,0,0,0,,  - ,  - ,  - ,  - ,  - ,  - ,  - ,  - ,  - ,  - ,  - ,  - ,  - ,,,,,,,,,River Forest,,,,,,,
,0,0,,0,0,0,0,,  - ,  - ,  - ,  - ,  - ,  - ,  - ,  - ,  - ,  - ,  - ,  - ,  - ,,,,,,,,,River Forest,,,,,,,
,0,0,,0,0,0,0,,  - ,  - ,  - ,  - ,  - ,  - ,  - ,  - ,  - ,  - ,  - ,  - ,  - ,,,,,,,,,River Forest,,,,,,,
,0,0,,0,0,0,0,,  - ,  - ,  - ,  - ,  - ,  - ,  - ,  - ,  - ,  - ,  - ,  - ,  - ,,,,,,,,,River Forest,,,,,,,
,0,0,,0,0,0,0,,  - ,  - ,  - ,  - ,  - ,  - ,  - ,  - ,  - ,  - ,  - ,  - ,  - ,,,,,,,,,River Forest,,,,,,,
,0,0,,0,0,0,0,,  - ,  - ,  - ,  - ,  - ,  - ,  - ,  - ,  - ,  - ,  - ,  - ,  - ,,,,,,,,,River Forest,,,,,,,
,0,0,,0,0,0,0,,  - ,  - ,  - ,  - ,  - ,  - ,  - ,  - ,  - ,  - ,  - ,  - ,  - ,,,,,,,,,River Forest,,,,,,,
Pipeline Adjustment,-4,-27,,0,-4,-14,-14,,  - ,  - ,  - ,  - ,  - ,  (4),  (5),  (5),  (4),  (5),  (4),  (5),  (32),,,,,,,,,River Forest,,,,,,Pipeline Adjustment,
Budget Optimization,0,0,,0,0,0,0,,  - ,  - ,  - ,  - ,  - ,  - ,  - ,  - ,  - ,  - ,  - ,  - ,  - ,,,,,,,,,River Forest,,,,,,Budget Optimization,
Genuine Go-Get,0,552,,0,0,221,331,,  - ,  - ,  - ,  - ,  - ,  - ,  55 ,  55 ,  110 ,  83 ,  138 ,  110 ,  552 ,,,,,,,,,River Forest,,,,,,Genuine Go-Get,
Go-Get - Organic due to Enrolling Revenue Optimization,0,-12,,0,0,-5,-7,,  - ,  - ,  - ,  - ,  - ,  - ,  (1),  (1),  (2),  (2),  (3),  (2),  (12),,,,,,,,,River Forest,,,,,,Go-Get - Organic due to Enrolling Revenue Optimization,
Go-Get - Organic due to Enrolling Adj.,0,0,,0,0,0,0,,  - ,  - ,  - ,  - ,  - ,  - ,  (0),  (0),  (0),  (0),  (0),  (0),  (0),,,,,,,,,River Forest,,,,,,Go-Get - Organic due to Enrolling Adj.,
Go-Get - Organic due to Budget Optimization,0,0,,0,0,0,0,,  - ,  - ,  - ,  - ,  - ,  - ,  - ,  - ,  - ,  - ,  - ,  - ,  - ,,,,,,,,,River Forest,,,,,,Go-Get - Organic due to Budget Optimization,
Go-Get - Organic due to Pipeline Adj,0,32,,0,0,13,19,,  - ,  - ,  - ,  - ,  - ,  - ,  3 ,  3 ,  6 ,  5 ,  8 ,  6 ,  32 ,,,,,,,,,River Forest,,,,,,Go-Get - Organic due to Pipeline Adj,
Go-Get - Organic due to Awarded Adj,0,193,,0,0,77,116,,  - ,  - ,  - ,  - ,  - ,  - ,  19 ,  19 ,  39 ,  29 ,  48 ,  39 ,  193 ,,,,,,,,,River Forest,,,,,,Go-Get - Organic due to Awarded Adj,
Go-Get Organic,0,339,,0,0,136,204,,  - ,  - ,  - ,  - ,  - ,  - ,  34 ,  34 ,  68 ,  51 ,  85 ,  68 ,  339 ,,,,,,,,,River Forest,,,,,,Go-Get Organic,
San Antonio,509,701,,286,223,217,484,,  106 ,  111 ,  69 ,  78 ,  81 ,  64 ,  37 ,  83 ,  97 ,  156 ,  141 ,  186 ,"  1,211 ",,,,,,,,,San Antonio,,,,,San Antonio,,
Backlog (Maintenance),489,158,,280,209,29,129,,  105 ,  103 ,  72 ,  73 ,  80 ,  56 ,  11 ,  6 ,  12 ,  27 ,  27 ,  75 ,  648 ,,,,,,,,,San Antonio,,,,,,Backlog (Maintenance),
SAN | mRNA-1403-P301,236,90,,87,149,1,89,,  - ,  62 ,  25 ,  36 ,  74 ,  39 ,  1 ,  - ,  - ,  23 ,  26 ,  40 ,  327 ,,,,,,,,,San Antonio,,,,,,,SAN | mRNA-1403-P301
SAN | NN9388-7864,72,1,,45,27,1,0,,  23 ,  14 ,  8 ,  16 ,  10 ,  1 ,  1 ,  - ,  - ,  - ,  - ,  - ,  73 ,,,,,,,,,San Antonio,,,,,,,SAN | NN9388-7864
SAN | 301160,-5,0,,0,-5,0,0,,  - ,  - ,  - ,  - ,  (5),  - ,  - ,  - ,  - ,  - ,  - ,  - ,  (5),,,,,,,,,San Antonio,,,,,,,SAN | 301160
SAN | mRNA-1403-P301 | AC,90,56,,61,29,16,40,,  61 ,  - ,  - ,  14 ,  - ,  15 ,  5 ,  1 ,  10 ,  4 ,  1 ,  35 ,  146 ,,,,,,,,,San Antonio,,,,,,,SAN | mRNA-1403-P301 | AC
SAN | mRNA-1273_1283-P401,74,11,,65,9,11,0,,  22 ,  27 ,  17 ,  6 ,  2 ,  2 ,  4 ,  5 ,  2 ,  - ,  - ,  - ,  85 ,,,,,,,,,San Antonio,,,,,,,SAN | mRNA-1273_1283-P401
SAN | C4591081,22,0,,22,0,0,0,,  - ,  - ,  22 ,  - ,  - ,  - ,  - ,  - ,  - ,  - ,  - ,  - ,  22 ,,,,,,,,,San Antonio,,,,,,,SAN | C4591081
,0,0,,0,0,0,0,,  - ,  - ,  - ,  - ,  - ,  - ,  - ,  - ,  - ,  - ,  - ,  - ,  - ,,,,,,,,,San Antonio,,,,,,,
,0,0,,0,0,0,0,,  - ,  - ,  - ,  - ,  - ,  - ,  - ,  - ,  - ,  - ,  - ,  - ,  - ,,,,,,,,,San Antonio,,,,,,,
,0,0,,0,0,0,0,,  - ,  - ,  - ,  - ,  - ,  - ,  - ,  - ,  - ,  - ,  - ,  - ,  - ,,,,,,,,,San Antonio,,,,,,,
Total Enrolling,20,125,,6,14,58,67,,  1 ,  9 ,  (3),  5 ,  1 ,  8 ,  22 ,  16 ,  21 ,  23 ,  20 ,  26 ,  149 ,,,,,,,,,San Antonio,,,,,,Total Enrolling,
Enrolling,20,125,,6,14,58,67,,  1 ,  9 ,  (3),  5 ,  1 ,  8 ,  22 ,  16 ,  20 ,  23 ,  20 ,  25 ,  145 ,,,,,,,,,San Antonio,,,,,,Enrolling,
SAN | D7960C00015,20,125,,6,14,58,67,,  1 ,  9 ,  (3),  5 ,  1 ,  8 ,  22 ,  16 ,  20 ,  23 ,  20 ,  25 ,  145 ,,,,,,,,,San Antonio,,,,,,,SAN | D7960C00015
,0,0,,0,0,0,0,,  - ,  - ,  - ,  - ,  - ,  - ,  - ,  - ,  - ,  - ,  - ,  - ,  - ,,,,,,,,,San Antonio,,,,,,,
Revenue Optimization - Enrolling Studies,0,4,,0,0,2,2,,  - ,  - ,  - ,  - ,  - ,  0 ,  1 ,  1 ,  1 ,  1 ,  1 ,  1 ,  4 ,,,,,,,,,San Antonio,,,,,,Revenue Optimization - Enrolling Studies,
Risk Adjustments for Enrolling Trials,0,0,,0,0,0,0,,  - ,  - ,  - ,  - ,  - ,  - ,  - ,  (0),  - ,  - ,  - ,  - ,  (0),,,,,,,,,San Antonio,,,,,,Risk Adjustments for Enrolling Trials,
Total Awarded,0,207,,0,0,0,207,,  - ,  - ,  - ,  - ,  - ,  - ,  - ,  - ,  - ,  39 ,  16 ,  3 ,  57 ,,,,,,,,,San Antonio,,,,,,Total Awarded,
Awarded,0,207,,0,0,0,207,,  - ,  - ,  - ,  - ,  - ,  - ,  - ,  - ,  - ,  139 ,  56 ,  12 ,  207 ,,,,,,,,,San Antonio,,,,,,Awarded,
San Antonio | VCA23395 | Main Cohort 1 (Stage 2),0,207,,0,0,0,207,,  - ,  - ,  - ,  - ,  - ,  - ,  - ,  - ,  - ,  139 ,  56 ,  12 ,  207 ,,,,,,,,,San Antonio,,,,,,,San Antonio | VCA23395 | Main Cohort 1 (Stage 2)
Awarded Adjustment,0,-149,,0,0,0,-149,,  - ,  - ,  - ,  - ,  - ,  - ,  - ,  - ,  - ,  (100),  (41),  (8),  (149),,,,,,,,,San Antonio,,,,,,Awarded Adjustment,
Total Pipeline,0,344,,0,0,124,220,,  - ,  - ,  - ,  - ,  - ,  - ,  3 ,  59 ,  62 ,  65 ,  75 ,  80 ,  344 ,,,,,,,,,San Antonio,,,,,,Total Pipeline,
Pipeline,0,344,,0,0,124,220,,  - ,  - ,  - ,  - ,  - ,  - ,  3 ,  59 ,  62 ,  65 ,  75 ,  80 ,  344 ,,,,,,,,,San Antonio,,,,,,Pipeline,
San Antonio | D7260C00015 |,0,30,,0,0,10,20,,  - ,  - ,  - ,  - ,  - ,  - ,  1 ,  4 ,  5 ,  7 ,  6 ,  7 ,  30 ,,,,,,,,,San Antonio,,,,,,,San Antonio | D7260C00015 |
San Antonio | V201-08 |,0,1,,0,0,0,1,,  - ,  - ,  - ,  - ,  - ,  - ,  - ,  - ,  - ,  - ,  0 ,  1 ,  1 ,,,,,,,,,San Antonio,,,,,,,San Antonio | V201-08 |
San Antonio | 80120522 |,0,8,,0,0,0,8,,  - ,  - ,  - ,  - ,  - ,  - ,  - ,  - ,  - ,  - ,  3 ,  5 ,  8 ,,,,,,,,,San Antonio,,,,,,,San Antonio | 80120522 |
San Antonio | OAB71527 |,0,2,,0,0,1,1,,  - ,  - ,  - ,  - ,  - ,  - ,  - ,  0 ,  0 ,  0 ,  0 ,  0 ,  2 ,,,,,,,,,San Antonio,,,,,,,San Antonio | OAB71527 |
San Antonio | Steel-101 |,0,1,,0,0,0,1,,  - ,  - ,  - ,  - ,  - ,  - ,  - ,  - ,  - ,  - ,  0 ,  0 ,  1 ,,,,,,,,,San Antonio,,,,,,,San Antonio | Steel-101 |
San Antonio | D8750C00011 |,0,23,,0,0,9,14,,  - ,  - ,  - ,  - ,  - ,  - ,  - ,  4 ,  5 ,  5 ,  5 ,  5 ,  23 ,,,,,,,,,San Antonio,,,,,,,San Antonio | D8750C00011 |
San Antonio | D8750C00010 |,0,20,,0,0,8,12,,  - ,  - ,  - ,  - ,  - ,  - ,  - ,  4 ,  4 ,  4 ,  4 ,  4 ,  20 ,,,,,,,,,San Antonio,,,,,,,San Antonio | D8750C00010 |
San Antonio | D8750C00012 |,0,123,,0,0,48,75,,  - ,  - ,  - ,  - ,  - ,  - ,  - ,  24 ,  24 ,  25 ,  24 ,  25 ,  123 ,,,,,,,,,San Antonio,,,,,,,San Antonio | D8750C00012 |
San Antonio | NOE115-VMS-202 |,0,21,,0,0,10,12,,  - ,  - ,  - ,  - ,  - ,  - ,  2 ,  4 ,  4 ,  4 ,  4 ,  4 ,  21 ,,,,,,,,,San Antonio,,,,,,,San Antonio | NOE115-VMS-202 |
San Antonio | ASC30-302 |,0,39,,0,0,15,24,,  - ,  - ,  - ,  - ,  - ,  - ,  - ,  8 ,  8 ,  8 ,  8 ,  8 ,  39 ,,,,,,,,,San Antonio,,,,,,,San Antonio | ASC30-302 |
San Antonio | ASC30-301 |,0,59,,0,0,23,36,,  - ,  - ,  - ,  - ,  - ,  - ,  - ,  11 ,  12 ,  12 ,  12 ,  12 ,  59 ,,,,,,,,,San Antonio,,,,,,,San Antonio | ASC30-301 |
San Antonio | MK-5884-031 |,0,1,,0,0,0,1,,  - ,  - ,  - ,  - ,  - ,  - ,  - ,  - ,  - ,  - ,  0 ,  1 ,  1 ,,,,,,,,,San Antonio,,,,,,,San Antonio | MK-5884-031 |
San Antonio | 783652 |,0,8,,0,0,0,8,,  - ,  - ,  - ,  - ,  - ,  - ,  - ,  - ,  - ,  - ,  4 ,  4 ,  8 ,,,,,,,,,San Antonio,,,,,,,San Antonio | 783652 |
San Antonio | 783653 |,0,8,,0,0,0,8,,  - ,  - ,  - ,  - ,  - ,  - ,  - ,  - ,  - ,  - ,  4 ,  4 ,  8 ,,,,,,,,,San Antonio,,,,,,,San Antonio | 783653 |
,0,0,,0,0,0,0,,  - ,  - ,  - ,  - ,  - ,  - ,  - ,  - ,  - ,  - ,  - ,  - ,  - ,,,,,,,,,San Antonio,,,,,,,
,0,0,,0,0,0,0,,  - ,  - ,  - ,  - ,  - ,  - ,  - ,  - ,  - ,  - ,  - ,  - ,  - ,,,,,,,,,San Antonio,,,,,,,
Pipeline Adjustment,0,0,,0,0,0,0,,  - ,  - ,  - ,  - ,  - ,  - ,  - ,  - ,  0 ,  - ,  0 ,  0 ,  0 ,,,,,,,,,San Antonio,,,,,,Pipeline Adjustment,
Budget Optimization,0,0,,0,0,0,0,,  - ,  - ,  - ,  - ,  - ,  - ,  - ,  - ,  - ,  - ,  - ,  - ,  - ,,,,,,,,,San Antonio,,,,,,Budget Optimization,
Genuine Go-Get,0,13,,0,0,5,8,,  - ,  - ,  - ,  - ,  - ,  - ,  1 ,  1 ,  3 ,  2 ,  3 ,  3 ,  13 ,,,,,,,,,San Antonio,,,,,,Genuine Go-Get,
Go-Get - Organic due to Enrolling Revenue Optimization,0,-4,,0,0,-2,-3,,  - ,  - ,  - ,  - ,  - ,  - ,  (0),  (0),  (1),  (1),  (1),  (1),  (4),,,,,,,,,San Antonio,,,,,,Go-Get - Organic due to Enrolling Revenue Optimization,
Go-Get - Organic due to Enrolling Adj.,0,0,,0,0,0,0,,  - ,  - ,  - ,  - ,  - ,  - ,  0 ,  0 ,  0 ,  0 ,  0 ,  0 ,  0 ,,,,,,,,,San Antonio,,,,,,Go-Get - Organic due to Enrolling Adj.,
Go-Get - Organic due to Budget Optimization,0,0,,0,0,0,0,,  - ,  - ,  - ,  - ,  - ,  - ,  - ,  - ,  - ,  - ,  - ,  - ,  - ,,,,,,,,,San Antonio,,,,,,Go-Get - Organic due to Budget Optimization,
Go-Get - Organic due to Pipeline Adj,0,0,,0,0,0,0,,  - ,  - ,  - ,  - ,  - ,  - ,  (0),  (0),  (0),  (0),  (0),  (0),  (0),,,,,,,,,San Antonio,,,,,,Go-Get - Organic due to Pipeline Adj,
Go-Get - Organic due to Awarded Adj,0,149,,0,0,60,90,,  - ,  - ,  - ,  - ,  - ,  - ,  15 ,  15 ,  30 ,  22 ,  37 ,  30 ,  149 ,,,,,,,,,San Antonio,,,,,,Go-Get - Organic due to Awarded Adj,
Go-Get Organic,0,-132,,0,0,-53,-79,,  - ,  - ,  - ,  - ,  - ,  - ,  (13),  (13),  (26),  (20),  (33),  (26),  (132),,,,,,,,,San Antonio,,,,,,Go-Get Organic,
Seattle,552,827,,198,355,267,559,,  67 ,  86 ,  45 ,  85 ,  219 ,  50 ,  72 ,  84 ,  111 ,  188 ,  213 ,  158 ,"  1,379 ",,,,,,,,,Seattle,,,,,Seattle,,
Backlog (Maintenance),500,161,,168,331,12,149,,  41 ,  84 ,  43 ,  83 ,  210 ,  38 ,  12 ,  - ,  - ,  54 ,  56 ,  39 ,  660 ,,,,,,,,,Seattle,,,,,,Backlog (Maintenance),
SEA | mRNA-1403-P301,220,161,,42,178,12,149,,  - ,  25 ,  17 ,  73 ,  67 ,  38 ,  12 ,  - ,  - ,  54 ,  56 ,  39 ,  380 ,,,,,,,,,Seattle,,,,,,,SEA | mRNA-1403-P301
SEA | V118_24 |,280,0,,126,154,0,0,,  41 ,  59 ,  25 ,  10 ,  144 ,  - ,  - ,  - ,  - ,  - ,  - ,  - ,  280 ,,,,,,,,,Seattle,,,,,,,SEA | V118_24 |
Total Enrolling,48,44,,29,19,30,13,,  25 ,  2 ,  2 ,  2 ,  9 ,  8 ,  15 ,  6 ,  9 ,  4 ,  6 ,  3 ,  92 ,,,,,,,,,Seattle,,,,,,Total Enrolling,
Enrolling,48,44,,29,19,30,13,,  25 ,  2 ,  2 ,  2 ,  9 ,  8 ,  15 ,  6 ,  9 ,  4 ,  6 ,  3 ,  92 ,,,,,,,,,Seattle,,,,,,Enrolling,
SEA | D7960C00015,48,44,,29,19,30,13,,  25 ,  2 ,  2 ,  2 ,  9 ,  8 ,  15 ,  6 ,  9 ,  4 ,  6 ,  3 ,  92 ,,,,,,,,,Seattle,,,,,,,SEA | D7960C00015
Revenue Optimization - Enrolling Studies,0,0,,0,0,0,0,,  - ,  - ,  - ,  - ,  - ,  - ,  - ,  - ,  - ,  - ,  - ,  - ,  - ,,,,,,,,,Seattle,,,,,,Revenue Optimization - Enrolling Studies,
Risk Adjustments for Enrolling Trials,0,0,,0,0,0,0,,  - ,  - ,  - ,  - ,  - ,  0 ,  - ,  - ,  - ,  - ,  0 ,  - ,  0 ,,,,,,,,,Seattle,,,,,,Risk Adjustments for Enrolling Trials,
Total Awarded,5,97,,0,5,20,77,,  - ,  - ,  - ,  - ,  - ,  5 ,  8 ,  8 ,  4 ,  46 ,  25 ,  7 ,  101 ,,,,,,,,,Seattle,,,,,,Total Awarded,
Awarded,5,246,,0,5,20,226,,  - ,  - ,  - ,  - ,  - ,  5 ,  8 ,  8 ,  4 ,  146 ,  65 ,  15 ,  250 ,,,,,,,,,Seattle,,,,,,Awarded,
Awarded Adjustment,0,-149,,0,0,0,-149,,  - ,  - ,  - ,  - ,  - ,  0 ,  - ,  - ,  - ,  (100),  (41),  (8),  (149),,,,,,,,,Seattle,,,,,,Awarded Adjustment,
Total Pipeline,0,190,,0,0,72,118,,  - ,  - ,  - ,  - ,  - ,  - ,  4 ,  36 ,  31 ,  34 ,  43 ,  42 ,  190 ,,,,,,,,,Seattle,,,,,,Total Pipeline,
Pipeline,0,190,,0,0,72,118,,  - ,  - ,  - ,  - ,  - ,  - ,  4 ,  36 ,  31 ,  34 ,  43 ,  42 ,  190 ,,,,,,,,,Seattle,,,,,,Pipeline,
Seattle | D7265C00001 |,0,21,,0,0,9,12,,  - ,  - ,  - ,  - ,  - ,  - ,  - ,  7 ,  2 ,  3 ,  5 ,  4 ,  21 ,,,,,,,,,Seattle,,,,,,,Seattle | D7265C00001 |
Seattle | OAB71527 |,0,2,,0,0,1,1,,  - ,  - ,  - ,  - ,  - ,  - ,  - ,  0 ,  0 ,  0 ,  0 ,  0 ,  2 ,,,,,,,,,Seattle,,,,,,,Seattle | OAB71527 |
Seattle | D8790C00001 |,0,5,,0,0,2,2,,  - ,  - ,  - ,  - ,  - ,  - ,  1 ,  1 ,  1 ,  1 ,  1 ,  1 ,  5 ,,,,,,,,,Seattle,,,,,,,Seattle | D8790C00001 |
Seattle | NOE115-VMS-202 |,0,21,,0,0,10,12,,  - ,  - ,  - ,  - ,  - ,  - ,  2 ,  4 ,  4 ,  4 ,  4 ,  4 ,  21 ,,,,,,,,,Seattle,,,,,,,Seattle | NOE115-VMS-202 |
Seattle | ASC30-302 |,0,48,,0,0,19,29,,  - ,  - ,  - ,  - ,  - ,  - ,  - ,  9 ,  9 ,  10 ,  9 ,  10 ,  48 ,,,,,,,,,Seattle,,,,,,,Seattle | ASC30-302 |
Seattle | ASC30-301 |,0,66,,0,0,26,40,,  - ,  - ,  - ,  - ,  - ,  - ,  - ,  13 ,  13 ,  13 ,  13 ,  13 ,  66 ,,,,,,,,,Seattle,,,,,,,Seattle | ASC30-301 |
Seattle | 783652 |,0,8,,0,0,0,8,,  - ,  - ,  - ,  - ,  - ,  - ,  - ,  - ,  - ,  - ,  4 ,  4 ,  8 ,,,,,,,,,Seattle,,,,,,,Seattle | 783652 |
Seattle | 783653 |,0,8,,0,0,0,8,,  - ,  - ,  - ,  - ,  - ,  - ,  - ,  - ,  - ,  - ,  4 ,  4 ,  8 ,,,,,,,,,Seattle,,,,,,,Seattle | 783653 |
Seattle | MRT-8102-002 |,0,12,,0,0,6,6,,  - ,  - ,  - ,  - ,  - ,  - ,  2 ,  2 ,  2 ,  2 ,  2 ,  2 ,  12 ,,,,,,,,,Seattle,,,,,,,Seattle | MRT-8102-002 |
,0,0,,0,0,0,0,,  - ,  - ,  - ,  - ,  - ,  - ,  - ,  - ,  - ,  - ,  - ,  - ,  - ,,,,,,,,,Seattle,,,,,,,
Pipeline Adjustment,0,0,,0,0,0,0,,  - ,  - ,  - ,  - ,  - ,  - ,  - ,  0 ,  - ,  0 ,  (0),  - ,  0 ,,,,,,,,,Seattle,,,,,,Pipeline Adjustment,
Budget Optimization,0,0,,0,0,0,0,,  - ,  - ,  - ,  - ,  - ,  - ,  - ,  - ,  - ,  - ,  - ,  - ,  - ,,,,,,,,,Seattle,,,,,,Budget Optimization,
Genuine Go-Get,0,336,,0,0,134,202,,  - ,  - ,  - ,  - ,  - ,  - ,  34 ,  34 ,  67 ,  50 ,  84 ,  67 ,  336 ,,,,,,,,,Seattle,,,,,,Genuine Go-Get,
Go-Get - Organic due to Enrolling Revenue Optimization,0,0,,0,0,0,0,,  - ,  - ,  - ,  - ,  - ,  - ,  - ,  - ,  - ,  - ,  - ,  - ,  - ,,,,,,,,,Seattle,,,,,,Go-Get - Organic due to Enrolling Revenue Optimization,
Go-Get - Organic due to Enrolling Adj.,0,0,,0,0,0,0,,  - ,  - ,  - ,  - ,  - ,  - ,  (0),  (0),  (0),  (0),  (0),  (0),  (0),,,,,,,,,Seattle,,,,,,Go-Get - Organic due to Enrolling Adj.,
Go-Get - Organic due to Budget Optimization,0,0,,0,0,0,0,,  - ,  - ,  - ,  - ,  - ,  - ,  - ,  - ,  - ,  - ,  - ,  - ,  - ,,,,,,,,,Seattle,,,,,,Go-Get - Organic due to Budget Optimization,
Go-Get - Organic due to Pipeline Adj,0,0,,0,0,0,0,,  - ,  - ,  - ,  - ,  - ,  - ,  (0),  (0),  (0),  (0),  (0),  (0),  (0),,,,,,,,,Seattle,,,,,,Go-Get - Organic due to Pipeline Adj,
Go-Get - Organic due to Awarded Adj,0,149,,0,0,60,90,,  - ,  - ,  - ,  - ,  - ,  - ,  15 ,  15 ,  30 ,  22 ,  37 ,  30 ,  149 ,,,,,,,,,Seattle,,,,,,Go-Get - Organic due to Awarded Adj,
Go-Get Organic,0,187,,0,0,75,112,,  - ,  - ,  - ,  - ,  - ,  - ,  19 ,  19 ,  37 ,  28 ,  47 ,  37 ,  187 ,,,,,,,,,Seattle,,,,,,Go-Get Organic,
Southfield,"2,835","2,080",,"1,752","1,083",680,"1,400",,  557 ,  741 ,  454 ,  369 ,  464 ,  250 ,  174 ,  216 ,  290 ,  381 ,  487 ,  532 ,"  4,915 ",,,,,,,,,Southfield,,,,,Southfield,,
Backlog (Maintenance),"2,558",434,,"1,678",880,177,258,,  546 ,  707 ,  425 ,  329 ,  376 ,  175 ,  59 ,  49 ,  69 ,  68 ,  70 ,  120 ,"  2,992 ",,,,,,,,,Southfield,,,,,,Backlog (Maintenance),
SFL | mRNA-1647-P301,2,0,,2,0,0,0,,  0 ,  - ,  2 ,  - ,  - ,  - ,  - ,  - ,  - ,  - ,  - ,  - ,  2 ,,,,,,,,,Southfield,,,,,,,SFL | mRNA-1647-P301
SFL | mRNA-1189-P101,0,0,,0,0,0,0,,  0 ,  - ,  - ,  - ,  - ,  - ,  - ,  - ,  - ,  - ,  - ,  - ,  0 ,,,,,,,,,Southfield,,,,,,,SFL | mRNA-1189-P101
SFL | mRNA- 1345-P303,20,0,,20,0,0,0,,  14 ,  5 ,  2 ,  - ,  - ,  - ,  - ,  - ,  - ,  - ,  - ,  - ,  20 ,,,,,,,,,Southfield,,,,,,,SFL | mRNA- 1345-P303
SFL | AR882-302,25,0,,25,0,0,0,,  2 ,  9 ,  14 ,  - ,  - ,  - ,  - ,  - ,  - ,  - ,  - ,  - ,  25 ,,,,,,,,,Southfield,,,,,,,SFL | AR882-302
SFL | mRNA-1010-P304,32,0,,32,0,0,0,,  32 ,  - ,  - ,  - ,  - ,  - ,  - ,  - ,  - ,  - ,  - ,  - ,  32 ,,,,,,,,,Southfield,,,,,,,SFL | mRNA-1010-P304
SFL | 20230143,15,0,,11,4,0,0,,  3 ,  4 ,  4 ,  - ,  4 ,  - ,  - ,  - ,  - ,  - ,  - ,  - ,  15 ,,,,,,,,,Southfield,,,,,,,SFL | 20230143
SFL | mRNA-1403-P301,433,151,,199,234,3,148,,  - ,  138 ,  60 ,  82 ,  124 ,  28 ,  3 ,  - ,  - ,  52 ,  68 ,  28 ,  584 ,,,,,,,,,Southfield,,,,,,,SFL | mRNA-1403-P301
SFL | mRNA-1195-P101 | Part B,19,12,,12,7,5,6,,  3 ,  3 ,  6 ,  4 ,  2 ,  2 ,  2 ,  2 ,  2 ,  6 ,  - ,  - ,  31 ,,,,,,,,,Southfield,,,,,,,SFL | mRNA-1195-P101 | Part B
SFL | AR882-301,94,7,,35,59,7,0,,  12 ,  16 ,  7 ,  16 ,  28 ,  16 ,  5 ,  2 ,  - ,  - ,  - ,  - ,  100 ,,,,,,,,,Southfield,,,,,,,SFL | AR882-301
SFL | CVXGA-003,13,0,,14,0,0,0,,  14 ,  (1),  - ,  (0),  - ,  - ,  - ,  - ,  - ,  - ,  - ,  - ,  13 ,,,,,,,,,Southfield,,,,,,,SFL | CVXGA-003
SFL | V118_24 |,263,0,,113,150,0,0,,  43 ,  60 ,  9 ,  12 ,  138 ,  - ,  - ,  - ,  - ,  - ,  - ,  - ,  263 ,,,,,,,,,Southfield,,,,,,,SFL | V118_24 |
SFL | VRB-101-201,273,26,,145,128,26,0,,  40 ,  64 ,  41 ,  36 ,  40 ,  53 ,  26 ,  - ,  - ,  - ,  - ,  - ,  299 ,,,,,,,,,Southfield,,,,,,,SFL | VRB-101-201
SFL | 2019nCoV-318,96,0,,52,45,0,0,,  52 ,  0 ,  - ,  45 ,  - ,  - ,  - ,  - ,  - ,  - ,  - ,  - ,  96 ,,,,,,,,,Southfield,,,,,,,SFL | 2019nCoV-318
SFL | VAX31-105,127,2,,114,12,2,0,,  19 ,  70 ,  26 ,  2 ,  8 ,  2 ,  - ,  - ,  2 ,  - ,  - ,  - ,  129 ,,,,,,,,,Southfield,,,,,,,SFL | VAX31-105
SFL | VAX31-106,618,43,,503,115,43,0,,  99 ,  225 ,  178 ,  71 ,  17 ,  27 ,  1 ,  18 ,  24 ,  - ,  - ,  - ,  661 ,,,,,,,,,Southfield,,,,,,,SFL | VAX31-106
SFL | mRNA-1403-P301 | AC,220,143,,145,75,40,104,,  145 ,  - ,  - ,  37 ,  - ,  38 ,  12 ,  2 ,  26 ,  10 ,  2 ,  92 ,  363 ,,,,,,,,,Southfield,,,,,,,SFL | mRNA-1403-P301 | AC
SFL | C4591081,178,35,,144,35,35,0,,  42 ,  56 ,  46 ,  20 ,  10 ,  5 ,  6 ,  17 ,  12 ,  - ,  - ,  - ,  214 ,,,,,,,,,Southfield,,,,,,,SFL | C4591081
SFL | mRNA-1273_1283-P401,113,15,,97,16,15,0,,  26 ,  42 ,  29 ,  6 ,  6 ,  5 ,  4 ,  8 ,  3 ,  - ,  - ,  - ,  128 ,,,,,,,,,Southfield,,,,,,,SFL | mRNA-1273_1283-P401
Detroit | VYD2311-PREV-002 |,15,0,,15,0,0,0,,  - ,  15 ,  - ,  - ,  - ,  - ,  - ,  - ,  - ,  - ,  - ,  - ,  15 ,,,,,,,,,Southfield,,,,,,,Detroit | VYD2311-PREV-002 |
Total Enrolling,265,447,,74,191,186,261,,  11 ,  34 ,  29 ,  40 ,  88 ,  67 ,  75 ,  62 ,  69 ,  96 ,  97 ,  91 ,  758 ,,,,,,,,,Southfield,,,,,,Total Enrolling,
Enrolling,265,447,,74,191,186,261,,  11 ,  34 ,  29 ,  40 ,  88 ,  63 ,  67 ,  57 ,  61 ,  88 ,  90 ,  82 ,  711 ,,,,,,,,,Southfield,,,,,,Enrolling,
Detroit | FYU-981-CRYS-301 |,12,34,,6,6,18,17,,  - ,  - ,  6 ,  (3),  - ,  9 ,  9 ,  5 ,  4 ,  6 ,  7 ,  4 ,  46 ,,,,,,,,,Southfield,,,,,,,Detroit | FYU-981-CRYS-301 |
SFL | D7960C00015,90,69,,54,36,33,37,,  8 ,  30 ,  16 ,  18 ,  11 ,  7 ,  13 ,  8 ,  12 ,  11 ,  11 ,  14 ,  159 ,,,,,,,,,Southfield,,,,,,,SFL | D7960C00015
SFL | C4771002,163,343,,15,149,136,207,,  3 ,  4 ,  7 ,  25 ,  77 ,  47 ,  46 ,  44 ,  46 ,  71 ,  73 ,  64 ,  506 ,,,,,,,,,Southfield,,,,,,,SFL | C4771002
,0,0,,0,0,0,0,,  - ,  - ,  - ,  - ,  - ,  - ,  - ,  - ,  - ,  - ,  - ,  - ,  - ,,,,,,,,,Southfield,,,,,,,
,0,0,,0,0,0,0,,  - ,  - ,  - ,  - ,  - ,  - ,  - ,  - ,  - ,  - ,  - ,  - ,  - ,,,,,,,,,Southfield,,,,,,,
,0,0,,0,0,0,0,,  - ,  - ,  - ,  - ,  - ,  - ,  - ,  - ,  - ,  - ,  - ,  - ,  - ,,,,,,,,,Southfield,,,,,,,
,0,0,,0,0,0,0,,  - ,  - ,  - ,  - ,  - ,  - ,  - ,  - ,  - ,  - ,  - ,  - ,  - ,,,,,,,,,Southfield,,,,,,,
,0,0,,0,0,0,0,,  - ,  - ,  - ,  - ,  - ,  - ,  - ,  - ,  - ,  - ,  - ,  - ,  - ,,,,,,,,,Southfield,,,,,,,
Revenue Optimization - Enrolling Studies,4,42,,0,4,19,23,,  - ,  - ,  - ,  - ,  - ,  4 ,  7 ,  5 ,  7 ,  7 ,  7 ,  9 ,  47 ,,,,,,,,,Southfield,,,,,,Revenue Optimization - Enrolling Studies,
Risk Adjustments for Enrolling Trials,0,0,,0,0,0,0,,  - ,  - ,  - ,  - ,  - ,  (0),  - ,  - ,  - ,  - ,  (0),  - ,  (0),,,,,,,,,Southfield,,,,,,Risk Adjustments for Enrolling Trials,
Total Awarded,6,445,,0,6,73,372,,  - ,  - ,  - ,  - ,  - ,  6 ,  12 ,  9 ,  25 ,  66 ,  77 ,  63 ,  259 ,,,,,,,,,Southfield,,,,,,Total Awarded,
Awarded,6,445,,0,6,73,372,,  - ,  - ,  - ,  - ,  - ,  6 ,  12 ,  9 ,  52 ,  177 ,  120 ,  76 ,  452 ,,,,,,,,,Southfield,,,,,,Awarded,
Detroit | C6491014 |,0,79,,0,0,0,79,,  - ,  - ,  - ,  - ,  - ,  - ,  - ,  - ,  - ,  - ,  43 ,  36 ,  79 ,,,,,,,,,Southfield,,,,,,,Detroit | C6491014 |
Detroit | VCA23395 | Main Cohort 1 (Stage 2),0,207,,0,0,0,207,,  - ,  - ,  - ,  - ,  - ,  - ,  - ,  - ,  - ,  139 ,  56 ,  12 ,  207 ,,,,,,,,,Southfield,,,,,,,Detroit | VCA23395 | Main Cohort 1 (Stage 2)
Detroit | VCA23395 | Cohort 2 Sentinel (Stage 1),0,61,,0,0,37,23,,  - ,  - ,  - ,  - ,  - ,  - ,  - ,  - ,  37 ,  15 ,  3 ,  6 ,  61 ,,,,,,,,,Southfield,,,,,,,Detroit | VCA23395 | Cohort 2 Sentinel (Stage 1)
Detroit | D7261C00005 |,2,58,,0,2,21,37,,  - ,  - ,  - ,  - ,  - ,  2 ,  8 ,  6 ,  8 ,  15 ,  10 ,  12 ,  61 ,,,,,,,,,Southfield,,,,,,,Detroit | D7261C00005 |
Detroit | D7266C00001 |,4,41,,0,4,14,26,,  - ,  - ,  - ,  - ,  - ,  4 ,  4 ,  3 ,  7 ,  9 ,  7 ,  11 ,  45 ,,,,,,,,,Southfield,,,,,,,Detroit | D7266C00001 |
,0,0,,0,0,0,0,,  - ,  - ,  - ,  - ,  - ,  - ,  - ,  - ,  - ,  - ,  - ,  - ,  - ,,,,,,,,,Southfield,,,,,,,
,0,0,,0,0,0,0,,  - ,  - ,  - ,  - ,  - ,  - ,  - ,  - ,  - ,  - ,  - ,  - ,  - ,,,,,,,,,Southfield,,,,,,,
Awarded Adjustment,0,-193,,0,0,-27,-166,,  - ,  - ,  - ,  - ,  - ,  (0),  0 ,  - ,  (27),  (111),  (43),  (13),  (193),,,,,,,,,Southfield,,,,,,Awarded Adjustment,
Total Pipeline,2,656,,0,2,153,503,,  - ,  - ,  - ,  - ,  - ,  2 ,  4 ,  72 ,  77 ,  114 ,  181 ,  208 ,  658 ,,,,,,,,,Southfield,,,,,,Total Pipeline,
Pipeline,6,684,,0,6,167,517,,  - ,  - ,  - ,  - ,  - ,  6 ,  8 ,  77 ,  82 ,  118 ,  186 ,  212 ,  690 ,,,,,,,,,Southfield,,,,,,Pipeline,
Detroit | R5713-5715-ALG-2556 |,0,247,,0,0,0,247,,  - ,  - ,  - ,  - ,  - ,  - ,  - ,  - ,  - ,  33 ,  95 ,  120 ,  247 ,,,,,,,,,Southfield,,,,,,,Detroit | R5713-5715-ALG-2556 |
Detroit | 80120522 |,0,8,,0,0,0,8,,  - ,  - ,  - ,  - ,  - ,  - ,  - ,  - ,  - ,  - ,  3 ,  5 ,  8 ,,,,,,,,,Southfield,,,,,,,Detroit | 80120522 |
Detroit | OAB71527 |,0,2,,0,0,1,1,,  - ,  - ,  - ,  - ,  - ,  - ,  - ,  0 ,  0 ,  0 ,  0 ,  0 ,  2 ,,,,,,,,,Southfield,,,,,,,Detroit | OAB71527 |
Detroit | D8750C00011 |,0,23,,0,0,9,14,,  - ,  - ,  - ,  - ,  - ,  - ,  - ,  4 ,  5 ,  5 ,  5 ,  5 ,  23 ,,,,,,,,,Southfield,,,,,,,Detroit | D8750C00011 |
Detroit | D8750C00014 |,0,68,,0,0,38,30,,  - ,  - ,  - ,  - ,  - ,  - ,  - ,  19 ,  20 ,  20 ,  10 ,  - ,  68 ,,,,,,,,,Southfield,,,,,,,Detroit | D8750C00014 |
Detroit | D8750C00010 |,0,20,,0,0,8,12,,  - ,  - ,  - ,  - ,  - ,  - ,  - ,  4 ,  4 ,  4 ,  4 ,  4 ,  20 ,,,,,,,,,Southfield,,,,,,,Detroit | D8750C00010 |
Detroit | D8750C00012 |,0,46,,0,0,18,28,,  - ,  - ,  - ,  - ,  - ,  - ,  - ,  9 ,  9 ,  9 ,  9 ,  9 ,  46 ,,,,,,,,,Southfield,,,,,,,Detroit | D8750C00012 |
Detroit | RAB35102 |,0,1,,0,0,1,1,,  - ,  - ,  - ,  - ,  - ,  0 ,  0 ,  0 ,  0 ,  0 ,  0 ,  0 ,  2 ,,,,,,,,,Southfield,,,,,,,Detroit | RAB35102 |
Detroit | J2A-MC-GZVA |,6,37,,0,6,19,19,,  - ,  - ,  - ,  - ,  - ,  6 ,  6 ,  6 ,  6 ,  6 ,  6 ,  6 ,  44 ,,,,,,,,,Southfield,,,,,,,Detroit | J2A-MC-GZVA |
Detroit | D7961C00001 |,0,15,,0,0,3,12,,  - ,  - ,  - ,  - ,  - ,  - ,  - ,  - ,  3 ,  4 ,  4 ,  4 ,  15 ,,,,,,,,,Southfield,,,,,,,Detroit | D7961C00001 |
Detroit | NOE115-VMS-202 |,0,21,,0,0,10,12,,  - ,  - ,  - ,  - ,  - ,  - ,  2 ,  4 ,  4 ,  4 ,  4 ,  4 ,  21 ,,,,,,,,,Southfield,,,,,,,Detroit | NOE115-VMS-202 |
Detroit | NN9489-8035 |,0,1,,0,0,0,1,,  - ,  - ,  - ,  - ,  - ,  - ,  - ,  - ,  - ,  - ,  0 ,  0 ,  1 ,,,,,,,,,Southfield,,,,,,,Detroit | NN9489-8035 |
Detroit | NN9489-8034 |,0,9,,0,0,0,9,,  - ,  - ,  - ,  - ,  - ,  - ,  - ,  - ,  - ,  - ,  3 ,  6 ,  9 ,,,,,,,,,Southfield,,,,,,,Detroit | NN9489-8034 |
Detroit | NN9489-8033 |,0,9,,0,0,0,9,,  - ,  - ,  - ,  - ,  - ,  - ,  - ,  - ,  - ,  - ,  3 ,  6 ,  9 ,,,,,,,,,Southfield,,,,,,,Detroit | NN9489-8033 |
Detroit | NN9489-8449 |,0,3,,0,0,0,3,,  - ,  - ,  - ,  - ,  - ,  - ,  - ,  - ,  - ,  - ,  1 ,  2 ,  3 ,,,,,,,,,Southfield,,,,,,,Detroit | NN9489-8449 |
Detroit | ASC30-302 |,0,57,,0,0,22,35,,  - ,  - ,  - ,  - ,  - ,  - ,  - ,  11 ,  11 ,  12 ,  11 ,  12 ,  57 ,,,,,,,,,Southfield,,,,,,,Detroit | ASC30-302 |
Detroit | 783652 |,0,8,,0,0,0,8,,  - ,  - ,  - ,  - ,  - ,  - ,  - ,  - ,  - ,  - ,  4 ,  4 ,  8 ,,,,,,,,,Southfield,,,,,,,Detroit | 783652 |
Detroit | 783653 |,0,8,,0,0,0,8,,  - ,  - ,  - ,  - ,  - ,  - ,  - ,  - ,  - ,  - ,  4 ,  4 ,  8 ,,,,,,,,,Southfield,,,,,,,Detroit | 783653 |
Detroit | ASC30-301 |,0,98,,0,0,38,60,,  - ,  - ,  - ,  - ,  - ,  - ,  - ,  19 ,  20 ,  20 ,  20 ,  20 ,  98 ,,,,,,,,,Southfield,,,,,,,Detroit | ASC30-301 |
,0,0,,0,0,0,0,,  - ,  - ,  - ,  - ,  - ,  - ,  - ,  - ,  - ,  - ,  - ,  - ,  - ,,,,,,,,,Southfield,,,,,,,
,0,0,,0,0,0,0,,  - ,  - ,  - ,  - ,  - ,  - ,  - ,  - ,  - ,  - ,  - ,  - ,  - ,,,,,,,,,Southfield,,,,,,,
,0,0,,0,0,0,0,,  - ,  - ,  - ,  - ,  - ,  - ,  - ,  - ,  - ,  - ,  - ,  - ,  - ,,,,,,,,,Southfield,,,,,,,
,0,0,,0,0,0,0,,  - ,  - ,  - ,  - ,  - ,  - ,  - ,  - ,  - ,  - ,  - ,  - ,  - ,,,,,,,,,Southfield,,,,,,,
,0,0,,0,0,0,0,,  - ,  - ,  - ,  - ,  - ,  - ,  - ,  - ,  - ,  - ,  - ,  - ,  - ,,,,,,,,,Southfield,,,,,,,
,0,0,,0,0,0,0,,  - ,  - ,  - ,  - ,  - ,  - ,  - ,  - ,  - ,  - ,  - ,  - ,  - ,,,,,,,,,Southfield,,,,,,,
,0,0,,0,0,0,0,,  - ,  - ,  - ,  - ,  - ,  - ,  - ,  - ,  - ,  - ,  - ,  - ,  - ,,,,,,,,,Southfield,,,,,,,
,0,0,,0,0,0,0,,  - ,  - ,  - ,  - ,  - ,  - ,  - ,  - ,  - ,  - ,  - ,  - ,  - ,,,,,,,,,Southfield,,,,,,,
Pipeline Adjustment,-4,-27,,0,-4,-14,-14,,  - ,  - ,  - ,  - ,  - ,  (4),  (5),  (5),  (4),  (5),  (4),  (5),  (32),,,,,,,,,Southfield,,,,,,Pipeline Adjustment,
Budget Optimization,0,0,,0,0,0,0,,  - ,  - ,  - ,  - ,  - ,  - ,  - ,  - ,  - ,  - ,  - ,  - ,  - ,,,,,,,,,Southfield,,,,,,Budget Optimization,
Genuine Go-Get,0,248,,0,0,99,149,,  - ,  - ,  - ,  - ,  - ,  - ,  25 ,  25 ,  50 ,  37 ,  62 ,  50 ,  248 ,,,,,,,,,Southfield,,,,,,Genuine Go-Get,
Go-Get - Organic due to Enrolling Revenue Optimization,0,-47,,0,0,-19,-28,,  - ,  - ,  - ,  - ,  - ,  - ,  (5),  (5),  (9),  (7),  (12),  (9),  (47),,,,,,,,,Southfield,,,,,,Go-Get - Organic due to Enrolling Revenue Optimization,
Go-Get - Organic due to Enrolling Adj.,0,0,,0,0,0,0,,  - ,  - ,  - ,  - ,  - ,  - ,  0 ,  0 ,  0 ,  0 ,  0 ,  0 ,  0 ,,,,,,,,,Southfield,,,,,,Go-Get - Organic due to Enrolling Adj.,
Go-Get - Organic due to Budget Optimization,0,0,,0,0,0,0,,  - ,  - ,  - ,  - ,  - ,  - ,  - ,  - ,  - ,  - ,  - ,  - ,  - ,,,,,,,,,Southfield,,,,,,Go-Get - Organic due to Budget Optimization,
Go-Get - Organic due to Pipeline Adj,0,32,,0,0,13,19,,  - ,  - ,  - ,  - ,  - ,  - ,  3 ,  3 ,  6 ,  5 ,  8 ,  6 ,  32 ,,,,,,,,,Southfield,,,,,,Go-Get - Organic due to Pipeline Adj,
Go-Get - Organic due to Awarded Adj,0,193,,0,0,77,116,,  - ,  - ,  - ,  - ,  - ,  - ,  19 ,  19 ,  39 ,  29 ,  48 ,  39 ,  193 ,,,,,,,,,Southfield,,,,,,Go-Get - Organic due to Awarded Adj,
Go-Get Organic,0,70,,0,0,28,42,,  - ,  - ,  - ,  - ,  - ,  - ,  7 ,  7 ,  14 ,  11 ,  18 ,  14 ,  70 ,,,,,,,,,Southfield,,,,,,Go-Get Organic,
Sugarland,"4,159","2,059",,"2,605","1,554",878,"1,181",,  744 ,  810 ,"  1,051 ",  650 ,  552 ,  352 ,  249 ,  268 ,  361 ,  424 ,  366 ,  391 ,"  6,219 ",,,,,,,,,Sugarland,,,,,Sugarland,,
Backlog (Maintenance),"2,477",653,,"1,672",805,306,347,,  664 ,  571 ,  437 ,  258 ,  324 ,  223 ,  89 ,  97 ,  121 ,  186 ,  47 ,  114 ,"  3,130 ",,,,,,,,,Sugarland,,,,,,Backlog (Maintenance),
SGL | C3671013,23,0,,21,3,0,0,,  8 ,  8 ,  5 ,  3 ,  - ,  - ,  - ,  - ,  - ,  - ,  - ,  - ,  23 ,,,,,,,,,Sugarland,,,,,,,SGL | C3671013
SGL | VAV00002,-15,0,,-11,-4,0,0,,  - ,  (11),  (0),  (4),  (0),  - ,  - ,  - ,  - ,  - ,  - ,  - ,  (15),,,,,,,,,Sugarland,,,,,,,SGL | VAV00002
SGL | C4931001 | Ph 2,37,0,,29,8,0,0,,  1 ,  1 ,  28 ,  8 ,  - ,  - ,  - ,  - ,  - ,  - ,  - ,  - ,  37 ,,,,,,,,,Sugarland,,,,,,,SGL | C4931001 | Ph 2
SGL | mRNA-1083-P201,11,0,,8,3,0,0,,  8 ,  - ,  - ,  3 ,  - ,  - ,  - ,  - ,  - ,  - ,  - ,  - ,  11 ,,,,,,,,,Sugarland,,,,,,,SGL | mRNA-1083-P201
SGL | mRNA-1403-P301,455,178,,223,232,5,174,,  - ,  144 ,  79 ,  108 ,  99 ,  25 ,  5 ,  - ,  - ,  111 ,  37 ,  26 ,  633 ,,,,,,,,,Sugarland,,,,,,,SGL | mRNA-1403-P301
SGL | JCXH-105-021,1,0,,1,0,0,0,,  1 ,  - ,  - ,  - ,  - ,  - ,  - ,  - ,  - ,  - ,  - ,  - ,  1 ,,,,,,,,,Sugarland,,,,,,,SGL | JCXH-105-021
SGL | mRNA-1195-P101 | Part B,21,19,,10,11,9,11,,  3 ,  3 ,  5 ,  5 ,  4 ,  3 ,  3 ,  3 ,  3 ,  11 ,  - ,  - ,  41 ,,,,,,,,,Sugarland,,,,,,,SGL | mRNA-1195-P101 | Part B
SGL | VAX31-103,908,50,,736,171,50,0,,  404 ,  178 ,  155 ,  32 ,  28 ,  112 ,  33 ,  16 ,  2 ,  - ,  - ,  - ,  958 ,,,,,,,,,Sugarland,,,,,,,SGL | VAX31-103
SGL | V118_24 |,255,0,,106,149,0,0,,  19 ,  79 ,  8 ,  6 ,  143 ,  - ,  - ,  - ,  - ,  - ,  - ,  - ,  255 ,,,,,,,,,Sugarland,,,,,,,SGL | V118_24 |
SGL | D7960C00012,175,239,,89,86,177,62,,  36 ,  20 ,  33 ,  27 ,  24 ,  35 ,  31 ,  66 ,  80 ,  52 ,  10 ,  - ,  414 ,,,,,,,,,Sugarland,,,,,,,SGL | D7960C00012
SGL | VAX31-105,279,13,,227,52,11,1,,  19 ,  115 ,  92 ,  25 ,  18 ,  10 ,  1 ,  - ,  10 ,  1 ,  - ,  - ,  291 ,,,,,,,,,Sugarland,,,,,,,SGL | VAX31-105
SGL | mRNA-1403-P301 | AC,193,135,,123,71,36,99,,  123 ,  - ,  - ,  36 ,  - ,  35 ,  11 ,  2 ,  23 ,  11 ,  - ,  88 ,  328 ,,,,,,,,,Sugarland,,,,,,,SGL | mRNA-1403-P301 | AC
SGL | C4591081,85,13,,69,17,13,0,,  29 ,  24 ,  17 ,  7 ,  9 ,  1 ,  3 ,  8 ,  2 ,  - ,  - ,  - ,  98 ,,,,,,,,,Sugarland,,,,,,,SGL | C4591081
SGL | mRNA-1273_1283-P401,48,6,,42,7,6,0,,  15 ,  12 ,  14 ,  3 ,  1 ,  3 ,  2 ,  2 ,  2 ,  - ,  - ,  - ,  55 ,,,,,,,,,Sugarland,,,,,,,SGL | mRNA-1273_1283-P401
,0,0,,0,0,0,0,,  - ,  - ,  - ,  - ,  - ,  - ,  - ,  - ,  - ,  - ,  - ,  - ,  - ,,,,,,,,,Sugarland,,,,,,,
,0,0,,0,0,0,0,,  - ,  - ,  - ,  - ,  - ,  - ,  - ,  - ,  - ,  - ,  - ,  - ,  - ,,,,,,,,,Sugarland,,,,,,,
,0,0,,0,0,0,0,,  - ,  - ,  - ,  - ,  - ,  - ,  - ,  - ,  - ,  - ,  - ,  - ,  - ,,,,,,,,,Sugarland,,,,,,,
Total Enrolling,"1,676",172,,933,744,139,32,,  80 ,  239 ,  614 ,  392 ,  228 ,  124 ,  89 ,  30 ,  25 ,  16 ,  9 ,  9 ,"  1,855 ",,,,,,,,,Sugarland,,,,,,Total Enrolling,
Enrolling,"1,676",172,,933,744,139,32,,  80 ,  239 ,  614 ,  392 ,  228 ,  123 ,  87 ,  29 ,  23 ,  15 ,  9 ,  9 ,"  1,848 ",,,,,,,,,Sugarland,,,,,,Enrolling,
SGL | D7960C00015,96,98,,34,62,66,32,,  0 ,  16 ,  18 ,  11 ,  34 ,  17 ,  19 ,  23 ,  23 ,  15 ,  9 ,  9 ,  194 ,,,,,,,,,Sugarland,,,,,,,SGL | D7960C00015
Sugarland | VYD2311-PREV-002 |,"1,580",74,,898,682,74,0,,  80 ,  223 ,  596 ,  381 ,  194 ,  107 ,  69 ,  5 ,  - ,  - ,  - ,  - ,"  1,654 ",,,,,,,,,Sugarland,,,,,,,Sugarland | VYD2311-PREV-002 |
,0,0,,0,0,0,0,,  - ,  - ,  - ,  - ,  - ,  - ,  - ,  - ,  - ,  - ,  - ,  - ,  - ,,,,,,,,,Sugarland,,,,,,,
,0,0,,0,0,0,0,,  - ,  - ,  - ,  - ,  - ,  - ,  - ,  - ,  - ,  - ,  - ,  - ,  - ,,,,,,,,,Sugarland,,,,,,,
,0,0,,0,0,0,0,,  - ,  - ,  - ,  - ,  - ,  - ,  - ,  - ,  - ,  - ,  - ,  - ,  - ,,,,,,,,,Sugarland,,,,,,,
,0,0,,0,0,0,0,,  - ,  - ,  - ,  - ,  - ,  - ,  - ,  - ,  - ,  - ,  - ,  - ,  - ,,,,,,,,,Sugarland,,,,,,,
Revenue Optimization - Enrolling Studies,1,6,,0,1,4,2,,  - ,  - ,  - ,  - ,  - ,  1 ,  1 ,  1 ,  1 ,  1 ,  1 ,  1 ,  7 ,,,,,,,,,Sugarland,,,,,,Revenue Optimization - Enrolling Studies,
Risk Adjustments for Enrolling Trials,0,0,,0,0,0,0,,  - ,  - ,  - ,  - ,  - ,  - ,  - ,  - ,  - ,  - ,  - ,  - ,  - ,,,,,,,,,Sugarland,,,,,,Risk Adjustments for Enrolling Trials,
Total Awarded,0,217,,0,0,26,192,,  - ,  - ,  - ,  - ,  - ,  - ,  5 ,  4 ,  17 ,  61 ,  70 ,  60 ,  217 ,,,,,,,,,Sugarland,,,,,,Total Awarded,
Awarded,0,410,,0,0,53,358,,  - ,  - ,  - ,  - ,  - ,  - ,  5 ,  4 ,  44 ,  172 ,  113 ,  73 ,  410 ,,,,,,,,,Sugarland,,,,,,Awarded,
Awarded Adjustment,0,-193,,0,0,-27,-166,,  - ,  - ,  - ,  - ,  - ,  - ,  - ,  - ,  (27),  (111),  (43),  (13),  (193),,,,,,,,,Sugarland,,,,,,Awarded Adjustment,
Total Pipeline,5,421,,0,5,166,255,,  - ,  - ,  - ,  - ,  - ,  5 ,  8 ,  78 ,  80 ,  73 ,  92 ,  89 ,  426 ,,,,,,,,,Sugarland,,,,,,Total Pipeline,
Pipeline,9,448,,0,9,180,268,,  - ,  - ,  - ,  - ,  - ,  9 ,  13 ,  82 ,  85 ,  78 ,  97 ,  94 ,  458 ,,,,,,,,,Sugarland,,,,,,Pipeline,
Sugarland | D8750C00014 |,0,112,,0,0,51,61,,  - ,  - ,  - ,  - ,  - ,  - ,  - ,  25 ,  26 ,  17 ,  26 ,  19 ,  112 ,,,,,,,,,Sugarland,,,,,,,Sugarland | D8750C00014 |
Sugarland | 80120522 |,0,8,,0,0,0,8,,  - ,  - ,  - ,  - ,  - ,  - ,  - ,  - ,  - ,  - ,  3 ,  5 ,  8 ,,,,,,,,,Sugarland,,,,,,,Sugarland | 80120522 |
Sugarland | OAB71527 |,0,2,,0,0,1,1,,  - ,  - ,  - ,  - ,  - ,  - ,  - ,  0 ,  0 ,  0 ,  0 ,  0 ,  2 ,,,,,,,,,Sugarland,,,,,,,Sugarland | OAB71527 |
Sugarland | Steel-101 |,0,1,,0,0,0,1,,  - ,  - ,  - ,  - ,  - ,  - ,  - ,  - ,  - ,  - ,  0 ,  0 ,  1 ,,,,,,,,,Sugarland,,,,,,,Sugarland | Steel-101 |
Sugarland | D8750C00011 |,0,23,,0,0,9,14,,  - ,  - ,  - ,  - ,  - ,  - ,  - ,  4 ,  5 ,  5 ,  5 ,  5 ,  23 ,,,,,,,,,Sugarland,,,,,,,Sugarland | D8750C00011 |
Sugarland | D8750C00010 |,0,20,,0,0,8,12,,  - ,  - ,  - ,  - ,  - ,  - ,  - ,  4 ,  4 ,  4 ,  4 ,  4 ,  20 ,,,,,,,,,Sugarland,,,,,,,Sugarland | D8750C00010 |
Sugarland | D8750C00012 |,0,46,,0,0,18,28,,  - ,  - ,  - ,  - ,  - ,  - ,  - ,  9 ,  9 ,  9 ,  9 ,  9 ,  46 ,,,,,,,,,Sugarland,,,,,,,Sugarland | D8750C00012 |
Sugarland | D7261C00003 |,0,1,,0,0,1,1,,  - ,  - ,  - ,  - ,  - ,  - ,  0 ,  0 ,  0 ,  0 ,  0 ,  0 ,  1 ,,,,,,,,,Sugarland,,,,,,,Sugarland | D7261C00003 |
Sugarland | GSBR-1290-12 |,0,16,,0,0,6,10,,  - ,  - ,  - ,  - ,  - ,  - ,  - ,  3 ,  3 ,  3 ,  3 ,  3 ,  16 ,,,,,,,,,Sugarland,,,,,,,Sugarland | GSBR-1290-12 |
Sugarland | J2A-MC-GZVA |,6,37,,0,6,19,19,,  - ,  - ,  - ,  - ,  - ,  6 ,  6 ,  6 ,  6 ,  6 ,  6 ,  6 ,  44 ,,,,,,,,,Sugarland,,,,,,,Sugarland | J2A-MC-GZVA |
Sugarland | NN9490-8037 |,0,2,,0,0,0,2,,  - ,  - ,  - ,  - ,  - ,  - ,  - ,  - ,  - ,  0 ,  1 ,  1 ,  2 ,,,,,,,,,Sugarland,,,,,,,Sugarland | NN9490-8037 |
Sugarland | NN9490-8665 |,0,2,,0,0,0,2,,  - ,  - ,  - ,  - ,  - ,  - ,  - ,  - ,  - ,  0 ,  1 ,  1 ,  2 ,,,,,,,,,Sugarland,,,,,,,Sugarland | NN9490-8665 |
Sugarland | NT-0796-P005 |,2,10,,0,2,5,5,,  - ,  - ,  - ,  - ,  - ,  2 ,  2 ,  2 ,  2 ,  2 ,  2 ,  2 ,  12 ,,,,,,,,,Sugarland,,,,,,,Sugarland | NT-0796-P005 |
Sugarland | NOE115-VMS-202 |,0,21,,0,0,10,12,,  - ,  - ,  - ,  - ,  - ,  - ,  2 ,  4 ,  4 ,  4 ,  4 ,  4 ,  21 ,,,,,,,,,Sugarland,,,,,,,Sugarland | NOE115-VMS-202 |
Sugarland | EVO765-MIG001 |,2,18,,0,2,9,9,,  - ,  - ,  - ,  - ,  - ,  2 ,  3 ,  3 ,  3 ,  3 ,  3 ,  3 ,  20 ,,,,,,,,,Sugarland,,,,,,,Sugarland | EVO765-MIG001 |
Sugarland | ASC30-302 |,0,48,,0,0,19,29,,  - ,  - ,  - ,  - ,  - ,  - ,  - ,  9 ,  9 ,  10 ,  9 ,  10 ,  48 ,,,,,,,,,Sugarland,,,,,,,Sugarland | ASC30-302 |
Sugarland | 783652 |,0,8,,0,0,0,8,,  - ,  - ,  - ,  - ,  - ,  - ,  - ,  - ,  - ,  - ,  4 ,  4 ,  8 ,,,,,,,,,Sugarland,,,,,,,Sugarland | 783652 |
Sugarland | 783653 |,0,8,,0,0,0,8,,  - ,  - ,  - ,  - ,  - ,  - ,  - ,  - ,  - ,  - ,  4 ,  4 ,  8 ,,,,,,,,,Sugarland,,,,,,,Sugarland | 783653 |
Sugarland | ASC30-301 |,0,66,,0,0,26,40,,  - ,  - ,  - ,  - ,  - ,  - ,  - ,  13 ,  13 ,  13 ,  13 ,  13 ,  66 ,,,,,,,,,Sugarland,,,,,,,Sugarland | ASC30-301 |
,0,0,,0,0,0,0,,  - ,  - ,  - ,  - ,  - ,  - ,  - ,  - ,  - ,  - ,  - ,  - ,  - ,,,,,,,,,Sugarland,,,,,,,
,0,0,,0,0,0,0,,  - ,  - ,  - ,  - ,  - ,  - ,  - ,  - ,  - ,  - ,  - ,  - ,  - ,,,,,,,,,Sugarland,,,,,,,
,0,0,,0,0,0,0,,  - ,  - ,  - ,  - ,  - ,  - ,  - ,  - ,  - ,  - ,  - ,  - ,  - ,,,,,,,,,Sugarland,,,,,,,
,0,0,,0,0,0,0,,  - ,  - ,  - ,  - ,  - ,  - ,  - ,  - ,  - ,  - ,  - ,  - ,  - ,,,,,,,,,Sugarland,,,,,,,
,0,0,,0,0,0,0,,  - ,  - ,  - ,  - ,  - ,  - ,  - ,  - ,  - ,  - ,  - ,  - ,  - ,,,,,,,,,Sugarland,,,,,,,
,0,0,,0,0,0,0,,  - ,  - ,  - ,  - ,  - ,  - ,  - ,  - ,  - ,  - ,  - ,  - ,  - ,,,,,,,,,Sugarland,,,,,,,
,0,0,,0,0,0,0,,  - ,  - ,  - ,  - ,  - ,  - ,  - ,  - ,  - ,  - ,  - ,  - ,  - ,,,,,,,,,Sugarland,,,,,,,
,0,0,,0,0,0,0,,  - ,  - ,  - ,  - ,  - ,  - ,  - ,  - ,  - ,  - ,  - ,  - ,  - ,,,,,,,,,Sugarland,,,,,,,
,0,0,,0,0,0,0,,  - ,  - ,  - ,  - ,  - ,  - ,  - ,  - ,  - ,  - ,  - ,  - ,  - ,,,,,,,,,Sugarland,,,,,,,
,0,0,,0,0,0,0,,  - ,  - ,  - ,  - ,  - ,  - ,  - ,  - ,  - ,  - ,  - ,  - ,  - ,,,,,,,,,Sugarland,,,,,,,
Pipeline Adjustment,-4,-27,,0,-4,-14,-14,,  - ,  - ,  - ,  - ,  - ,  (4),  (5),  (5),  (4),  (5),  (4),  (5),  (32),,,,,,,,,Sugarland,,,,,,Pipeline Adjustment,
Budget Optimization,0,0,,0,0,0,0,,  - ,  - ,  - ,  - ,  - ,  - ,  - ,  - ,  - ,  - ,  - ,  - ,  - ,,,,,,,,,Sugarland,,,,,,Budget Optimization,
Genuine Go-Get,0,590,,0,0,236,354,,  - ,  - ,  - ,  - ,  - ,  - ,  59 ,  59 ,  118 ,  88 ,  147 ,  118 ,  590 ,,,,,,,,,Sugarland,,,,,,Genuine Go-Get,
Go-Get - Organic due to Enrolling Revenue Optimization,0,-7,,0,0,-3,-4,,  - ,  - ,  - ,  - ,  - ,  - ,  (1),  (1),  (1),  (1),  (2),  (1),  (7),,,,,,,,,Sugarland,,,,,,Go-Get - Organic due to Enrolling Revenue Optimization,
Go-Get - Organic due to Enrolling Adj.,0,0,,0,0,0,0,,  - ,  - ,  - ,  - ,  - ,  - ,  - ,  - ,  - ,  - ,  - ,  - ,  - ,,,,,,,,,Sugarland,,,,,,Go-Get - Organic due to Enrolling Adj.,
Go-Get - Organic due to Budget Optimization,0,0,,0,0,0,0,,  - ,  - ,  - ,  - ,  - ,  - ,  - ,  - ,  - ,  - ,  - ,  - ,  - ,,,,,,,,,Sugarland,,,,,,Go-Get - Organic due to Budget Optimization,
Go-Get - Organic due to Pipeline Adj,0,32,,0,0,13,19,,  - ,  - ,  - ,  - ,  - ,  - ,  3 ,  3 ,  6 ,  5 ,  8 ,  6 ,  32 ,,,,,,,,,Sugarland,,,,,,Go-Get - Organic due to Pipeline Adj,
Go-Get - Organic due to Awarded Adj,0,193,,0,0,77,116,,  - ,  - ,  - ,  - ,  - ,  - ,  19 ,  19 ,  39 ,  29 ,  48 ,  39 ,  193 ,,,,,,,,,Sugarland,,,,,,Go-Get - Organic due to Awarded Adj,
Go-Get Organic,0,372,,0,0,149,223,,  - ,  - ,  - ,  - ,  - ,  - ,  37 ,  37 ,  74 ,  56 ,  93 ,  74 ,  372 ,,,,,,,,,Sugarland,,,,,,Go-Get Organic,
Tomball 13406,"5,100","6,009",,"2,717","2,383","2,808","3,201",,  844 ,  860 ,"  1,013 ",  758 ,"  1,076 ",  548 ,  851 ,  984 ,  973 ,"  1,241 ",  943 ,"  1,018 ","  11,109 ",,,,,,,,,Tomball 13406,,,,,Tomball 13406,,
Backlog (Maintenance),"3,715","1,290",,"2,189","1,526",585,705,,  777 ,  700 ,  713 ,  500 ,  768 ,  258 ,  229 ,  200 ,  156 ,  347 ,  179 ,  179 ,"  5,005 ",,,,,,,,,Tomball 13406,,,,,,Backlog (Maintenance),
TTH | UPB-CP-05,12,5,,7,5,5,0,,  1 ,  2 ,  4 ,  - ,  0 ,  4 ,  0 ,  - ,  4 ,  - ,  - ,  - ,  16 ,,,,,,,,,Sugarland,,,,,,,TTH | UPB-CP-05
TTH | LPS16676,5,3,,3,3,2,2,,  0 ,  1 ,  1 ,  - ,  0 ,  3 ,  - ,  2 ,  - ,  - ,  2 ,  - ,  9 ,,,,,,,,,Sugarland,,,,,,,TTH | LPS16676
Tomball | C4931001 | Stage 4,0,0,,0,0,0,0,,  - ,  - ,  - ,  - ,  - ,  - ,  - ,  - ,  - ,  - ,  - ,  - ,  - ,,,,,,,,,Sugarland,,,,,,,Tomball | C4931001 | Stage 4
TMB | VXA-COV-202,288,127,,206,82,127,0,,  127 ,  59 ,  20 ,  8 ,  43 ,  31 ,  106 ,  21 ,  - ,  - ,  - ,  - ,  415 ,,,,,,,,,Sugarland,,,,,,,TMB | VXA-COV-202
TMB | V118_24 |,162,0,,82,80,0,0,,  14 ,  58 ,  11 ,  10 ,  70 ,  - ,  - ,  - ,  - ,  - ,  - ,  - ,  162 ,,,,,,,,,Sugarland,,,,,,,TMB | V118_24 |
TMB | mRNA-1647-P301,3,0,,3,0,0,0,,  1 ,  2 ,  - ,  - ,  - ,  - ,  - ,  - ,  - ,  - ,  - ,  - ,  3 ,,,,,,,,,Sugarland,,,,,,,TMB | mRNA-1647-P301
TMB | mRNA-1647-P104 | Pt 1,17,0,,0,18,0,0,,  - ,  (0),  (0),  18 ,  - ,  - ,  - ,  - ,  - ,  - ,  - ,  - ,  17 ,,,,,,,,,Sugarland,,,,,,,TMB | mRNA-1647-P104 | Pt 1
TMB | mRNA-1647-P104 | EXT,18,16,,12,6,10,7,,  5 ,  4 ,  3 ,  2 ,  (0),  4 ,  4 ,  3 ,  3 ,  4 ,  1 ,  2 ,  35 ,,,,,,,,,Sugarland,,,,,,,TMB | mRNA-1647-P104 | EXT
TMB | mRNA-1403-P301 | AC,276,174,,186,89,46,128,,  186 ,  - ,  - ,  45 ,  - ,  44 ,  14 ,  5 ,  28 ,  13 ,  0 ,  114 ,  450 ,,,,,,,,,Sugarland,,,,,,,TMB | mRNA-1403-P301 | AC
TMB | mRNA-1403-P301,475,137,,265,211,2,135,,  - ,  193 ,  71 ,  63 ,  121 ,  26 ,  2 ,  - ,  - ,  68 ,  40 ,  27 ,  613 ,,,,,,,,,Sugarland,,,,,,,TMB | mRNA-1403-P301
TMB | mRNA-1345-P303,26,0,,23,3,0,0,,  17 ,  5 ,  1 ,  - ,  3 ,  - ,  - ,  - ,  - ,  - ,  - ,  - ,  26 ,,,,,,,,,Sugarland,,,,,,,TMB | mRNA-1345-P303
TMB | mRNA-1189-P101 Part C,26,5,,0,26,5,0,,  - ,  - ,  - ,  24 ,  - ,  2 ,  4 ,  2 ,  - ,  - ,  - ,  - ,  31 ,,,,,,,,,Sugarland,,,,,,,TMB | mRNA-1189-P101 Part C
TMB | mRNA-1189-P101,323,0,,313,10,0,0,,  12 ,  15 ,  286 ,  - ,  10 ,  - ,  - ,  - ,  - ,  - ,  - ,  - ,  323 ,,,,,,,,,Sugarland,,,,,,,TMB | mRNA-1189-P101
TMB | GSBR-1290-17,168,89,,90,78,75,14,,  32 ,  30 ,  28 ,  18 ,  20 ,  39 ,  33 ,  25 ,  16 ,  6 ,  8 ,  - ,  257 ,,,,,,,,,Sugarland,,,,,,,TMB | GSBR-1290-17
TMB | EBSI-CV-317-008,34,10,,20,14,4,5,,  1 ,  16 ,  3 ,  5 ,  8 ,  1 ,  0 ,  4 ,  0 ,  2 ,  3 ,  0 ,  44 ,,,,,,,,,Sugarland,,,,,,,TMB | EBSI-CV-317-008
TMB | D9180C00008,2,5,,2,0,5,0,,  2 ,  - ,  - ,  - ,  - ,  - ,  5 ,  - ,  - ,  - ,  - ,  - ,  7 ,,,,,,,,,Sugarland,,,,,,,TMB | D9180C00008
TMB | CD388.SQ.3.06,383,0,,319,64,0,0,,  156 ,  44 ,  119 ,  34 ,  9 ,  21 ,  - ,  - ,  - ,  - ,  - ,  - ,  383 ,,,,,,,,,Sugarland,,,,,,,TMB | CD388.SQ.3.06
TMB | C6271001 Cohort 3,9,0,,9,0,0,0,,  - ,  1 ,  8 ,  - ,  - ,  - ,  - ,  - ,  - ,  - ,  - ,  - ,  9 ,,,,,,,,,Sugarland,,,,,,,TMB | C6271001 Cohort 3
TMB | C4591081,94,14,,74,19,14,0,,  32 ,  24 ,  19 ,  6 ,  12 ,  2 ,  2 ,  10 ,  2 ,  - ,  - ,  - ,  107 ,,,,,,,,,Sugarland,,,,,,,TMB | C4591081
TMB | AR882-302,29,0,,23,6,0,0,,  13 ,  11 ,  - ,  6 ,  - ,  - ,  - ,  - ,  - ,  - ,  - ,  - ,  29 ,,,,,,,,,Sugarland,,,,,,,TMB | AR882-302
TMB | AR882-301,113,19,,59,53,17,2,,  19 ,  15 ,  25 ,  20 ,  15 ,  18 ,  9 ,  3 ,  5 ,  2 ,  - ,  - ,  132 ,,,,,,,,,Sugarland,,,,,,,TMB | AR882-301
TMB | 2019nCoV-318,107,0,,57,50,0,0,,  57 ,  0 ,  - ,  50 ,  - ,  - ,  - ,  - ,  - ,  - ,  - ,  - ,  107 ,,,,,,,,,Sugarland,,,,,,,TMB | 2019nCoV-318
TMB | 2019nCoV-301,0,0,,0,0,0,0,,  - ,  (0),  - ,  - ,  - ,  - ,  - ,  - ,  - ,  - ,  - ,  - ,  (0),,,,,,,,,Sugarland,,,,,,,TMB | 2019nCoV-301
MDC | VBD00003,53,0,,53,0,0,0,,  21 ,  32 ,  - ,  - ,  - ,  - ,  - ,  - ,  - ,  - ,  - ,  - ,  53 ,,,,,,,,,Sugarland,,,,,,,MDC | VBD00003
MDC | TA-8995-304,52,59,,36,17,36,23,,  8 ,  15 ,  13 ,  7 ,  5 ,  5 ,  10 ,  16 ,  10 ,  11 ,  7 ,  5 ,  112 ,,,,,,,,,Sugarland,,,,,,,MDC | TA-8995-304
MDC | NN9388-4894,8,0,,7,1,0,0,,  - ,  4 ,  3 ,  1 ,  - ,  - ,  - ,  - ,  - ,  - ,  - ,  - ,  8 ,,,,,,,,,Sugarland,,,,,,,MDC | NN9388-4894
MDC | mRNA-1403-P301,213,165,,63,151,5,161,,  19 ,  11 ,  33 ,  97 ,  39 ,  15 ,  5 ,  - ,  - ,  111 ,  34 ,  15 ,  379 ,,,,,,,,,Sugarland,,,,,,,MDC | mRNA-1403-P301
MDC | mRNA-1195-P101 | Part B,31,11,,23,8,4,8,,  3 ,  3 ,  17 ,  6 ,  2 ,  1 ,  1 ,  1 ,  1 ,  5 ,  1 ,  1 ,  43 ,,,,,,,,,Sugarland,,,,,,,MDC | mRNA-1195-P101 | Part B
MDC | mRNA-1195-P101,0,0,,0,0,0,0,,  - ,  - ,  - ,  - ,  - ,  - ,  - ,  - ,  - ,  - ,  - ,  - ,  - ,,,,,,,,,Sugarland,,,,,,,MDC | mRNA-1195-P101
MDC | mRNA-1018-P101,0,0,,0,0,0,0,,  - ,  (0),  - ,  - ,  - ,  - ,  - ,  - ,  - ,  - ,  - ,  - ,  (0),,,,,,,,,Sugarland,,,,,,,MDC | mRNA-1018-P101
MDC | C5031001,0,1,,0,0,0,1,,  - ,  - ,  - ,  - ,  - ,  - ,  - ,  - ,  - ,  1 ,  - ,  - ,  1 ,,,,,,,,,Sugarland,,,,,,,MDC | C5031001
MDC | C4931001,27,0,,20,8,0,0,,  - ,  1 ,  19 ,  8 ,  - ,  - ,  - ,  - ,  - ,  - ,  - ,  - ,  27 ,,,,,,,,,Sugarland,,,,,,,MDC | C4931001
MDC | C4771001 | Cohort 3,380,2,,0,380,2,0,,  - ,  - ,  - ,  - ,  361 ,  19 ,  1 ,  1 ,  - ,  - ,  - ,  - ,  382 ,,,,,,,,,Sugarland,,,,,,,MDC | C4771001 | Cohort 3
MDC | C4771001 | Cohort 2,0,12,,0,0,12,0,,  - ,  - ,  - ,  - ,  - ,  - ,  6 ,  2 ,  5 ,  - ,  - ,  - ,  12 ,,,,,,,,,Sugarland,,,,,,,MDC | C4771001 | Cohort 2
MDC | C4771001,21,68,,21,0,68,0,,  11 ,  10 ,  (0),  (0),  - ,  - ,  5 ,  60 ,  3 ,  - ,  - ,  - ,  89 ,,,,,,,,,Sugarland,,,,,,,MDC | C4771001
MDC | C4591031 | Ss D,0,0,,0,0,0,0,,  - ,  (0),  - ,  - ,  - ,  - ,  - ,  - ,  - ,  - ,  - ,  - ,  (0),,,,,,,,,Sugarland,,,,,,,MDC | C4591031 | Ss D
MDC | C4591001,-78,0,,-64,-14,0,0,,  - ,  (23),  (41),  (13),  (1),  - ,  - ,  - ,  - ,  - ,  - ,  - ,  (78),,,,,,,,,Sugarland,,,,,,,MDC | C4591001
MDC | C3671013 SSC,4,0,,0,4,0,0,,  - ,  - ,  - ,  - ,  4 ,  - ,  - ,  - ,  - ,  - ,  - ,  - ,  4 ,,,,,,,,,Sugarland,,,,,,,MDC | C3671013 SSC
MDC | C3671013,18,0,,17,2,0,0,,  5 ,  9 ,  3 ,  2 ,  - ,  - ,  - ,  - ,  - ,  - ,  - ,  - ,  18 ,,,,,,,,,Sugarland,,,,,,,MDC | C3671013
MDC | ALN-AGT01-007,6,0,,0,6,0,0,,  - ,  0 ,  - ,  6 ,  - ,  - ,  - ,  - ,  - ,  - ,  - ,  - ,  6 ,,,,,,,,,Sugarland,,,,,,,MDC | ALN-AGT01-007
MDC | ALN-AGT01-003,0,0,,0,0,0,0,,  - ,  (0),  - ,  - ,  - ,  - ,  - ,  - ,  - ,  - ,  - ,  - ,  (0),,,,,,,,,Tomball 13406,,,,,,,MDC | ALN-AGT01-003
MDC | 1404-0040,89,20,,78,10,20,0,,  22 ,  42 ,  14 ,  1 ,  1 ,  8 ,  11 ,  6 ,  2 ,  - ,  - ,  - ,  109 ,,,,,,,,,Tomball 13406,,,,,,,MDC | 1404-0040
HBL | mRNA-1345-P901,0,0,,0,0,0,0,,  - ,  - ,  - ,  - ,  - ,  - ,  - ,  - ,  - ,  - ,  - ,  - ,  - ,,,,,,,,,#REF!,,,,,,,HBL | mRNA-1345-P901
MDC | C4591044,0,0,,0,0,0,0,,  - ,  - ,  - ,  - ,  - ,  - ,  - ,  - ,  - ,  - ,  - ,  - ,  - ,,,,,,,,,#REF!,,,,,,,MDC | C4591044
TTH | CLI-05993AA3-06,2,0,,0,2,0,0,,  - ,  - ,  - ,  - ,  2 ,  - ,  - ,  - ,  - ,  - ,  - ,  - ,  2 ,,,,,,,,,#REF!,,,,,,,TTH | CLI-05993AA3-06
TMB | VAV00002,-56,0,,-56,0,0,0,,  - ,  - ,  (56),  - ,  - ,  - ,  - ,  - ,  - ,  - ,  - ,  - ,  (56),,,,,,,,,#REF!,,,,,,,TMB | VAV00002
TTH | CLI-06001AA1-05,0,0,,0,0,0,0,,  - ,  - ,  - ,  - ,  - ,  - ,  - ,  - ,  - ,  - ,  - ,  - ,  - ,,,,,,,,,#REF!,,,,,,,TTH | CLI-06001AA1-05
TTH | D9180C00004,0,0,,0,0,0,0,,  - ,  - ,  - ,  - ,  - ,  - ,  - ,  - ,  - ,  - ,  - ,  - ,  - ,,,,,,,,,#REF!,,,,,,,TTH | D9180C00004
TTH | D7552C00001,-14,0,,-18,4,0,0,,  (18),  - ,  - ,  - ,  4 ,  - ,  - ,  - ,  - ,  - ,  - ,  - ,  (14),,,,,,,,,#REF!,,,,,,,TTH | D7552C00001
MDC | mRNA-1468-P101,7,0,,0,7,0,0,,  - ,  - ,  - ,  2 ,  4 ,  - ,  - ,  - ,  - ,  - ,  - ,  - ,  7 ,,,,,,,,,#REF!,,,,,,,MDC | mRNA-1468-P101
MDC | NN9388-4896,7,0,,7,0,0,0,,  - ,  - ,  7 ,  - ,  - ,  - ,  - ,  - ,  - ,  - ,  - ,  - ,  7 ,,,,,,,,,#REF!,,,,,,,MDC | NN9388-4896
TTH | UPB-CP-04,26,0,,11,15,0,0,,  - ,  - ,  11 ,  12 ,  3 ,  - ,  - ,  - ,  - ,  - ,  - ,  - ,  26 ,,,,,,,,,#REF!,,,,,,,TTH | UPB-CP-04
TMB | 220735,0,0,,0,0,0,0,,  - ,  - ,  - ,  - ,  - ,  - ,  - ,  - ,  - ,  - ,  - ,  - ,  - ,,,,,,,,,#REF!,,,,,,,TMB | 220735
MDC | mRNA-1468-P101 | Part 2,0,0,,0,0,0,0,,  - ,  - ,  - ,  - ,  - ,  - ,  - ,  - ,  - ,  - ,  - ,  - ,  - ,,,,,,,,,#REF!,,,,,,,MDC | mRNA-1468-P101 | Part 2
MDC | C4931001 | Ph 2,0,0,,0,0,0,0,,  - ,  - ,  - ,  - ,  - ,  - ,  - ,  - ,  - ,  - ,  - ,  - ,  - ,,,,,,,,,#REF!,,,,,,,MDC | C4931001 | Ph 2
MDC | VBD00003 | Part 3,0,0,,0,0,0,0,,  - ,  - ,  - ,  - ,  - ,  - ,  - ,  - ,  - ,  - ,  - ,  - ,  - ,,,,,,,,,#REF!,,,,,,,MDC | VBD00003 | Part 3
TMB | mRNA-1010-P304,7,0,,7,0,0,0,,  - ,  - ,  7 ,  - ,  - ,  - ,  - ,  - ,  - ,  - ,  - ,  - ,  7 ,,,,,,,,,#REF!,,,,,,,TMB | mRNA-1010-P304
TMB | FpA-AS-30094,11,3,,8,3,2,1,,  0 ,  6 ,  2 ,  1 ,  1 ,  2 ,  - ,  - ,  2 ,  - ,  1 ,  - ,  14 ,,,,,,,,,#REF!,,,,,,,TMB | FpA-AS-30094
MDC | mRNA-1010-P304,2,0,,2,0,0,0,,  - ,  - ,  2 ,  - ,  - ,  - ,  - ,  - ,  - ,  - ,  - ,  - ,  2 ,,,,,,,,,#REF!,,,,,,,MDC | mRNA-1010-P304
TMB | mRNA-1647-P301 EXT,0,0,,0,0,0,0,,  - ,  - ,  - ,  - ,  - ,  - ,  - ,  - ,  - ,  - ,  - ,  - ,  - ,,,,,,,,,#REF!,,,,,,,TMB | mRNA-1647-P301 EXT
HBL | C3671013 SSC,0,0,,0,0,0,0,,  - ,  - ,  - ,  - ,  - ,  - ,  - ,  - ,  - ,  - ,  - ,  - ,  - ,,,,,,,,,#REF!,,,,,,,HBL | C3671013 SSC
MDC | mRNA-1083-P201,4,0,,2,2,0,0,,  - ,  - ,  2 ,  2 ,  - ,  - ,  - ,  - ,  - ,  - ,  - ,  - ,  4 ,,,,,,,,,#REF!,,,,,,,MDC | mRNA-1083-P201
MDC | 20230143,11,0,,0,11,0,0,,  - ,  - ,  - ,  11 ,  - ,  - ,  - ,  - ,  - ,  - ,  - ,  - ,  11 ,,,,,,,,,#REF!,,,,,,,MDC | 20230143
MDC | C5031001 SSB,0,0,,0,0,0,0,,  - ,  - ,  - ,  - ,  - ,  - ,  - ,  - ,  - ,  - ,  - ,  - ,  - ,,,,,,,,,#REF!,,,,,,,MDC | C5031001 SSB
TMB | J4M-MC-PWMP,73,54,,42,31,31,22,,  22 ,  9 ,  11 ,  13 ,  7 ,  11 ,  8 ,  10 ,  13 ,  4 ,  4 ,  14 ,  126 ,,,,,,,,,#REF!,,,,,,,TMB | J4M-MC-PWMP
MDC | C4931001 | Stage 3,0,0,,0,0,0,0,,  - ,  - ,  - ,  - ,  - ,  - ,  - ,  - ,  - ,  - ,  - ,  - ,  - ,,,,,,,,,#REF!,,,,,,,MDC | C4931001 | Stage 3
TMB | DRI17963,8,0,,8,0,0,0,,  - ,  - ,  8 ,  - ,  - ,  - ,  - ,  - ,  - ,  - ,  - ,  - ,  8 ,,,,,,,,,#REF!,,,,,,,TMB | DRI17963
TMB | C6271001 Cohort 1,0,0,,0,0,0,0,,  - ,  - ,  - ,  - ,  - ,  - ,  - ,  - ,  - ,  - ,  - ,  - ,  - ,,,,,,,,,#REF!,,,,,,,TMB | C6271001 Cohort 1
TMB | C6271001 Cohort 2,0,0,,0,0,0,0,,  - ,  - ,  - ,  - ,  - ,  - ,  - ,  - ,  - ,  - ,  - ,  - ,  - ,,,,,,,,,#REF!,,,,,,,TMB | C6271001 Cohort 2
TMB | mRNA-1083-P202,0,0,,0,0,0,0,,  - ,  - ,  - ,  - ,  - ,  - ,  - ,  - ,  - ,  - ,  - ,  - ,  - ,,,,,,,,,#REF!,,,,,,,TMB | mRNA-1083-P202
MDC | mRNA-1083-P201 | Part 2,0,0,,0,0,0,0,,  - ,  - ,  - ,  - ,  - ,  - ,  - ,  - ,  - ,  - ,  - ,  - ,  - ,,,,,,,,,#REF!,,,,,,,MDC | mRNA-1083-P201 | Part 2
TMB | C6271001 | Cohort 2 E,0,0,,0,0,0,0,,  - ,  - ,  - ,  - ,  - ,  - ,  - ,  - ,  - ,  - ,  - ,  - ,  - ,,,,,,,,,#REF!,,,,,,,TMB | C6271001 | Cohort 2 E
TMB | C6271001 | Cohort 1A S,0,0,,0,0,0,0,,  - ,  - ,  - ,  - ,  - ,  - ,  - ,  - ,  - ,  - ,  - ,  - ,  - ,,,,,,,,,#REF!,,,,,,,TMB | C6271001 | Cohort 1A S
TMB | C6271001 | Cohort 1A E,0,0,,0,0,0,0,,  - ,  - ,  - ,  - ,  - ,  - ,  - ,  - ,  - ,  - ,  - ,  - ,  - ,,,,,,,,,#REF!,,,,,,,TMB | C6271001 | Cohort 1A E
Tomball | GB-0895-101 |,0,0,,0,0,0,0,,  - ,  - ,  - ,  - ,  - ,  - ,  - ,  - ,  - ,  - ,  - ,  - ,  - ,,,,,,,,,#REF!,,,,,,,Tomball | GB-0895-101 |
TMB | mRNA-1647-P104 | 2 - 2,0,0,,0,0,0,0,,  - ,  - ,  - ,  - ,  - ,  - ,  - ,  - ,  - ,  - ,  - ,  - ,  - ,,,,,,,,,#REF!,,,,,,,TMB | mRNA-1647-P104 | 2 - 2
TMB | SAN-1138,7,0,,0,7,0,0,,  - ,  - ,  - ,  - ,  7 ,  - ,  - ,  - ,  - ,  - ,  - ,  - ,  7 ,,,,,,,,,#REF!,,,,,,,TMB | SAN-1138
TMB | C4931020,197,79,,145,52,70,9,,  - ,  88 ,  56 ,  37 ,  16 ,  - ,  - ,  28 ,  42 ,  9 ,  - ,  - ,  276 ,,,,,,,,,#REF!,,,,,,,TMB | C4931020
TMB | mRNA-1273_1283-P401,29,3,,22,7,3,0,,  8 ,  13 ,  1 ,  3 ,  2 ,  2 ,  1 ,  2 ,  - ,  - ,  - ,  - ,  32 ,,,,,,,,,#REF!,,,,,,,TMB | mRNA-1273_1283-P401
Tomball | C4771001 | Cohort 4,0,207,,0,0,20,187,,  - ,  - ,  - ,  - ,  - ,  - ,  - ,  - ,  20 ,  109 ,  78 ,  - ,  207 ,,,,,,,,,#REF!,,,,,,,Tomball | C4771001 | Cohort 4
,,,,,,,,,,,,,,,,,,,,,,,,,,,,,,,,,,,,,
Total Enrolling,"1,271","1,416",,528,743,667,750,,  67 ,  160 ,  301 ,  258 ,  296 ,  242 ,  277 ,  295 ,  271 ,  350 ,  272 ,  289 ,"  3,078 ",,,,,,,,,,,,,,,Total Enrolling,
Enrolling,"1,271","1,416",,528,743,667,750,,  67 ,  160 ,  301 ,  258 ,  296 ,  189 ,  217 ,  234 ,  216 ,  301 ,  218 ,  230 ,"  2,687 ",,,,,,,,,Tomball 13406,,,,,,Enrolling,
TMB | FYU-981-CRYS-301,25,15,,15,10,9,7,,  0 ,  8 ,  7 ,  - ,  3 ,  7 ,  3 ,  3 ,  2 ,  2 ,  2 ,  3 ,  40 ,,,,,,,,,Tomball 13406,,,,,,,TMB | FYU-981-CRYS-301
TMB | DQB104CT,36,25,,22,14,11,14,,  - ,  - ,  22 ,  - ,  - ,  14 ,  5 ,  3 ,  3 ,  6 ,  3 ,  5 ,  60 ,,,,,,,,,Tomball 13406,,,,,,,TMB | DQB104CT
TMB | D7960C00015,35,124,,6,28,60,64,,  5 ,  2 ,  - ,  8 ,  3 ,  17 ,  17 ,  22 ,  21 ,  19 ,  22 ,  23 ,  159 ,,,,,,,,,Tomball 13406,,,,,,,TMB | D7960C00015
TMB | GSBR-1290-10,35,0,,23,12,0,0,,  4 ,  4 ,  15 ,  5 ,  0 ,  7 ,  - ,  - ,  - ,  - ,  - ,  - ,  35 ,,,,,,,,,Tomball 13406,,,,,,,TMB | GSBR-1290-10
TMB | D6973C00001,93,98,,56,37,72,26,,  15 ,  22 ,  19 ,  11 ,  10 ,  17 ,  23 ,  27 ,  22 ,  16 ,  7 ,  4 ,  192 ,,,,,,,,,Tomball 13406,,,,,,,TMB | D6973C00001
TMB | 301160,39,42,,61,-22,15,27,,  - ,  27 ,  34 ,  (19),  (2),  - ,  6 ,  2 ,  7 ,  6 ,  9 ,  12 ,  81 ,,,,,,,,,Tomball 13406,,,,,,,TMB | 301160
TMB | 306246,4,41,,0,4,12,28,,  - ,  - ,  - ,  - ,  - ,  4 ,  2 ,  8 ,  3 ,  7 ,  11 ,  10 ,  45 ,,,,,,,,,Tomball 13406,,,,,,,TMB | 306246
TMB | FYU-981-CRYS-302,5,0,,2,3,0,0,,  2 ,  0 ,  - ,  - ,  3 ,  - ,  - ,  - ,  - ,  - ,  - ,  - ,  5 ,,,,,,,,,Tomball 13406,,,,,,,TMB | FYU-981-CRYS-302
TMB | C4771002,110,283,,28,82,120,163,,  20 ,  7 ,  1 ,  17 ,  30 ,  35 ,  38 ,  42 ,  41 ,  51 ,  59 ,  53 ,  394 ,,,,,,,,,Tomball 13406,,,,,,,TMB | C4771002
TMB | K9531-3103 (OAB58025),342,402,,106,237,228,175,,  10 ,  51 ,  45 ,  47 ,  135 ,  55 ,  76 ,  82 ,  70 ,  67 ,  48 ,  59 ,  745 ,,,,,,,,,Tomball 13406,,,,,,,TMB | K9531-3103 (OAB58025)
Tomball | K9531-3104 (PAB77690),161,102,,67,94,52,51,,  12 ,  40 ,  15 ,  23 ,  51 ,  20 ,  17 ,  19 ,  16 ,  12 ,  19 ,  20 ,  263 ,,,,,,,,,Tomball 13406,,,,,,,Tomball | K9531-3104 (PAB77690)
Tomball | WC45726(CT-388-106) |,68,150,,0,68,63,87,,  - ,  - ,  - ,  23 ,  40 ,  5 ,  18 ,  19 ,  25 ,  21 ,  30 ,  36 ,  218 ,,,,,,,,,Tomball 13406,,,,,,,Tomball | WC45726(CT-388-106) |
Tomball | C6481001 |,142,95,,142,152,0,95,,  - ,  - ,  142 ,  129 ,  23 ,  - ,  - ,  - ,  - ,  91 ,  4 ,  - ,  389 ,,,,,,,,,Tomball 13406,,,,,,,Tomball | C6481001 |
Tomball | FYU-981-CRYS-201 |,0,38,,0,23,25,13,,  - ,  - ,  - ,  15 ,  - ,  8 ,  12 ,  8 ,  6 ,  4 ,  4 ,  5 ,  61 ,,,,,,,,,Tomball 13406,,,,,,,Tomball | FYU-981-CRYS-201 |
,,,,,,,,,,,,,,,,,,,,,,,,,,,,,,,,,,,,,
,,,,,,,,,,,,,,,,,,,,,,,,,,,,,,,,,,,,,
,,,,,,,,,,,,,,,,,,,,,,,,,,,,,,,,,,,,,
Revenue Optimization - Enrolling Studies,53,338,,0,53,176,162,,  - ,  - ,  - ,  - ,  - ,  53 ,  59 ,  61 ,  55 ,  49 ,  54 ,  59 ,  391 ,,,,,,,,,Tomball 13406,,,,,,Revenue Optimization - Enrolling Studies,
Risk Adjustments for Enrolling Trials,0,0,,0,0,0,0,,  - ,  - ,  - ,  - ,  - ,  0 ,  - ,  (0),  - ,  (0),  - ,  - ,  (0),,,,,,,,,Tomball 13406,,,,,,Risk Adjustments for Enrolling Trials,
Total Awarded,33,"1,926",,0,33,984,941,,  - ,  - ,  - ,  - ,  12 ,  20 ,  256 ,  340 ,  340 ,  326 ,  220 ,  182 ,"  1,698 ",,,,,,,,,,,,,,,Total Awarded,
Awarded,33,"1,926",,0,33,984,941,,  - ,  - ,  - ,  - ,  12 ,  20 ,  256 ,  348 ,  380 ,  453 ,  277 ,  211 ,"  1,958 ",,,,,,,,,Tomball 13406,,,,,,Awarded,
Tomball | EXPD-101-201 |,15,72,,0,15,67,5,,  - ,  - ,  - ,  - ,  - ,  15 ,  28 ,  34 ,  5 ,  5 ,  - ,  - ,  87 ,,,,,,,,,Tomball 13406,,,,,,,Tomball | EXPD-101-201 |
Tomball | C6511002 |,0,"1,038",,0,0,689,349,,  - ,  - ,  - ,  - ,  - ,  - ,  201 ,  250 ,  238 ,  160 ,  100 ,  89 ,"  1,038 ",,,,,,,,,Tomball 13406,,,,,,,Tomball | C6511002 |
Tomball | PIR21191 |,18,41,,0,18,20,21,,  - ,  - ,  - ,  - ,  12 ,  5 ,  5 ,  6 ,  8 ,  8 ,  7 ,  6 ,  59 ,,,,,,,,,Tomball 13406,,,,,,,Tomball | PIR21191 |
Tomball | K-304-P004 |,0,203,,0,0,62,141,,  - ,  - ,  - ,  - ,  - ,  - ,  - ,  25 ,  37 ,  49 ,  43 ,  49 ,  203 ,,,,,,,,,Tomball 13406,,,,,,,Tomball | K-304-P004 |
Tomball | VCA23395 | Main Cohort 1 (Stage 2),0,207,,0,0,0,207,,  - ,  - ,  - ,  - ,  - ,  - ,  - ,  - ,  - ,  139 ,  56 ,  12 ,  207 ,,,,,,,,,Tomball 13406,,,,,,,Tomball | VCA23395 | Main Cohort 1 (Stage 2)
Tomball | 223957 |,0,161,,0,0,58,102,,  - ,  - ,  - ,  - ,  - ,  - ,  10 ,  17 ,  32 ,  48 ,  31 ,  23 ,  161 ,,,,,,,,,Tomball 13406,,,,,,,Tomball | 223957 |
Tomball | FpA-AS-30093 |,0,54,,0,0,35,19,,  - ,  - ,  - ,  - ,  - ,  - ,  7 ,  9 ,  19 ,  10 ,  6 ,  3 ,  54 ,,,,,,,,,Tomball 13406,,,,,,,Tomball | FpA-AS-30093 |
Tomball | VCA23395 | Cohort 2 Sentinel (Stage 1),0,61,,0,0,37,23,,  - ,  - ,  - ,  - ,  - ,  - ,  - ,  - ,  37 ,  15 ,  3 ,  6 ,  61 ,,,,,,,,,Tomball 13406,,,,,,,Tomball | VCA23395 | Cohort 2 Sentinel (Stage 1)
Tomball | 295449 |,0,37,,0,0,15,22,,  - ,  - ,  - ,  - ,  - ,  - ,  5 ,  8 ,  3 ,  7 ,  10 ,  5 ,  37 ,,,,,,,,,Tomball 13406,,,,,,,Tomball | 295449 |
Tomball | EFC22927 |,0,53,,0,0,0,53,,  - ,  - ,  - ,  - ,  - ,  - ,  - ,  - ,  - ,  13 ,  21 ,  19 ,  53 ,,,,,,,,,Tomball 13406,,,,,,,Tomball | EFC22927 |
,0,0,,0,0,0,0,,  - ,  - ,  - ,  - ,  - ,  - ,  - ,  - ,  - ,  - ,  - ,  - ,  - ,,,,,,,,,Tomball 13406,,,,,,,
,0,0,,0,0,0,0,,  - ,  - ,  - ,  - ,  - ,  - ,  - ,  - ,  - ,  - ,  - ,  - ,  - ,,,,,,,,,Tomball 13406,,,,,,,
Awarded Adjustment,0,-261,,0,0,-48,-213,,  - ,  - ,  - ,  - ,  - ,  (0),  0 ,  (8),  (39),  (127),  (57),  (29),  (261),,,,,,,,,Tomball 13406,,,,,,Awarded Adjustment,
 Total Pipeline ,28,"1,011",,0,28,328,683,,  - ,  - ,  - ,  - ,  - ,  28 ,  60 ,  121 ,  147 ,  174 ,  199 ,  310 ,"  1,040 ",,,,,,,,,Tomball 13406,,,,,, Total Pipeline ,
 Pipeline ,33,"1,039",,0,33,342,697,,  - ,  - ,  - ,  - ,  - ,  33 ,  64 ,  125 ,  152 ,  179 ,  204 ,  315 ,"  1,072 ",,,,,,,,,Tomball 13406,,,,,, Pipeline ,
Tomball | VGX-002-001 |,0,15,,0,0,3,12,,  - ,  - ,  - ,  - ,  - ,  - ,  - ,  - ,  3 ,  4 ,  4 ,  4 ,  15 ,,,,,,,,,Tomball 13406,,,,,,,Tomball | VGX-002-001 |
Tomball | VE303-003 |,0,0,,0,0,0,0,,  - ,  - ,  - ,  - ,  - ,  - ,  - ,  - ,  - ,  - ,  - ,  - ,  - ,,,,,,,,,Tomball 13406,,,,,,,Tomball | VE303-003 |
Tomball | VCA23395 | Cohort 1,0,0,,0,0,0,0,,  - ,  - ,  - ,  - ,  - ,  - ,  - ,  - ,  - ,  - ,  - ,  - ,  - ,,,,,,,,,Tomball 13406,,,,,,,Tomball | VCA23395 | Cohort 1
Tomball | VBV19172 |,0,0,,0,0,0,0,,  - ,  - ,  - ,  - ,  - ,  - ,  - ,  - ,  - ,  - ,  - ,  - ,  - ,,,,,,,,,Tomball 13406,,,,,,,Tomball | VBV19172 |
Tomball | VAX31-104 |,0,0,,0,0,0,0,,  - ,  - ,  - ,  - ,  - ,  - ,  - ,  - ,  - ,  - ,  - ,  - ,  - ,,,,,,,,,Tomball 13406,,,,,,,Tomball | VAX31-104 |
Tomball | V201-08 |,0,1,,0,0,0,1,,  - ,  - ,  - ,  - ,  - ,  - ,  - ,  - ,  - ,  - ,  1 ,  1 ,  1 ,,,,,,,,,Tomball 13406,,,,,,,Tomball | V201-08 |
Tomball | US-EPS-24070 |,0,0,,0,0,0,0,,  - ,  - ,  - ,  - ,  - ,  - ,  - ,  - ,  - ,  - ,  - ,  - ,  - ,,,,,,,,,Tomball 13406,,,,,,,Tomball | US-EPS-24070 |
Tomball | Unknown |,0,19,,0,0,9,10,,  - ,  - ,  - ,  - ,  - ,  - ,  3 ,  3 ,  3 ,  3 ,  3 ,  3 ,  19 ,,,,,,,,,Tomball 13406,,,,,,,Tomball | Unknown |
Tomball | Steel-101 |,0,1,,0,0,0,1,,  - ,  - ,  - ,  - ,  - ,  - ,  - ,  - ,  - ,  - ,  0 ,  0 ,  1 ,,,,,,,,,Tomball 13406,,,,,,,Tomball | Steel-101 |
Tomball | RAY1225 |,0,0,,0,0,0,0,,  - ,  - ,  - ,  - ,  - ,  - ,  - ,  - ,  - ,  - ,  - ,  - ,  - ,,,,,,,,,Tomball 13406,,,,,,,Tomball | RAY1225 |
Tomball | PIR21191 |,18,41,,0,18,20,21,,  - ,  - ,  - ,  - ,  12 ,  5 ,  5 ,  6 ,  8 ,  8 ,  7 ,  6 ,  59 ,,,,,,,,,Tomball 13406,,,,,,,Tomball | PIR21191 |
Tomball | OAB71527 |,0,2,,0,0,1,1,,  - ,  - ,  - ,  - ,  - ,  - ,  - ,  0 ,  0 ,  0 ,  0 ,  0 ,  2 ,,,,,,,,,Tomball 13406,,,,,,,Tomball | OAB71527 |
Tomball | none at the moment |,0,0,,0,0,0,0,,  - ,  - ,  - ,  - ,  - ,  - ,  - ,  - ,  - ,  - ,  - ,  - ,  - ,,,,,,,,,Tomball 13406,,,,,,,Tomball | none at the moment |
Tomball | NN9490-8665 |,0,9,,0,0,0,9,,  - ,  - ,  - ,  - ,  - ,  - ,  - ,  - ,  - ,  1 ,  4 ,  4 ,  9 ,,,,,,,,,Tomball 13406,,,,,,,Tomball | NN9490-8665 |
Tomball | NN9490-8037 |,0,9,,0,0,0,9,,  - ,  - ,  - ,  - ,  - ,  - ,  - ,  - ,  - ,  1 ,  4 ,  4 ,  9 ,,,,,,,,,Tomball 13406,,,,,,,Tomball | NN9490-8037 |
Tomball | mRNA-1189-P301 |,0,0,,0,0,0,0,,  - ,  - ,  - ,  - ,  - ,  - ,  - ,  - ,  - ,  - ,  - ,  - ,  - ,,,,,,,,,Tomball 13406,,,,,,,Tomball | mRNA-1189-P301 |
Tomball | MK-7240 |,0,0,,0,0,0,0,,  - ,  - ,  - ,  - ,  - ,  - ,  - ,  - ,  - ,  - ,  - ,  - ,  - ,,,,,,,,,Tomball 13406,,,,,,,Tomball | MK-7240 |
Tomball | MAB02735 |,0,0,,0,0,0,0,,  - ,  - ,  - ,  - ,  - ,  - ,  - ,  - ,  - ,  - ,  - ,  - ,  - ,,,,,,,,,Tomball 13406,,,,,,,Tomball | MAB02735 |
Tomball | M602011085 |,0,0,,0,0,0,0,,  - ,  - ,  - ,  - ,  - ,  - ,  - ,  - ,  - ,  - ,  - ,  - ,  - ,,,,,,,,,Tomball 13406,,,,,,,Tomball | M602011085 |
Tomball | M602011084 |,0,0,,0,0,0,0,,  - ,  - ,  - ,  - ,  - ,  - ,  - ,  - ,  - ,  - ,  - ,  - ,  - ,,,,,,,,,Tomball 13406,,,,,,,Tomball | M602011084 |
Tomball | M26-266 |,0,3,,0,0,1,2,,  - ,  - ,  - ,  - ,  - ,  - ,  0 ,  1 ,  1 ,  1 ,  1 ,  1 ,  3 ,,,,,,,,,Tomball 13406,,,,,,,Tomball | M26-266 |
Tomball | KAL-K304-1 |,0,0,,0,0,0,0,,  - ,  - ,  - ,  - ,  - ,  - ,  - ,  - ,  - ,  - ,  - ,  - ,  - ,,,,,,,,,Tomball 13406,,,,,,,Tomball | KAL-K304-1 |
Tomball | K7535-2101 |,0,0,,0,0,0,0,,  - ,  - ,  - ,  - ,  - ,  - ,  - ,  - ,  - ,  - ,  - ,  - ,  - ,,,,,,,,,Tomball 13406,,,,,,,Tomball | K7535-2101 |
Tomball | J3L-MC-EZEF |,0,0,,0,0,0,0,,  - ,  - ,  - ,  - ,  - ,  - ,  - ,  - ,  - ,  - ,  0 ,  0 ,  0 ,,,,,,,,,Tomball 13406,,,,,,,Tomball | J3L-MC-EZEF |
Tomball | J2A-MC-GZVA |,6,37,,0,6,19,19,,  - ,  - ,  - ,  - ,  - ,  6 ,  6 ,  6 ,  6 ,  6 ,  6 ,  6 ,  44 ,,,,,,,,,Tomball 13406,,,,,,,Tomball | J2A-MC-GZVA |
Tomball | HAB75951 |,0,0,,0,0,0,0,,  - ,  - ,  - ,  - ,  - ,  - ,  - ,  - ,  - ,  - ,  - ,  - ,  - ,,,,,,,,,Tomball 13406,,,,,,,Tomball | HAB75951 |
Tomball | D8750C00014 |,0,68,,0,0,38,30,,  - ,  - ,  - ,  - ,  - ,  - ,  - ,  19 ,  20 ,  20 ,  10 ,  - ,  68 ,,,,,,,,,Tomball 13406,,,,,,,Tomball | D8750C00014 |
Tomball | D8750C00012 |,0,46,,0,0,18,28,,  - ,  - ,  - ,  - ,  - ,  - ,  - ,  9 ,  9 ,  9 ,  9 ,  9 ,  46 ,,,,,,,,,Tomball 13406,,,,,,,Tomball | D8750C00012 |
Tomball | D8750C00011 |,0,23,,0,0,9,14,,  - ,  - ,  - ,  - ,  - ,  - ,  - ,  4 ,  5 ,  5 ,  5 ,  5 ,  23 ,,,,,,,,,Tomball 13406,,,,,,,Tomball | D8750C00011 |
Tomball | D8750C00010 |,0,20,,0,0,8,12,,  - ,  - ,  - ,  - ,  - ,  - ,  - ,  4 ,  4 ,  4 ,  4 ,  4 ,  20 ,,,,,,,,,Tomball 13406,,,,,,,Tomball | D8750C00010 |
Tomball | D7266C00001 |,0,51,,0,0,16,35,,  - ,  - ,  - ,  - ,  - ,  - ,  4 ,  5 ,  7 ,  8 ,  10 ,  17 ,  51 ,,,,,,,,,Tomball 13406,,,,,,,Tomball | D7266C00001 |
Tomball | D7261C00003 |,0,40,,0,0,14,26,,  - ,  - ,  - ,  - ,  - ,  - ,  3 ,  4 ,  6 ,  9 ,  9 ,  8 ,  40 ,,,,,,,,,Tomball 13406,,,,,,,Tomball | D7261C00003 |
Tomball | D7260C00015 |,0,28,,0,0,8,20,,  - ,  - ,  - ,  - ,  - ,  - ,  3 ,  2 ,  3 ,  7 ,  5 ,  8 ,  28 ,,,,,,,,,Tomball 13406,,,,,,,Tomball | D7260C00015 |
Tomball | D4326C00007 |,0,2,,0,0,1,1,,  - ,  - ,  - ,  - ,  - ,  0 ,  0 ,  0 ,  0 ,  0 ,  0 ,  0 ,  2 ,,,,,,,,,Tomball 13406,,,,,,,Tomball | D4326C00007 |
Tomball | D4326C00006 |,0,2,,0,0,1,1,,  - ,  - ,  - ,  - ,  - ,  0 ,  0 ,  0 ,  0 ,  0 ,  0 ,  0 ,  2 ,,,,,,,,,Tomball 13406,,,,,,,Tomball | D4326C00006 |
Tomball | CLI-10196AA1-02 |,0,2,,0,0,1,1,,  - ,  - ,  - ,  - ,  - ,  - ,  - ,  0 ,  0 ,  0 ,  0 ,  0 ,  2 ,,,,,,,,,Tomball 13406,,,,,,,Tomball | CLI-10196AA1-02 |
Tomball | CIN-102-124 |,0,2,,0,0,1,1,,  - ,  - ,  - ,  - ,  - ,  0 ,  0 ,  0 ,  0 ,  0 ,  0 ,  0 ,  3 ,,,,,,,,,Tomball 13406,,,,,,,Tomball | CIN-102-124 |
Tomball | C6511002 |,0,"1,038",,0,0,689,349,,  - ,  - ,  - ,  - ,  - ,  - ,  201 ,  250 ,  238 ,  160 ,  100 ,  89 ,"  1,038 ",,,,,,,,,Tomball 13406,,,,,,,Tomball | C6511002 |
Tomball | C4591083 |,18,113,,0,18,57,57,,  - ,  - ,  - ,  - ,  - ,  18 ,  19 ,  19 ,  18 ,  19 ,  18 ,  19 ,  132 ,,,,,,,,,Tomball 13406,,,,,,,Tomball | C4591083 |
Tomball | BHV1300-302 |,0,3,,0,0,1,1,,  - ,  - ,  - ,  - ,  - ,  0 ,  0 ,  0 ,  0 ,  0 ,  0 ,  0 ,  3 ,,,,,,,,,Tomball 13406,,,,,,,Tomball | BHV1300-302 |
Tomball | BHV1300-301 |,0,2,,0,0,1,1,,  - ,  - ,  - ,  - ,  - ,  0 ,  0 ,  0 ,  0 ,  0 ,  0 ,  0 ,  3 ,,,,,,,,,Tomball 13406,,,,,,,Tomball | BHV1300-301 |
Tomball | BHB-1893-301 |,0,2,,0,0,1,1,,  - ,  - ,  - ,  - ,  - ,  - ,  - ,  0 ,  0 ,  0 ,  0 ,  0 ,  2 ,,,,,,,,,Tomball 13406,,,,,,,Tomball | BHB-1893-301 |
Tomball | BC#137663-01 |,0,0,,0,0,0,0,,  - ,  - ,  - ,  - ,  - ,  - ,  - ,  - ,  - ,  - ,  - ,  - ,  - ,,,,,,,,,Tomball 13406,,,,,,,Tomball | BC#137663-01 |
Tomball | BC#128160-04 |,0,0,,0,0,0,0,,  - ,  - ,  - ,  - ,  - ,  - ,  - ,  - ,  - ,  - ,  - ,  - ,  - ,,,,,,,,,Tomball 13406,,,,,,,Tomball | BC#128160-04 |
Tomball | ALN-AGT01-008 |,0,0,,0,0,0,0,,  - ,  - ,  - ,  - ,  - ,  - ,  - ,  - ,  - ,  - ,  - ,  - ,  - ,,,,,,,,,Tomball 13406,,,,,,,Tomball | ALN-AGT01-008 |
Tomball | AB-101-05 |,2,20,,0,2,10,10,,  - ,  - ,  - ,  - ,  - ,  2 ,  3 ,  3 ,  3 ,  3 ,  3 ,  3 ,  22 ,,,,,,,,,Tomball 13406,,,,,,,Tomball | AB-101-05 |
Tomball | 80120522 |,0,8,,0,0,0,8,,  - ,  - ,  - ,  - ,  - ,  - ,  - ,  - ,  - ,  - ,  3 ,  5 ,  8 ,,,,,,,,,Tomball 13406,,,,,,,Tomball | 80120522 |
Tomball | 300622 |,2,19,,0,2,9,9,,  - ,  - ,  - ,  - ,  - ,  2 ,  3 ,  3 ,  3 ,  3 ,  3 ,  3 ,  21 ,,,,,,,,,Tomball 13406,,,,,,,Tomball | 300622 |
Tomball | 286706 |,0,0,,0,0,0,0,,  - ,  - ,  - ,  - ,  - ,  - ,  - ,  - ,  - ,  - ,  - ,  - ,  - ,,,,,,,,,Tomball 13406,,,,,,,Tomball | 286706 |
Tomball | 283133 |,0,0,,0,0,0,0,,  - ,  - ,  - ,  - ,  - ,  - ,  - ,  - ,  - ,  - ,  - ,  - ,  - ,,,,,,,,,Tomball 13406,,,,,,,Tomball | 283133 |
Tomball | 26-2579 | Part B,0,19,,0,0,4,15,,  - ,  - ,  - ,  - ,  - ,  - ,  - ,  - ,  4 ,  5 ,  5 ,  5 ,  19 ,,,,,,,,,Tomball 13406,,,,,,,Tomball | 26-2579 | Part B
Tomball | 26-2579 | Part A,0,19,,0,0,4,15,,  - ,  - ,  - ,  - ,  - ,  - ,  - ,  - ,  4 ,  5 ,  5 ,  5 ,  19 ,,,,,,,,,Tomball 13406,,,,,,,Tomball | 26-2579 | Part A
Tomball | 26-2572 | Part B,0,19,,0,0,4,15,,  - ,  - ,  - ,  - ,  - ,  - ,  - ,  - ,  4 ,  5 ,  5 ,  5 ,  19 ,,,,,,,,,Tomball 13406,,,,,,,Tomball | 26-2572 | Part B
Tomball | 26-2572 | Part A,0,19,,0,0,4,15,,  - ,  - ,  - ,  - ,  - ,  - ,  - ,  - ,  4 ,  5 ,  5 ,  5 ,  19 ,,,,,,,,,Tomball 13406,,,,,,,Tomball | 26-2572 | Part A
Tomball | 222422 |,0,0,,0,0,0,0,,  - ,  - ,  - ,  - ,  - ,  - ,  - ,  - ,  - ,  - ,  - ,  - ,  - ,,,,,,,,,Tomball 13406,,,,,,,Tomball | 222422 |
Tomball | 20230219 |,0,0,,0,0,0,0,,  - ,  - ,  - ,  - ,  - ,  - ,  - ,  - ,  - ,  - ,  - ,  - ,  - ,,,,,,,,,Tomball 13406,,,,,,,Tomball | 20230219 |
MDC | ST-1891-301,0,0,,0,0,0,0,,  - ,  - ,  - ,  - ,  - ,  - ,  - ,  - ,  - ,  - ,  - ,  - ,  - ,,,,,,,,,Tomball 13406,,,,,,,MDC | ST-1891-301
MDC | OAB71527 |,0,2,,0,0,1,1,,  - ,  - ,  - ,  - ,  - ,  - ,  - ,  0 ,  0 ,  0 ,  0 ,  0 ,  2 ,,,,,,,,,Tomball 13406,,,,,,,MDC | OAB71527 |
MDC | mRNA-1189-P301 |,0,0,,0,0,0,0,,  - ,  - ,  - ,  - ,  - ,  - ,  - ,  - ,  - ,  - ,  - ,  - ,  - ,,,,,,,,,Tomball 13406,,,,,,,MDC | mRNA-1189-P301 |
MDC | J3L-MC-EZEF |,0,0,,0,0,0,0,,  - ,  - ,  - ,  - ,  - ,  - ,  - ,  - ,  - ,  - ,  0 ,  0 ,  0 ,,,,,,,,,Tomball 13406,,,,,,,MDC | J3L-MC-EZEF |
MDC | D6972C00002/D6972C00003 |,0,0,,0,0,0,0,,  - ,  - ,  - ,  - ,  - ,  - ,  - ,  - ,  - ,  - ,  - ,  - ,  - ,,,,,,,,,Tomball 13406,,,,,,,MDC | D6972C00002/D6972C00003 |
MDC | 286706 |,0,0,,0,0,0,0,,  - ,  - ,  - ,  - ,  - ,  - ,  - ,  - ,  - ,  - ,  - ,  - ,  - ,,,,,,,,,Tomball 13406,,,,,,,MDC | 286706 |
MDC | 23-14695 |,0,0,,0,0,0,0,,  - ,  - ,  - ,  - ,  - ,  - ,  - ,  - ,  - ,  - ,  - ,  - ,  - ,,,,,,,,,Tomball 13406,,,,,,,MDC | 23-14695 |
MDC | 1404-0071 |,0,0,,0,0,0,0,,  - ,  - ,  - ,  - ,  - ,  - ,  - ,  - ,  - ,  - ,  - ,  - ,  - ,,,,,,,,,Tomball 13406,,,,,,,MDC | 1404-0071 |
MDC | 1378-0021 |,0,0,,0,0,0,0,,  - ,  - ,  - ,  - ,  - ,  - ,  - ,  - ,  - ,  - ,  - ,  - ,  - ,,,,,,,,,Tomball 13406,,,,,,,MDC | 1378-0021 |
,0,0,,0,0,0,0,,  - ,  - ,  - ,  - ,  - ,  - ,  - ,  - ,  - ,  - ,  - ,  - ,  - ,,,,,,,,,Tomball 13406,,,,,,,
Pipeline Adjustment,-4,-27,,0,-4,-14,-14,,  - ,  - ,  - ,  - ,  - ,  (4),  (5),  (5),  (4),  (5),  (4),  (5),  (32),,,,,,,,,Tomball 13406,,,,,,Pipeline Adjustment,
Budget Optimization,0,0,,0,0,0,0,,  - ,  - ,  - ,  - ,  - ,  - ,  - ,  - ,  - ,  - ,  - ,  - ,  - ,,,,,,,,,Tomball 13406,,,,,,Budget Optimization,
Genuine Go-Get,0,288,,0,0,115,173,,  - ,  - ,  - ,  - ,  - ,  - ,  29 ,  29 ,  58 ,  43 ,  72 ,  58 ,  288 ,,,,,,,,,Tomball 13406,,,,,,Genuine Go-Get,
Go-Get - Organic due to Enrolling Revenue Optimization,0,-391,,0,0,-156,-234,,  - ,  - ,  - ,  - ,  - ,  - ,  (39),  (39),  (78),  (59),  (98),  (78),  (391),,,,,,,,,Tomball 13406,,,,,,Go-Get - Organic due to Enrolling Revenue Optimization,
Go-Get - Organic due to Enrolling Adj.,0,0,,0,0,0,0,,  - ,  - ,  - ,  - ,  - ,  - ,  0 ,  0 ,  0 ,  0 ,  0 ,  0 ,  0 ,,,,,,,,,Tomball 13406,,,,,,Go-Get - Organic due to Enrolling Adj.,
Go-Get - Organic due to Budget Optimization,0,0,,0,0,0,0,,  - ,  - ,  - ,  - ,  - ,  - ,  - ,  - ,  - ,  - ,  - ,  - ,  - ,,,,,,,,,Tomball 13406,,,,,,Go-Get - Organic due to Budget Optimization,
Go-Get - Organic due to Pipeline Adj,0,32,,0,0,13,19,,  - ,  - ,  - ,  - ,  - ,  - ,  3 ,  3 ,  6 ,  5 ,  8 ,  6 ,  32 ,,,,,,,,,Tomball 13406,,,,,,Go-Get - Organic due to Pipeline Adj,
Go-Get - Organic due to Awarded Adj,0,261,,0,0,104,156,,  - ,  - ,  - ,  - ,  - ,  - ,  26 ,  26 ,  52 ,  39 ,  65 ,  52 ,  261 ,,,,,,,,,Tomball 13406,,,,,,Go-Get - Organic due to Awarded Adj,
Go-Get Organic,0,386,,0,0,155,232,,  - ,  - ,  - ,  - ,  - ,  - ,  39 ,  39 ,  77 ,  58 ,  97 ,  77 ,  386 ,,,,,,,,,Tomball 13406,,,,,,Go-Get Organic,
Tomball 13414,"1,206","1,270",,566,640,617,653,,  228 ,  158 ,  180 ,  224 ,  258 ,  159 ,  196 ,  208 ,  212 ,  207 ,  225 ,  221 ,"  2,476 ",,,,,,,,,Tomball 13414,,,,,Tomball 13414,,
Backlog (Maintenance),580,185,,353,227,121,65,,  154 ,  98 ,  101 ,  114 ,  60 ,  53 ,  57 ,  38 ,  27 ,  25 ,  22 ,  17 ,  765 ,,,,,,,,,Tomball 13414,,,,,,Backlog (Maintenance),
TRA | M16-011,3,0,,3,0,0,0,,  - ,  3 ,  - ,  - ,  0 ,  - ,  - ,  - ,  - ,  - ,  - ,  - ,  3 ,,,,,,,,,Tomball 13414,,,,,,,TRA | M16-011
TRA | 14V-MC-JAJD,0,0,,0,0,0,0,,  0 ,  - ,  - ,  - ,  - ,  - ,  - ,  - ,  - ,  - ,  - ,  - ,  0 ,,,,,,,,,Tomball 13414,,,,,,,TRA | 14V-MC-JAJD
TRA | TILD-21-01,44,28,,27,17,17,12,,  17 ,  6 ,  3 ,  12 ,  3 ,  3 ,  7 ,  - ,  10 ,  4 ,  3 ,  4 ,  72 ,,,,,,,,,Tomball 13414,,,,,,,TRA | TILD-21-01
TRA | M23-700,6,0,,3,3,0,0,,  - ,  0 ,  3 ,  3 ,  0 ,  - ,  - ,  - ,  - ,  - ,  - ,  - ,  6 ,,,,,,,,,Tomball 13414,,,,,,,TRA | M23-700
TRA | M23-699,-5,0,,-4,-1,0,0,,  - ,  - ,  (4),  - ,  (1),  - ,  - ,  - ,  - ,  - ,  - ,  - ,  (5),,,,,,,,,Tomball 13414,,,,,,,TRA | M23-699
TRA | ANB030-203,0,0,,0,0,0,0,,  0 ,  - ,  - ,  - ,  - ,  - ,  - ,  - ,  - ,  - ,  - ,  - ,  0 ,,,,,,,,,Tomball 13414,,,,,,,TRA | ANB030-203
TMB | PA0016,3,2,,3,0,2,0,,  - ,  - ,  3 ,  - ,  - ,  - ,  2 ,  - ,  - ,  - ,  - ,  - ,  5 ,,,,,,,,,Tomball 13414,,,,,,,TMB | PA0016
TMB | I1F-MC-RHDB,22,0,,22,0,0,0,,  18 ,  4 ,  - ,  - ,  - ,  - ,  - ,  - ,  - ,  - ,  - ,  - ,  22 ,,,,,,,,,Tomball 13414,,,,,,,TMB | I1F-MC-RHDB
TMB | IMVT-1402-2601,1,0,,0,1,0,0,,  - ,  - ,  - ,  - ,  1 ,  - ,  - ,  - ,  - ,  - ,  - ,  - ,  1 ,,,,,,,,,Tomball 13414,,,,,,,TMB | IMVT-1402-2601
TMB | ESK-001-010,99,0,,56,43,0,0,,  13 ,  15 ,  28 ,  28 ,  12 ,  3 ,  - ,  - ,  - ,  - ,  - ,  - ,  99 ,,,,,,,,,Tomball 13414,,,,,,,TMB | ESK-001-010
TMB | J3K-MC-KIAC,0,0,,0,0,0,0,,  2 ,  0 ,  (2),  - ,  - ,  - ,  - ,  - ,  - ,  - ,  - ,  - ,  0 ,,,,,,,,,Tomball 13414,,,,,,,TMB | J3K-MC-KIAC
TRA | M25-191,200,79,,113,87,63,16,,  51 ,  30 ,  32 ,  29 ,  24 ,  33 ,  30 ,  22 ,  12 ,  8 ,  4 ,  4 ,  279 ,,,,,,,,,Tomball 13414,,,,,,,TRA | M25-191
TRA | SPY002-072-201 | PsA Substudy,7,5,,0,7,3,3,,  - ,  - ,  - ,  7 ,  - ,  - ,  3 ,  - ,  - ,  3 ,  - ,  - ,  12 ,,,,,,,,,Tomball 13414,,,,,,,TRA | SPY002-072-201 | PsA Substudy
TRA | SPY002-072-201 | axSpA Substudy,3,6,,0,3,3,3,,  - ,  - ,  - ,  3 ,  - ,  - ,  3 ,  - ,  - ,  3 ,  - ,  - ,  8 ,,,,,,,,,Tomball 13414,,,,,,,TRA | SPY002-072-201 | axSpA Substudy
TRA | SPY002-072-201 | RA Substudy,199,67,,131,68,34,34,,  53 ,  40 ,  38 ,  33 ,  20 ,  14 ,  12 ,  16 ,  5 ,  8 ,  15 ,  10 ,  266 ,,,,,,,,,Tomball 13414,,,,,,,TRA | SPY002-072-201 | RA Substudy
,0,0,,0,0,0,0,,  - ,  - ,  - ,  - ,  - ,  - ,  - ,  - ,  - ,  - ,  - ,  - ,  - ,,,,,,,,,Tomball 13414,,,,,,,
,0,0,,0,0,0,0,,  - ,  - ,  - ,  - ,  - ,  - ,  - ,  - ,  - ,  - ,  - ,  - ,  - ,,,,,,,,,Tomball 13414,,,,,,,
Total Enrolling,574,447,,213,361,224,223,,  74 ,  60 ,  79 ,  110 ,  175 ,  86 ,  70 ,  102 ,  84 ,  90 ,  74 ,  91 ,"  1,095 ",,,,,,,,,Tomball 13414,,,,,,Total Enrolling,
Enrolling,574,447,,213,361,224,223,,  74 ,  60 ,  79 ,  110 ,  175 ,  76 ,  62 ,  89 ,  73 ,  79 ,  66 ,  79 ,"  1,021 ",,,,,,,,,Tomball 13414,,,,,,Enrolling,
TMB | 77242113PSA3002,36,20,,23,14,9,11,,  11 ,  5 ,  7 ,  6 ,  5 ,  3 ,  2 ,  2 ,  5 ,  3 ,  6 ,  2 ,  56 ,,,,,,,,,Tomball 13414,,,,,,,TMB | 77242113PSA3002
TMB | M25-056,61,39,,61,86,24,15,,  36 ,  14 ,  11 ,  59 ,  22 ,  5 ,  11 ,  9 ,  4 ,  6 ,  4 ,  5 ,  186 ,,,,,,,,,Tomball 13414,,,,,,,TMB | M25-056
TMB 13414 | GS-US-667-6882 | Part B,56,36,,56,69,31,6,,  16 ,  24 ,  16 ,  23 ,  29 ,  17 ,  12 ,  11 ,  8 ,  3 ,  3 ,  - ,  162 ,,,,,,,,,Tomball 13414,,,,,,,TMB 13414 | GS-US-667-6882 | Part B
TRA | MK7240-013,9,55,,9,74,36,19,,  - ,  4 ,  4 ,  1 ,  57 ,  16 ,  12 ,  17 ,  8 ,  8 ,  4 ,  8 ,  138 ,,,,,,,,,Tomball 13414,,,,,,,TRA | MK7240-013
TRA | WA45846,36,35,,36,49,33,2,,  11 ,  12 ,  13 ,  17 ,  18 ,  13 ,  13 ,  12 ,  7 ,  2 ,  - ,  - ,  119 ,,,,,,,,,Tomball 13414,,,,,,,TRA | WA45846
Tomball Rheumatology | D9640C00003 |,13,205,,13,56,65,139,,  - ,  - ,  13 ,  - ,  39 ,  17 ,  8 ,  26 ,  30 ,  46 ,  43 ,  50 ,  273 ,,,,,,,,,Tomball 13414,,,,,,,Tomball Rheumatology | D9640C00003 |
TMB | ELV001-201,15,57,,15,15,26,31,,  - ,  - ,  15 ,  4 ,  6 ,  5 ,  4 ,  11 ,  11 ,  11 ,  7 ,  14 ,  87 ,,,,,,,,,Tomball 13414,,,,,,,TMB | ELV001-201
,0,0,,0,0,0,0,,  - ,  - ,  - ,  - ,  - ,  - ,  - ,  - ,  - ,  - ,  - ,  - ,  - ,,,,,,,,,Tomball 13414,,,,,,,
,0,0,,0,0,0,0,,  - ,  - ,  - ,  - ,  - ,  - ,  - ,  - ,  - ,  - ,  - ,  - ,  - ,,,,,,,,,Tomball 13414,,,,,,,
,0,0,,0,0,0,0,,  - ,  - ,  - ,  - ,  - ,  - ,  - ,  - ,  - ,  - ,  - ,  - ,  - ,,,,,,,,,Tomball 13414,,,,,,,
,0,0,,0,0,0,0,,  - ,  - ,  - ,  - ,  - ,  - ,  - ,  - ,  - ,  - ,  - ,  - ,  - ,,,,,,,,,Tomball 13414,,,,,,,
Revenue Optimization - Enrolling Studies,10,64,,0,10,32,32,,  - ,  - ,  - ,  - ,  - ,  10 ,  7 ,  14 ,  11 ,  11 ,  8 ,  13 ,  74 ,,,,,,,,,Tomball 13414,,,,,,Revenue Optimization - Enrolling Studies,
Risk Adjustments for Enrolling Trials,0,0,,0,0,0,0,,  - ,  - ,  - ,  - ,  - ,  - ,  - ,  - ,  0 ,  - ,  - ,  - ,  0 ,,,,,,,,,Tomball 13414,,,,,,Risk Adjustments for Enrolling Trials,
Total Awarded,  23 ,  31 ,,  - ,  23 ,  13 ,  18 ,,  - ,  - ,  - ,  - ,  22 ,  0 ,  4 ,  2 ,  6 ,  4 ,  9 ,  5 ,  54 ,,,,,,,,,Tomball 13414,,,,,,Total Awarded,
Awarded,23,31,,0,23,13,18,,  - ,  - ,  - ,  - ,  22 ,  0 ,  4 ,  2 ,  6 ,  4 ,  9 ,  5 ,  54 ,,,,,,,,,Tomball 13414,,,,,,Awarded,
Tomball Rheumatology | WA46440 |,23,31,,0,23,13,18,,  - ,  - ,  - ,  - ,  22 ,  0 ,  4 ,  2 ,  6 ,  4 ,  9 ,  5 ,  54 ,,,,,,,,,Tomball 13414,,,,,,,Tomball Rheumatology | WA46440 |
,0,0,,0,0,0,0,,  - ,  - ,  - ,  - ,  - ,  - ,  - ,  - ,  - ,  - ,  - ,  - ,  - ,,,,,,,,,Tomball 13414,,,,,,,
,0,0,,0,0,0,0,,  - ,  - ,  - ,  - ,  - ,  - ,  - ,  - ,  - ,  - ,  - ,  - ,  - ,,,,,,,,,Tomball 13414,,,,,,,
Awarded Adjustment,0,0,,0,0,0,0,,  - ,  - ,  - ,  - ,  - ,  - ,  - ,  - ,  - ,  - ,  - ,  - ,  - ,,,,,,,,,Tomball 13414,,,,,,Awarded Adjustment,
Total Pipeline,  20 ,  252 ,,  - ,  20 ,  112 ,  140 ,,  - ,  - ,  - ,  - ,  - ,  20 ,  37 ,  37 ,  38 ,  45 ,  47 ,  49 ,  271 ,,,,,,,,,Tomball 13414,,,,,,Total Pipeline,
Pipeline,20,284,,0,20,114,170,,  - ,  - ,  - ,  - ,  - ,  20 ,  37 ,  37 ,  40 ,  52 ,  57 ,  61 ,  303 ,,,,,,,,,Tomball 13414,,,,,,Pipeline,
Tomball FDC | VCA23395 | Main Cohort 1 (Stage 2),0,45,,0,0,3,42,,  - ,  - ,  - ,  - ,  - ,  - ,  - ,  - ,  3 ,  10 ,  15 ,  17 ,  45 ,,,,,,,,,Tomball 13414,,,,,,,Tomball FDC | VCA23395 | Main Cohort 1 (Stage 2)
Tomball Rheumatology | D6940C00002 |,0,1,,0,0,0,1,,  - ,  - ,  - ,  - ,  - ,  - ,  - ,  - ,  - ,  - ,  0 ,  1 ,  1 ,,,,,,,,,Tomball 13414,,,,,,,Tomball Rheumatology | D6940C00002 |
Tomball Rheumatology | D7130C00002 |,0,1,,0,0,0,1,,  - ,  - ,  - ,  - ,  - ,  - ,  - ,  - ,  - ,  - ,  0 ,  1 ,  1 ,,,,,,,,,Tomball 13414,,,,,,,Tomball Rheumatology | D7130C00002 |
Tomball Rheumatology | XmAb13676-06 |,0,13,,0,0,0,13,,  - ,  - ,  - ,  - ,  - ,  - ,  - ,  - ,  - ,  4 ,  4 ,  4 ,  13 ,,,,,,,,,Tomball 13414,,,,,,,Tomball Rheumatology | XmAb13676-06 |
Tomball Rheumatology | D740AC00001 |,1,7,,0,1,3,3,,  - ,  - ,  - ,  - ,  - ,  1 ,  1 ,  1 ,  1 ,  1 ,  1 ,  1 ,  8 ,,,,,,,,,Tomball 13414,,,,,,,Tomball Rheumatology | D740AC00001 |
Tomball Rheumatology | CDDY391B12201 |,0,4,,0,0,1,3,,  - ,  - ,  - ,  - ,  - ,  - ,  - ,  0 ,  1 ,  1 ,  1 ,  1 ,  4 ,,,,,,,,,Tomball 13414,,,,,,,Tomball Rheumatology | CDDY391B12201 |
Tomball Cardiology | YN001-203 |,18,212,,0,18,106,106,,  - ,  - ,  - ,  - ,  - ,  18 ,  36 ,  36 ,  35 ,  36 ,  35 ,  36 ,  231 ,,,,,,,,,Tomball 13414,,,,,,,Tomball Cardiology | YN001-203 |
,0,0,,0,0,0,0,,  - ,  - ,  - ,  - ,  - ,  - ,  - ,  - ,  - ,  - ,  - ,  - ,  - ,,,,,,,,,Tomball 13414,,,,,,,
,0,0,,0,0,0,0,,  - ,  - ,  - ,  - ,  - ,  - ,  - ,  - ,  - ,  - ,  - ,  - ,  - ,,,,,,,,,Tomball 13414,,,,,,,
,0,0,,0,0,0,0,,  - ,  - ,  - ,  - ,  - ,  - ,  - ,  - ,  - ,  - ,  - ,  - ,  - ,,,,,,,,,Tomball 13414,,,,,,,
Pipeline Adjustment,0,-32,,0,0,-2,-30,,  - ,  - ,  - ,  - ,  - ,  - ,  0 ,  (0),  (2),  (7),  (11),  (12),  (32),,,,,,,,,Tomball 13414,,,,,,Pipeline Adjustment,
Budget Optimization,0,0,,0,0,0,0,,  - ,  - ,  - ,  - ,  - ,  - ,  - ,  - ,  - ,  - ,  - ,  - ,  - ,,,,,,,,,Tomball 13414,,,,,,Budget Optimization,
Genuine Go-Get,0,290,,0,0,116,174,,  - ,  - ,  - ,  - ,  - ,  - ,  29 ,  29 ,  58 ,  44 ,  73 ,  58 ,  290 ,,,,,,,,,Tomball 13414,,,,,,Genuine Go-Get,
Go-Get - Organic due to Enrolling Revenue Optimization,0,-74,,0,0,-30,-44,,  - ,  - ,  - ,  - ,  - ,  - ,  (7),  (7),  (15),  (11),  (19),  (15),  (74),,,,,,,,,Tomball 13414,,,,,,Go-Get - Organic due to Enrolling Revenue Optimization,
Go-Get - Organic due to Enrolling Adj.,0,0,,0,0,0,0,,  - ,  - ,  - ,  - ,  - ,  - ,  (0),  (0),  (0),  (0),  (0),  (0),  (0),,,,,,,,,Tomball 13414,,,,,,Go-Get - Organic due to Enrolling Adj.,
Go-Get - Organic due to Budget Optimization,0,0,,0,0,0,0,,  - ,  - ,  - ,  - ,  - ,  - ,  - ,  - ,  - ,  - ,  - ,  - ,  - ,,,,,,,,,Tomball 13414,,,,,,Go-Get - Organic due to Budget Optimization,
Go-Get - Organic due to Pipeline Adj,0,32,,0,0,13,19,,  - ,  - ,  - ,  - ,  - ,  - ,  3 ,  3 ,  6 ,  5 ,  8 ,  6 ,  32 ,,,,,,,,,Tomball 13414,,,,,,Go-Get - Organic due to Pipeline Adj,
Go-Get - Organic due to Awarded Adj,0,0,,0,0,0,0,,  - ,  - ,  - ,  - ,  - ,  - ,  - ,  - ,  - ,  - ,  - ,  - ,  - ,,,,,,,,,Tomball 13414,,,,,,Go-Get - Organic due to Awarded Adj,
Go-Get Organic,0,332,,0,0,133,199,,  - ,  - ,  - ,  - ,  - ,  - ,  33 ,  33 ,  66 ,  50 ,  83 ,  66 ,  332 ,,,,,,,,,Tomball 13414,,,,,,Go-Get Organic,
Shreveport,0,0,,0,0,0,0,,  - ,  - ,  - ,  - ,  - ,  - ,  - ,  - ,  - ,  - ,  - ,  - ,  - ,,,,,,,,,Shreveport,,,,,Shreveport,,
Backlog (Maintenance),0,0,,0,0,0,0,,  - ,  - ,  - ,  - ,  - ,  - ,  - ,  - ,  - ,  - ,  - ,  - ,  - ,,,,,,,,,Shreveport,,,,,,Backlog (Maintenance),
Total Enrolling,0,0,,0,0,0,0,,  - ,  - ,  - ,  - ,  - ,  - ,  - ,  - ,  - ,  - ,  - ,  - ,  - ,,,,,,,,,Shreveport,,,,,,Total Enrolling,
Enrolling,0,0,,0,0,0,0,,  - ,  - ,  - ,  - ,  - ,  - ,  - ,  - ,  - ,  - ,  - ,  - ,  - ,,,,,,,,,Shreveport,,,,,,Enrolling,
Total Awarded,0,0,,0,0,0,0,,  - ,  - ,  - ,  - ,  - ,  - ,  - ,  - ,  - ,  - ,  - ,  - ,  - ,,,,,,,,,Shreveport,,,,,,Total Awarded,
Awarded,0,0,,0,0,0,0,,  - ,  - ,  - ,  - ,  - ,  - ,  - ,  - ,  - ,  - ,  - ,  - ,  - ,,,,,,,,,Shreveport,,,,,,Awarded,
Awarded Adjustment,0,0,,0,0,0,0,,  - ,  - ,  - ,  - ,  - ,  - ,  - ,  - ,  - ,  - ,  - ,  - ,  - ,,,,,,,,,Shreveport,,,,,,Awarded Adjustment,
Pipeline,0,0,,0,0,0,0,,  - ,  - ,  - ,  - ,  - ,  - ,  - ,  - ,  - ,  - ,  - ,  - ,  - ,,,,,,,,,Shreveport,,,,,,Pipeline,
Revenue Optimization - Enrolling Studies,0,0,,0,0,0,0,,  - ,  - ,  - ,  - ,  - ,  - ,  - ,  - ,  - ,  - ,  - ,  - ,  - ,,,,,,,,,Shreveport,,,,,,Revenue Optimization - Enrolling Studies,
Risk Adjustments for Enrolling Trials,0,0,,0,0,0,0,,  - ,  - ,  - ,  - ,  - ,  - ,  - ,  - ,  - ,  - ,  - ,  - ,  - ,,,,,,,,,Shreveport,,,,,,Risk Adjustments for Enrolling Trials,
Budget Optimization,0,0,,0,0,0,0,,  - ,  - ,  - ,  - ,  - ,  - ,  - ,  - ,  - ,  - ,  - ,  - ,  - ,,,,,,,,,Shreveport,,,,,,Budget Optimization,
Total Go Get,0,0,,0,0,0,0,,  - ,  - ,  - ,  - ,  - ,  - ,  - ,  - ,  - ,  - ,  - ,  - ,  - ,,,,,,,,,Shreveport,,,,,,Total Go Get,
Pipeline Below PSV,,,,,,,,,,,,,,,,,,,,,,,,,,,,,,Shreveport,,,,,,Pipeline Below PSV,
Pipeline Adjustment,0,0,,0,0,0,0,,  - ,  - ,  - ,  - ,  - ,  - ,  - ,  - ,  - ,  - ,  - ,  - ,  - ,,,,,,,,,Shreveport,,,,,,Pipeline Adjustment,
Genuine Go-Get,0,0,,0,0,0,0,,  - ,  - ,  - ,  - ,  - ,  - ,  - ,  - ,  - ,  - ,  - ,  - ,  - ,,,,,,,,,Shreveport,,,,,,Genuine Go-Get,
Go-Get - Organic due to Enrolling Revenue Optimization,0,0,,0,0,0,0,,  - ,  - ,  - ,  - ,  - ,  - ,  - ,  - ,  - ,  - ,  - ,  - ,  - ,,,,,,,,,Shreveport,,,,,,Go-Get - Organic due to Enrolling Revenue Optimization,
Go-Get - Organic due to Enrolling Adj.,0,0,,0,0,0,0,,  - ,  - ,  - ,  - ,  - ,  - ,  - ,  - ,  - ,  - ,  - ,  - ,  - ,,,,,,,,,Shreveport,,,,,,Go-Get - Organic due to Enrolling Adj.,
Go-Get - Organic due to Budget Optimization,0,0,,0,0,0,0,,  - ,  - ,  - ,  - ,  - ,  - ,  - ,  - ,  - ,  - ,  - ,  - ,  - ,,,,,,,,,Shreveport,,,,,,Go-Get - Organic due to Budget Optimization,
Go-Get - Organic due to Awarded Adj,0,0,,0,0,0,0,,  - ,  - ,  - ,  - ,  - ,  - ,  - ,  - ,  - ,  - ,  - ,  - ,  - ,,,,,,,,,Shreveport,,,,,,Go-Get - Organic due to Awarded Adj,
Go-Get Organic,0,0,,0,0,0,0,,  - ,  - ,  - ,  - ,  - ,  - ,  - ,  - ,  - ,  - ,  - ,  - ,  - ,,,,,,,,,Shreveport,,,,,,Go-Get Organic,
Miami,296,"1,002",,72,224,457,546,,  0 ,  14 ,  58 ,  57 ,  81 ,  86 ,  134 ,  163 ,  160 ,  182 ,  168 ,  196 ,"  1,299 ",,,,,,,,,Miami,,,,,Miami,,
Backlog (Maintenance),0,0,,0,0,0,0,,  - ,  - ,  - ,  - ,  - ,  - ,  - ,  - ,  - ,  - ,  - ,  - ,  - ,,,,,,,,,Miami,,,,,,Backlog (Maintenance),
Total Enrolling,289,445,,72,217,238,207,,  0 ,  14 ,  58 ,  57 ,  81 ,  84 ,  101 ,  83 ,  69 ,  72 ,  64 ,  88 ,  771 ,,,,,,,,,Miami,,,,,,Total Enrolling,
Enrolling,289,445,,72,217,238,207,,  0 ,  14 ,  58 ,  57 ,  81 ,  79 ,  95 ,  79 ,  65 ,  67 ,  59 ,  81 ,  734 ,,,s,,,,,,Miami,,,,,,Enrolling,
MIA | IMVT-1402-2503,37,11,,24,13,11,0,,  0 ,  14 ,  9 ,  5 ,  5 ,  3 ,  3 ,  4 ,  3 ,  - ,  - ,  - ,  48 ,,,,,,,,,Miami,,,,,,,MIA | IMVT-1402-2503
Miami | V2000103 |,252,435,,49,203,227,207,,  - ,  - ,  49 ,  52 ,  75 ,  76 ,  91 ,  75 ,  61 ,  67 ,  59 ,  81 ,  686 ,,,,,,,,,Miami,,,,,,,Miami | V2000103 |
Risk Adjustments for Enrolling Trials,0,0,,0,0,0,0,,  - ,  - ,  - ,  - ,  - ,  - ,  - ,  0 ,  - ,  - ,  - ,  - ,  0 ,,,,,,,,,Miami,,,,,,Risk Adjustments for Enrolling Trials,
Revenue Optimization - Enrolling Studies,5,31,,0,5,15,16,,  - ,  - ,  - ,  - ,  - ,  5 ,  6 ,  5 ,  4 ,  5 ,  5 ,  6 ,  37 ,,,,,,,,,Miami,,,,,,Revenue Optimization - Enrolling Studies,
Total Awarded,0,72,,0,0,44,28,,  - ,  - ,  - ,  - ,  - ,  - ,  16 ,  15 ,  14 ,  13 ,  9 ,  6 ,  72 ,,,,,,,,,Miami,,,,,,Total Awarded,
Awarded,0,72,,0,0,44,28,,  - ,  - ,  - ,  - ,  - ,  - ,  16 ,  15 ,  14 ,  13 ,  9 ,  6 ,  72 ,,,,,,,,,Miami,,,,,,Awarded,
 Miami | IMVT-1402-2505 | ,0,39,,0,0,27,11,,  - ,  - ,  - ,  - ,  - ,  - ,  16 ,  7 ,  5 ,  5 ,  4 ,  2 ,  39 ,,,,,,,,,Miami,,,,,, Miami | IMVT-1402-2505 | ,
 Miami | LCI699-RECAG-CL-0615 | ,0,17,,0,0,9,8,,  - ,  - ,  - ,  - ,  - ,  - ,  - ,  6 ,  3 ,  2 ,  3 ,  2 ,  17 ,,,,,,,,,Miami,,,,,, Miami | LCI699-RECAG-CL-0615 | ,
 Miami | 299GD201 | ,0,17,,0,0,8,9,,  - ,  - ,  - ,  - ,  - ,  - ,  - ,  2 ,  6 ,  6 ,  1 ,  1 ,  17 ,,,,,,,,,Miami,,,,,, Miami | 299GD201 | ,
,,,,,,,,,,,,,,,,,,,,,,,,,,,,,,,,,,,,,
,0,0,,0,0,0,0,,  - ,  - ,  - ,  - ,  - ,  - ,  - ,  - ,  - ,  - ,  - ,  - ,  - ,,,,,,,,,Miami,,,,,,,
Awarded Adjustment,0,0,,0,0,0,0,,  - ,  - ,  - ,  - ,  - ,  - ,  - ,  - ,  0 ,  - ,  0 ,  - ,  0 ,,,,,,,,,Miami,,,,,,Awarded Adjustment,
Total Pipeline,6,466,,0,6,167,299,,  - ,  - ,  - ,  - ,  - ,  2 ,  16 ,  64 ,  74 ,  95 ,  92 ,  99 ,  441 ,,,,,,,,,Miami,,,,,,Total Pipeline,
Pipeline,6,466,,0,6,167,299,,  - ,  - ,  - ,  - ,  - ,  6 ,  20 ,  68 ,  79 ,  99 ,  96 ,  104 ,  473 ,,,,,,,,,Miami,,,,,,Pipeline,
Miami | D7266C00001 |,0,54,,0,0,16,38,,  - ,  - ,  - ,  - ,  - ,  - ,  4 ,  5 ,  7 ,  8 ,  10 ,  20 ,  54 ,,,,,,,,,Miami,,,,,,,Miami | D7266C00001 |
Miami | ALV-101-1 |,0,151,,0,0,43,109,,  - ,  - ,  - ,  - ,  - ,  - ,  8 ,  15 ,  20 ,  34 ,  35 ,  39 ,  151 ,,,,,,,,,Miami,,,,,,,Miami | ALV-101-1 |
Miami | D7261C00006 |,0,32,,0,0,13,19,,  - ,  - ,  - ,  - ,  - ,  - ,  2 ,  4 ,  6 ,  11 ,  4 ,  4 ,  32 ,,,,,,,,,Miami,,,,,,,Miami | D7261C00006 |
Miami | D8750C00011 |,0,23,,0,0,9,14,,  - ,  - ,  - ,  - ,  - ,  - ,  - ,  4 ,  5 ,  5 ,  5 ,  5 ,  23 ,,,,,,,,,Miami,,,,,,,Miami | D8750C00011 |
Miami | D8750C00014 |,0,68,,0,0,38,30,,  - ,  - ,  - ,  - ,  - ,  - ,  - ,  19 ,  20 ,  20 ,  10 ,  - ,  68 ,,,,,,,,,Miami,,,,,,,Miami | D8750C00014 |
Miami | D8750C00010 |,0,20,,0,0,8,12,,  - ,  - ,  - ,  - ,  - ,  - ,  - ,  4 ,  4 ,  4 ,  4 ,  4 ,  20 ,,,,,,,,,Miami,,,,,,,Miami | D8750C00010 |
Miami | D8750C00012 |,0,46,,0,0,18,28,,  - ,  - ,  - ,  - ,  - ,  - ,  - ,  9 ,  9 ,  9 ,  9 ,  9 ,  46 ,,,,,,,,,Miami,,,,,,,Miami | D8750C00012 |
Miami | BHV1300-302 |,0,0,,0,0,0,0,,  - ,  - ,  - ,  - ,  - ,  0 ,  0 ,  0 ,  0 ,  0 ,  0 ,  0 ,  1 ,,,,,,,,,Miami,,,,,,,Miami | BHV1300-302 |
Miami | BHV1300-301 |,0,0,,0,0,0,0,,  - ,  - ,  - ,  - ,  - ,  0 ,  0 ,  0 ,  0 ,  0 ,  0 ,  0 ,  0 ,,,,,,,,,Miami,,,,,,,Miami | BHV1300-301 |
Miami | J2A-MC-GZVA |,6,37,,0,6,19,19,,  - ,  - ,  - ,  - ,  - ,  6 ,  6 ,  6 ,  6 ,  6 ,  6 ,  6 ,  44 ,,,,,,,,,Miami,,,,,,,Miami | J2A-MC-GZVA |
Miami | NN9489-8449 |,0,1,,0,0,0,1,,  - ,  - ,  - ,  - ,  - ,  - ,  - ,  - ,  - ,  - ,  0 ,  0 ,  1 ,,,,,,,,,Miami,,,,,,,Miami | NN9489-8449 |
Miami | MK-5884-031 |,0,1,,0,0,0,1,,  - ,  - ,  - ,  - ,  - ,  - ,  - ,  - ,  - ,  - ,  0 ,  1 ,  1 ,,,,,,,,,Miami,,,,,,,Miami | MK-5884-031 |
Miami | 783652 |,0,12,,0,0,0,12,,  - ,  - ,  - ,  - ,  - ,  - ,  - ,  - ,  - ,  - ,  6 ,  6 ,  12 ,,,,,,,,,Miami,,,,,,,Miami | 783652 |
Miami | 783653 |,0,12,,0,0,0,12,,  - ,  - ,  - ,  - ,  - ,  - ,  - ,  - ,  - ,  - ,  6 ,  6 ,  12 ,,,,,,,,,Miami,,,,,,,Miami | 783653 |
Miami | K9531-3104 (PAB77690) |,0,9,,0,0,3,5,,  - ,  - ,  - ,  - ,  - ,  - ,  - ,  2 ,  2 ,  2 ,  2 ,  2 ,  9 ,,,,,,,,,Miami,,,,,,,Miami | K9531-3104 (PAB77690) |
,0,0,,0,0,0,0,,  - ,  - ,  - ,  - ,  - ,  - ,  - ,  - ,  - ,  - ,  - ,  - ,  - ,,,,,,,,,Miami,,,,,,,
,0,0,,0,0,0,0,,  - ,  - ,  - ,  - ,  - ,  - ,  - ,  - ,  - ,  - ,  - ,  - ,  - ,,,,,,,,,Miami,,,,,,,
,0,0,,0,0,0,0,,  - ,  - ,  - ,  - ,  - ,  - ,  - ,  - ,  - ,  - ,  - ,  - ,  - ,,,,,,,,,Miami,,,,,,,
Pipeline Adjustment,-4,-27,,0,-4,-14,-14,,  - ,  - ,  - ,  - ,  - ,  (4),  (5),  (5),  (4),  (5),  (4),  (5),  (32),,,,,,,,,Miami,,,,,,Pipeline Adjustment,
Budget Optimization,0,0,,0,0,0,0,,  - ,  - ,  - ,  - ,  - ,  - ,  - ,  - ,  - ,  - ,  - ,  - ,  - ,,,,,,,,,Miami,,,,,,Budget Optimization,
Genuine Go-Get,0,14,,0,0,6,9,,  - ,  - ,  - ,  - ,  - ,  - ,  1 ,  1 ,  3 ,  2 ,  4 ,  3 ,  14 ,,,,,,,,,Miami,,,,,,Genuine Go-Get,
Go-Get - Organic due to Enrolling Revenue Optimization,0,-37,,0,0,-15,-22,,  - ,  - ,  - ,  - ,  - ,  - ,  (4),  (4),  (7),  (6),  (9),  (7),  (37),,,,,,,,,Miami,,,,,,Go-Get - Organic due to Enrolling Revenue Optimization,
Go-Get - Organic due to Enrolling Adj.,0,0,,0,0,0,0,,  - ,  - ,  - ,  - ,  - ,  - ,  (0),  (0),  (0),  (0),  (0),  (0),  (0),,,,,,,,,Miami,,,,,,Go-Get - Organic due to Enrolling Adj.,
Go-Get - Organic due to Budget Optimization,0,0,,0,0,0,0,,  - ,  - ,  - ,  - ,  - ,  - ,  - ,  - ,  - ,  - ,  - ,  - ,  - ,,,,,,,,,Miami,,,,,,Go-Get - Organic due to Budget Optimization,
Go-Get - Organic due to Pipeline Adj,0,32,,0,0,13,19,,  - ,  - ,  - ,  - ,  - ,  - ,  3 ,  3 ,  6 ,  5 ,  8 ,  6 ,  32 ,,,,,,,,,Miami,,,,,,Go-Get - Organic due to Pipeline Adj,
Go-Get - Organic due to Awarded Adj,0,0,,0,0,0,0,,  - ,  - ,  - ,  - ,  - ,  - ,  (0),  (0),  (0),  (0),  (0),  (0),  (0),,,,,,,,,Miami,,,,,,Go-Get - Organic due to Awarded Adj,
Go-Get Organic,0,19,,0,0,8,12,,  - ,  - ,  - ,  - ,  - ,  - ,  2 ,  2 ,  4 ,  3 ,  5 ,  4 ,  19 ,,,,,,,,,Miami,,,,,,Go-Get Organic,
FSS,134,"1,743",,0,134,903,840,,  - ,  - ,  - ,  21 ,  27 ,  87 ,  265 ,  312 ,  326 ,  314 ,  299 ,  227 ,"  1,877 ",,,,,,,,,FSS,,,,,FSS,,
Backlog (Maintenance),0,0,,0,0,0,0,,  - ,  - ,  - ,  - ,  - ,  - ,  - ,  - ,  - ,  - ,  - ,  - ,  - ,,,,,,,,,FSS,,,,,,Backlog (Maintenance),
Total Enrolling,48,259,,0,48,233,26,,  - ,  - ,  - ,  - ,  - ,  50 ,  88 ,  99 ,  56 ,  27 ,  - ,  - ,  320 ,,,,,,,,,FSS,,,,,,Total Enrolling,
Enrolling,48,259,,0,48,233,26,,  - ,  - ,  - ,  - ,  - ,  48 ,  84 ,  95 ,  54 ,  26 ,  - ,  - ,  307 ,,,,,,,,,FSS,,,,,,Enrolling,
Revenue Optimization - Enrolling Studies,2,11,,0,2,10,1,,  - ,  - ,  - ,  - ,  - ,  2 ,  4 ,  4 ,  2 ,  1 ,  - ,  - ,  13 ,,,,,,,,,FSS,,,,,,Revenue Optimization - Enrolling Studies,
Risk Adjustments for Enrolling Trials,0,0,,0,0,0,0,,  - ,  - ,  - ,  - ,  - ,  - ,  - ,  - ,  - ,  - ,  - ,  - ,  - ,,,,,,,,,FSS,,,,,,Risk Adjustments for Enrolling Trials,
Total Awarded,87,851,,0,87,452,398,,  - ,  - ,  - ,  21 ,  27 ,  35 ,  133 ,  102 ,  122 ,  132 ,  125 ,  57 ,  752 ,,,,,,,,,FSS,,,,,,Total Awarded,
Awarded,87,851,,0,87,452,398,,  - ,  - ,  - ,  21 ,  27 ,  39 ,  169 ,  126 ,  157 ,  174 ,  158 ,  67 ,  938 ,,,,,,,,,FSS,,,,,,Awarded,
FSS | VRB-101-202 |,46,245,,0,46,142,103,,  - ,  - ,  - ,  21 ,  - ,  25 ,  53 ,  47 ,  41 ,  32 ,  43 ,  29 ,  291 ,,,,,,,,,FSS,,,,,,,FSS | VRB-101-202 |
FSS | TAK-360-2001 |,27,378,,0,27,156,222,,  - ,  - ,  - ,  - ,  27 ,  - ,  62 ,  33 ,  61 ,  94 ,  96 ,  32 ,  405 ,,,,,,,,,FSS,,,,,,,FSS | TAK-360-2001 |
FSS | ALV-101-1 |,0,21,,0,0,6,15,,  - ,  - ,  - ,  - ,  - ,  - ,  - ,  2 ,  5 ,  6 ,  5 ,  4 ,  21 ,,,,,,,,,FSS,,,,,,,FSS | ALV-101-1 |
FSS | TAK-360-2002 |,7,165,,0,7,121,44,,  - ,  - ,  - ,  - ,  - ,  7 ,  42 ,  36 ,  43 ,  36 ,  8 ,  - ,  172 ,,,,,,,,,FSS,,,,,,,FSS | TAK-360-2002 |
FSS | FUZ-CT-001 |,7,41,,0,7,27,14,,  - ,  - ,  - ,  - ,  - ,  7 ,  12 ,  8 ,  7 ,  6 ,  6 ,  2 ,  48 ,,,,,,,,,FSS,,,,,,,FSS | FUZ-CT-001 |
Awarded Adjustment,-4,-181,,0,-4,-95,-86,,  - ,  - ,  - ,  - ,  - ,  (4),  (36),  (24),  (35),  (42),  (33),  (10),  (185),,,,,,,,,FSS,,,,,,Awarded Adjustment,
Total Pipeline,2,593,,0,2,218,374,,  - ,  - ,  - ,  - ,  - ,  2 ,  22 ,  90 ,  106 ,  124 ,  122 ,  128 ,  594 ,,,,,,,,,,,,,,,Total Pipeline,
Pipeline,6,620,,0,6,232,388,,  - ,  - ,  - ,  - ,  - ,  6 ,  27 ,  95 ,  110 ,  129 ,  127 ,  133 ,  626 ,,,,,,,,,FSS,,,,,,Pipeline,
FSS | D7266C00001 |,0,54,,0,0,16,38,,  - ,  - ,  - ,  - ,  - ,  - ,  4 ,  5 ,  7 ,  8 ,  10 ,  20 ,  54 ,,,,,,,,,FSS,,,,,,,FSS | D7266C00001 |
FSS | C6491020 |,0,58,,0,0,3,54,,  - ,  - ,  - ,  - ,  - ,  - ,  - ,  - ,  3 ,  12 ,  19 ,  24 ,  58 ,,,,,,,,,FSS,,,,,,,FSS | C6491020 |
FSS | K9531-3104 (PAB77690) |,0,182,,0,0,70,112,,  - ,  - ,  - ,  - ,  - ,  - ,  17 ,  22 ,  31 ,  37 ,  39 ,  37 ,  182 ,,,,,,,,,FSS,,,,,,,FSS | K9531-3104 (PAB77690) |
FSS | D8750C00011 |,0,23,,0,0,9,14,,  - ,  - ,  - ,  - ,  - ,  - ,  - ,  4 ,  5 ,  5 ,  5 ,  5 ,  23 ,,,,,,,,,FSS,,,,,,,FSS | D8750C00011 |
FSS | D8750C00014 |,0,68,,0,0,38,30,,  - ,  - ,  - ,  - ,  - ,  - ,  - ,  19 ,  20 ,  20 ,  10 ,  - ,  68 ,,,,,,,,,FSS,,,,,,,FSS | D8750C00014 |
FSS | D8750C00010 |,0,20,,0,0,8,12,,  - ,  - ,  - ,  - ,  - ,  - ,  - ,  4 ,  4 ,  4 ,  4 ,  4 ,  20 ,,,,,,,,,FSS,,,,,,,FSS | D8750C00010 |
FSS | D8750C00012 |,0,46,,0,0,18,28,,  - ,  - ,  - ,  - ,  - ,  - ,  - ,  9 ,  9 ,  9 ,  9 ,  9 ,  46 ,,,,,,,,,FSS,,,,,,,FSS | D8750C00012 |
FSS | D7261C00003 |,0,2,,0,0,1,1,,  - ,  - ,  - ,  - ,  - ,  - ,  0 ,  0 ,  0 ,  0 ,  0 ,  0 ,  2 ,,,,,,,,,FSS,,,,,,,FSS | D7261C00003 |
FSS | GSBR-1290-12 |,0,16,,0,0,6,10,,  - ,  - ,  - ,  - ,  - ,  - ,  - ,  3 ,  3 ,  3 ,  3 ,  3 ,  16 ,,,,,,,,,FSS,,,,,,,FSS | GSBR-1290-12 |
FSS | J2A-MC-GZVA |,6,37,,0,6,19,19,,  - ,  - ,  - ,  - ,  - ,  6 ,  6 ,  6 ,  6 ,  6 ,  6 ,  6 ,  44 ,,,,,,,,,FSS,,,,,,,FSS | J2A-MC-GZVA |
FSS | NN9489-8449 |,0,1,,0,0,0,1,,  - ,  - ,  - ,  - ,  - ,  - ,  - ,  - ,  - ,  - ,  0 ,  0 ,  1 ,,,,,,,,,FSS,,,,,,,FSS | NN9489-8449 |
FSS | ASC30-302 |,0,48,,0,0,19,29,,  - ,  - ,  - ,  - ,  - ,  - ,  - ,  9 ,  9 ,  10 ,  9 ,  10 ,  48 ,,,,,,,,,FSS,,,,,,,FSS | ASC30-302 |
FSS | ASC30-301 |,0,66,,0,0,26,40,,  - ,  - ,  - ,  - ,  - ,  - ,  - ,  13 ,  13 ,  13 ,  13 ,  13 ,  66 ,,,,,,,,,FSS,,,,,,,FSS | ASC30-301 |
,0,0,,0,0,0,0,,  - ,  - ,  - ,  - ,  - ,  - ,  - ,  - ,  - ,  - ,  - ,  - ,  - ,,,,,,,,,FSS,,,,,,,
,0,0,,0,0,0,0,,  - ,  - ,  - ,  - ,  - ,  - ,  - ,  - ,  - ,  - ,  - ,  - ,  - ,,,,,,,,,FSS,,,,,,,
Pipeline Adjustment,-4,-27,,0,-4,-14,-14,,  - ,  - ,  - ,  - ,  - ,  (4),  (5),  (5),  (4),  (5),  (4),  (5),  (32),,,,,,,,,FSS,,,,,,Pipeline Adjustment,
Budget Optimization,0,0,,0,0,0,0,,  - ,  - ,  - ,  - ,  - ,  - ,  - ,  - ,  - ,  - ,  - ,  - ,  - ,,,,,,,,,FSS,,,,,,Budget Optimization,
Genuine Go-Get,0,210,,0,0,84,126,,  - ,  - ,  - ,  - ,  - ,  - ,  21 ,  21 ,  42 ,  32 ,  53 ,  42 ,  210 ,,,,,,,,,FSS,,,,,,Genuine Go-Get,
Go-Get - Organic due to Enrolling Revenue Optimization,0,-13,,0,0,-5,-8,,  - ,  - ,  - ,  - ,  - ,  - ,  (1),  (1),  (3),  (2),  (3),  (3),  (13),,,,,,,,,FSS,,,,,,Go-Get - Organic due to Enrolling Revenue Optimization,
Go-Get - Organic due to Enrolling Adj.,0,0,,0,0,0,0,,  - ,  - ,  - ,  - ,  - ,  - ,  - ,  - ,  - ,  - ,  - ,  - ,  - ,,,,,,,,,FSS,,,,,,Go-Get - Organic due to Enrolling Adj.,
Go-Get - Organic due to Budget Optimization,0,0,,0,0,0,0,,  - ,  - ,  - ,  - ,  - ,  - ,  - ,  - ,  - ,  - ,  - ,  - ,  - ,,,,,,,,,FSS,,,,,,Go-Get - Organic due to Budget Optimization,
Go-Get - Organic due to Pipeline Adj,0,32,,0,0,13,19,,  - ,  - ,  - ,  - ,  - ,  - ,  3 ,  3 ,  6 ,  5 ,  8 ,  6 ,  32 ,,,,,,,,,FSS,,,,,,Go-Get - Organic due to Pipeline Adj,
Go-Get - Organic due to Awarded Adj,0,185,,0,0,74,111,,  - ,  - ,  - ,  - ,  - ,  - ,  19 ,  19 ,  37 ,  28 ,  46 ,  37 ,  185 ,,,,,,,,,FSS,,,,,,Go-Get - Organic due to Awarded Adj,
Go-Get Organic,0,7,,0,0,3,4,,  - ,  - ,  - ,  - ,  - ,  - ,  1 ,  1 ,  1 ,  1 ,  2 ,  1 ,  7 ,,,,,,,,,FSS,,,,,,Go-Get Organic,
Pupila,0,70,,0,0,36,34,,  - ,  - ,  - ,  - ,  - ,  - ,  9 ,  16 ,  11 ,  11 ,  12 ,  12 ,  70 ,,,,,,,,,Pupila,,,,,Pupila,,
Backlog (Maintenance),0,0,,0,0,0,0,,  - ,  - ,  - ,  - ,  - ,  - ,  - ,  - ,  - ,  - ,  - ,  - ,  - ,,,,,,,,,Pupila,,,,,,Backlog (Maintenance),
Total Enrolling,0,0,,0,0,0,0,,  - ,  - ,  - ,  - ,  - ,  - ,  - ,  - ,  - ,  - ,  - ,  - ,  - ,,,,,,,,,Pupila,,,,,,Total Enrolling,
Enrolling,0,0,,0,0,0,0,,  - ,  - ,  - ,  - ,  - ,  - ,  - ,  - ,  - ,  - ,  - ,  - ,  - ,,,,,,,,,Pupila,,,,,,Enrolling,
Revenue Optimization - Enrolling Studies,0,0,,0,0,0,0,,  - ,  - ,  - ,  - ,  - ,  - ,  - ,  - ,  - ,  - ,  - ,  - ,  - ,,,,,,,,,Pupila,,,,,,Revenue Optimization - Enrolling Studies,
Risk Adjustments for Enrolling Trials,0,0,,0,0,0,0,,  - ,  - ,  - ,  - ,  - ,  - ,  - ,  - ,  - ,  - ,  - ,  - ,  - ,,,,,,,,,Pupila,,,,,,Risk Adjustments for Enrolling Trials,
Total Awarded,0,0,,0,0,0,0,,  - ,  - ,  - ,  - ,  - ,  - ,  - ,  - ,  - ,  - ,  - ,  - ,  - ,,,,,,,,,Pupila,,,,,,Total Awarded,
Awarded,0,0,,0,0,0,0,,  - ,  - ,  - ,  - ,  - ,  - ,  - ,  - ,  - ,  - ,  - ,  - ,  - ,,,,,,,,,Pupila,,,,,,Awarded,
Awarded Adjustment,0,0,,0,0,0,0,,  - ,  - ,  - ,  - ,  - ,  - ,  - ,  - ,  - ,  - ,  - ,  - ,  - ,,,,,,,,,Pupila,,,,,,Awarded Adjustment,
Total Pipeline,0,56,,0,0,30,26,,  - ,  - ,  - ,  - ,  - ,  - ,  7 ,  14 ,  8 ,  9 ,  8 ,  9 ,  56 ,,,,,,,,,Pupila,,,,,,Total Pipeline,
Pipeline,0,56,,0,0,30,26,,  - ,  - ,  - ,  - ,  - ,  - ,  7 ,  14 ,  8 ,  9 ,  8 ,  9 ,  56 ,,,,,,,,,Pupila,,,,,,Pipeline,
Pupila | SUM-191-01 |,0,5,,0,0,5,0,,  - ,  - ,  - ,  - ,  - ,  - ,  - ,  5 ,  - ,  - ,  - ,  - ,  5 ,,,,,,,,,Pupila,,,,,,,Pupila | SUM-191-01 |
Pupila | BC# 150693-01 |,0,49,,0,0,24,25,,  - ,  - ,  - ,  - ,  - ,  - ,  7 ,  8 ,  8 ,  8 ,  8 ,  8 ,  49 ,,,,,,,,,Pupila,,,,,,,Pupila | BC# 150693-01 |
Pupila | 150862-01 |,0,2,,0,0,1,1,,  - ,  - ,  - ,  - ,  - ,  - ,  0 ,  0 ,  0 ,  0 ,  0 ,  0 ,  2 ,,,,,,,,,Pupila,,,,,,,Pupila | 150862-01 |
,0,0,,0,0,0,0,,  - ,  - ,  - ,  - ,  - ,  - ,  - ,  - ,  - ,  - ,  - ,  - ,  - ,,,,,,,,,Pupila,,,,,,,
,0,0,,0,0,0,0,,  - ,  - ,  - ,  - ,  - ,  - ,  - ,  - ,  - ,  - ,  - ,  - ,  - ,,,,,,,,,Pupila,,,,,,,
Pipeline Adjustment,0,0,,0,0,0,0,,  - ,  - ,  - ,  - ,  - ,  - ,  0 ,  (0),  - ,  - ,  0 ,  - ,  0 ,,,,,,,,,Pupila,,,,,,Pipeline Adjustment,
Budget Optimization,0,0,,0,0,0,0,,  - ,  - ,  - ,  - ,  - ,  - ,  - ,  - ,  - ,  - ,  - ,  - ,  - ,,,,,,,,,Pupila,,,,,,Budget Optimization,
Genuine Go-Get,0,14,,0,0,6,8,,  - ,  - ,  - ,  - ,  - ,  - ,  1 ,  1 ,  3 ,  2 ,  4 ,  3 ,  14 ,,,,,,,,,Pupila,,,,,,Genuine Go-Get,
Go-Get - Organic due to Enrolling Revenue Optimization,0,0,,0,0,0,0,,  - ,  - ,  - ,  - ,  - ,  - ,  - ,  - ,  - ,  - ,  - ,  - ,  - ,,,,,,,,,Pupila,,,,,,Go-Get - Organic due to Enrolling Revenue Optimization,
Go-Get - Organic due to Enrolling Adj.,0,0,,0,0,0,0,,  - ,  - ,  - ,  - ,  - ,  - ,  - ,  - ,  - ,  - ,  - ,  - ,  - ,,,,,,,,,Pupila,,,,,,Go-Get - Organic due to Enrolling Adj.,
Go-Get - Organic due to Budget Optimization,0,0,,0,0,0,0,,  - ,  - ,  - ,  - ,  - ,  - ,  - ,  - ,  - ,  - ,  - ,  - ,  - ,,,,,,,,,Pupila,,,,,,Go-Get - Organic due to Budget Optimization,
Go-Get - Organic due to Pipeline Adj,0,0,,0,0,0,0,,  - ,  - ,  - ,  - ,  - ,  - ,  (0),  (0),  (0),  (0),  (0),  (0),  (0),,,,,,,,,Pupila,,,,,,Go-Get - Organic due to Pipeline Adj,
Go-Get - Organic due to Awarded Adj,0,0,,0,0,0,0,,  - ,  - ,  - ,  - ,  - ,  - ,  - ,  - ,  - ,  - ,  - ,  - ,  - ,,,,,,,,,Pupila,,,,,,Go-Get - Organic due to Awarded Adj,
Go-Get Organic,0,14,,0,0,6,8,,  - ,  - ,  - ,  - ,  - ,  - ,  1 ,  1 ,  3 ,  2 ,  4 ,  3 ,  14 ,,,,,,,,,Pupila,,,,,,Go-Get Organic,
Indianapolis,517,"1,349",,186,331,645,703,,  20 ,  50 ,  117 ,  106 ,  113 ,  112 ,  195 ,  217 ,  234 ,  200 ,  266 ,  237 ,"  1,866 ",,,,,,,,,Indianapolis,,,,,Indianapolis,,
 Backlog (Maintenance) ,154,130,,87,67,118,12,,  20 ,  37 ,  30 ,  22 ,  20 ,  25 ,  56 ,  38 ,  24 ,  12 ,  - ,  - ,  284 ,,,,,,,,,Indianapolis,,,,,, Backlog (Maintenance) ,
 Total Enrolling ,326,195,,99,227,111,84,,  - ,  13 ,  87 ,  83 ,  94 ,  64 ,  57 ,  41 ,  53 ,  41 ,  42 ,  34 ,  608 ,,,,,,,,,Indianapolis,,,,,, Total Enrolling ,
 Enrolling ,326,195,,99,227,111,84,,  - ,  13 ,  87 ,  83 ,  94 ,  50 ,  43 ,  29 ,  39 ,  29 ,  31 ,  25 ,  522 ,,,,,,,,,Indianapolis,,,,,, Enrolling ,
IND | J3R-MC-YDAF,189,97,,64,124,52,45,,  - ,  13 ,  52 ,  46 ,  63 ,  15 ,  17 ,  17 ,  18 ,  18 ,  14 ,  13 ,  285 ,,,,,,,,,Indianapolis,,,,,,,IND | J3R-MC-YDAF
Indianapolis | K9531-2110 |,92,52,,17,75,27,25,,  - ,  - ,  17 ,  30 ,  28 ,  17 ,  9 ,  8 ,  10 ,  7 ,  10 ,  8 ,  144 ,,,,,,,,,Indianapolis,,,,,,,Indianapolis | K9531-2110 |
Indianapolis | TTP399-302 |,18,47,,18,27,32,14,,  - ,  - ,  18 ,  7 ,  3 ,  18 ,  17 ,  4 ,  12 ,  4 ,  7 ,  3 ,  92 ,,,,,,,,,Indianapolis,,,,,,,Indianapolis | TTP399-302 |
,0,0,,0,0,0,0,,  - ,  - ,  - ,  - ,  - ,  - ,  - ,  - ,  - ,  - ,  - ,  - ,  - ,,,,,,,,,Indianapolis,,,,,,,
Revenue Optimization - Enrolling Studies,14,72,,0,14,40,32,,  - ,  - ,  - ,  - ,  - ,  14 ,  14 ,  12 ,  14 ,  12 ,  11 ,  9 ,  87 ,,,,,,,,,Indianapolis,,,,,,Revenue Optimization - Enrolling Studies,
Risk Adjustments for Enrolling Trials,0,0,,0,0,0,0,,  - ,  - ,  - ,  - ,  - ,  0 ,  (0),  - ,  - ,  - ,  - ,  - ,  - ,,,,,,,,,Indianapolis,,,,,,Risk Adjustments for Enrolling Trials,
Total Awarded,18,490,,0,18,199,291,,  - ,  - ,  - ,  - ,  - ,  18 ,  45 ,  73 ,  60 ,  64 ,  100 ,  87 ,  448 ,,,,,,,,,Indianapolis,,,,,,Total Awarded,
Awarded,18,490,,0,18,199,291,,  - ,  - ,  - ,  - ,  - ,  18 ,  45 ,  81 ,  73 ,  80 ,  114 ,  96 ,  508 ,,,,,,,,,Indianapolis,,,,,,Awarded,
Indianapolis | EXPD-101-201 |,17,80,,0,17,80,0,,  - ,  - ,  - ,  - ,  - ,  17 ,  31 ,  38 ,  11 ,  - ,  - ,  - ,  96 ,,,,,,,,,Indianapolis,,,,,,,Indianapolis | EXPD-101-201 |
Indianapolis | D7266C00001 |,0,92,,0,0,34,58,,  - ,  - ,  - ,  - ,  - ,  - ,  8 ,  11 ,  14 ,  19 ,  19 ,  21 ,  92 ,,,,,,,,,Indianapolis,,,,,,,Indianapolis | D7266C00001 |
Indianapolis | C6491014 |,0,79,,0,0,0,79,,  - ,  - ,  - ,  - ,  - ,  - ,  - ,  - ,  - ,  - ,  43 ,  36 ,  79 ,,,,,,,,,Indianapolis,,,,,,,Indianapolis | C6491014 |
Indianapolis | K-304-P004 |,0,182,,0,0,62,120,,  - ,  - ,  - ,  - ,  - ,  - ,  - ,  25 ,  37 ,  49 ,  43 ,  28 ,  182 ,,,,,,,,,Indianapolis,,,,,,,Indianapolis | K-304-P004 |
Indianapolis | D7260C00015 |,1,58,,0,1,24,34,,  - ,  - ,  - ,  - ,  - ,  1 ,  6 ,  7 ,  10 ,  13 ,  9 ,  12 ,  59 ,,,,,,,,,Indianapolis,,,,,,,Indianapolis | D7260C00015 |
,0,0,,0,0,0,0,,  - ,  - ,  - ,  - ,  - ,  - ,  - ,  - ,  - ,  - ,  - ,  - ,  - ,,,,,,,,,Indianapolis,,,,,,,
Awarded Adjustment,0,-61,,0,0,-21,-40,,  - ,  - ,  - ,  - ,  - ,  - ,  0 ,  (8),  (12),  (16),  (14),  (9),  (61),,,,,,,,,Indianapolis,,,,,,Awarded Adjustment,
Total Pipeline,5,228,,0,5,80,148,,  - ,  - ,  - ,  - ,  - ,  5 ,  7 ,  35 ,  38 ,  39 ,  51 ,  57 ,  233 ,,,,,,,,,Indianapolis,,,,,,Total Pipeline,
Pipeline,9,358,,0,9,130,229,,  - ,  - ,  - ,  - ,  - ,  9 ,  14 ,  53 ,  62 ,  65 ,  78 ,  86 ,  367 ,,,,,,,,,Indianapolis,,,,,,Pipeline,
Indianapolis | NN9489-8449 |,0,12,,0,0,0,12,,  - ,  - ,  - ,  - ,  - ,  - ,  - ,  - ,  - ,  - ,  4 ,  8 ,  12 ,,,,,,,,,Indianapolis,,,,,,,Indianapolis | NN9489-8449 |
Indianapolis | VCA23395 | Main Cohort 1 (Stage 2),0,146,,0,0,50,95,,  - ,  - ,  - ,  - ,  - ,  - ,  3 ,  20 ,  28 ,  30 ,  31 ,  34 ,  146 ,,,,,,,,,Indianapolis,,,,,,,Indianapolis | VCA23395 | Main Cohort 1 (Stage 2)
Indianapolis | RAB35102 |,1,9,,0,1,4,4,,  - ,  - ,  - ,  - ,  - ,  1 ,  1 ,  1 ,  1 ,  1 ,  1 ,  1 ,  10 ,,,,,,,,,Indianapolis,,,,,,,Indianapolis | RAB35102 |
Indianapolis | D7261C00003 |,0,1,,0,0,1,1,,  - ,  - ,  - ,  - ,  - ,  - ,  0 ,  0 ,  0 ,  0 ,  0 ,  0 ,  1 ,,,,,,,,,Indianapolis,,,,,,,Indianapolis | D7261C00003 |
Indianapolis | J2A-MC-GZVA |,6,37,,0,6,19,19,,  - ,  - ,  - ,  - ,  - ,  6 ,  6 ,  6 ,  6 ,  6 ,  6 ,  6 ,  44 ,,,,,,,,,Indianapolis,,,,,,,Indianapolis | J2A-MC-GZVA |
Indianapolis | NT-0796-P005 |,2,10,,0,2,5,5,,  - ,  - ,  - ,  - ,  - ,  2 ,  2 ,  2 ,  2 ,  2 ,  2 ,  2 ,  12 ,,,,,,,,,Indianapolis,,,,,,,Indianapolis | NT-0796-P005 |
Indianapolis | NOE115-VMS-202 |,0,21,,0,0,10,12,,  - ,  - ,  - ,  - ,  - ,  - ,  2 ,  4 ,  4 ,  4 ,  4 ,  4 ,  21 ,,,,,,,,,Indianapolis,,,,,,,Indianapolis | NOE115-VMS-202 |
Indianapolis | ASC30-302 |,0,46,,0,0,18,28,,  - ,  - ,  - ,  - ,  - ,  - ,  - ,  9 ,  9 ,  9 ,  9 ,  9 ,  46 ,,,,,,,,,Indianapolis,,,,,,,Indianapolis | ASC30-302 |
Indianapolis | ASC30-301 |,0,59,,0,0,23,36,,  - ,  - ,  - ,  - ,  - ,  - ,  - ,  11 ,  12 ,  12 ,  12 ,  12 ,  59 ,,,,,,,,,Indianapolis,,,,,,,Indianapolis | ASC30-301 |
Indianapolis | MK-5884-031 |,0,1,,0,0,0,1,,  - ,  - ,  - ,  - ,  - ,  - ,  - ,  - ,  - ,  - ,  0 ,  1 ,  1 ,,,,,,,,,Indianapolis,,,,,,,Indianapolis | MK-5884-031 |
Indianapolis | 783652 |,0,8,,0,0,0,8,,  - ,  - ,  - ,  - ,  - ,  - ,  - ,  - ,  - ,  - ,  4 ,  4 ,  8 ,,,,,,,,,Indianapolis,,,,,,,Indianapolis | 783652 |
Indianapolis | 783653 |,0,8,,0,0,0,8,,  - ,  - ,  - ,  - ,  - ,  - ,  - ,  - ,  - ,  - ,  4 ,  4 ,  8 ,,,,,,,,,Indianapolis,,,,,,,Indianapolis | 783653 |
,0,0,,0,0,0,0,,  - ,  - ,  - ,  - ,  - ,  - ,  - ,  - ,  - ,  - ,  - ,  - ,  - ,,,,,,,,,Indianapolis,,,,,,,
,0,0,,0,0,0,0,,  - ,  - ,  - ,  - ,  - ,  - ,  - ,  - ,  - ,  - ,  - ,  - ,  - ,,,,,,,,,Indianapolis,,,,,,,
Pipeline Adjustment,-4,-130,,0,-4,-49,-81,,  - ,  - ,  - ,  - ,  - ,  (4),  (7),  (18),  (24),  (26),  (27),  (29),  (135),,,,,,,,,Indianapolis,,,,,,Pipeline Adjustment,
Budget Optimization,0,0,,0,0,0,0,,  - ,  - ,  - ,  - ,  - ,  - ,  - ,  - ,  - ,  - ,  - ,  - ,  - ,,,,,,,,,Indianapolis,,,,,,Budget Optimization,
Genuine Go-Get,0,293,,0,0,117,176,,  - ,  - ,  - ,  - ,  - ,  - ,  29 ,  29 ,  59 ,  44 ,  73 ,  59 ,  293 ,,,,,,,,,Indianapolis,,,,,,Genuine Go-Get,
Go-Get - Organic due to Enrolling Revenue Optimization,0,-87,,0,0,-35,-52,,  - ,  - ,  - ,  - ,  - ,  - ,  (9),  (9),  (17),  (13),  (22),  (17),  (87),,,,,,,,,Indianapolis,,,,,,Go-Get - Organic due to Enrolling Revenue Optimization,
Go-Get - Organic due to Enrolling Adj.,0,0,,0,0,0,0,,  - ,  - ,  - ,  - ,  - ,  - ,  - ,  - ,  - ,  - ,  - ,  - ,  - ,,,,,,,,,Indianapolis,,,,,,Go-Get - Organic due to Enrolling Adj.,
Go-Get - Organic due to Budget Optimization,0,0,,0,0,0,0,,  - ,  - ,  - ,  - ,  - ,  - ,  - ,  - ,  - ,  - ,  - ,  - ,  - ,,,,,,,,,Indianapolis,,,,,,Go-Get - Organic due to Budget Optimization,
Go-Get - Organic due to Pipeline Adj,0,135,,0,0,54,81,,  - ,  - ,  - ,  - ,  - ,  - ,  13 ,  13 ,  27 ,  20 ,  34 ,  27 ,  135 ,,,,,,,,,Indianapolis,,,,,,Go-Get - Organic due to Pipeline Adj,
Go-Get - Organic due to Awarded Adj,0,61,,0,0,24,36,,  - ,  - ,  - ,  - ,  - ,  - ,  6 ,  6 ,  12 ,  9 ,  15 ,  12 ,  61 ,,,,,,,,,Indianapolis,,,,,,Go-Get - Organic due to Awarded Adj,
Go-Get Organic,0,185,,0,0,74,111,,  - ,  - ,  - ,  - ,  - ,  - ,  18 ,  18 ,  37 ,  28 ,  46 ,  37 ,  185 ,,,,,,,,,Indianapolis,,,,,,Go-Get Organic,
Sugarland Neurology,0,184,,0,0,67,117,,  - ,  - ,  - ,  - ,  - ,  - ,  6 ,  23 ,  37 ,  42 ,  44 ,  31 ,  184 ,,,,,,,,,Sugarland Neurology,,,,,Sugarland Neurology,,
Backlog (Maintenance),0,0,,0,0,0,0,,  - ,  - ,  - ,  - ,  - ,  - ,  - ,  - ,  - ,  - ,  - ,  - ,  - ,,,,,,,,,Sugarland Neurology,,,,,,Backlog (Maintenance),
Total Enrolling,0,0,,0,0,0,0,,  - ,  - ,  - ,  - ,  - ,  - ,  - ,  - ,  - ,  - ,  - ,  - ,  - ,,,,,,,,,Sugarland Neurology,,,,,,Total Enrolling,
Enrolling,0,0,,0,0,0,0,,  - ,  - ,  - ,  - ,  - ,  - ,  - ,  - ,  - ,  - ,  - ,  - ,  - ,,,,,,,,,Sugarland Neurology,,,,,,Enrolling,
Revenue Optimization - Enrolling Studies,0,0,,0,0,0,0,,  - ,  - ,  - ,  - ,  - ,  - ,  - ,  - ,  - ,  - ,  - ,  - ,  - ,,,,,,,,,Sugarland Neurology,,,,,,Revenue Optimization - Enrolling Studies,
Risk Adjustments for Enrolling Trials,0,0,,0,0,0,0,,  - ,  - ,  - ,  - ,  - ,  - ,  - ,  - ,  - ,  - ,  - ,  - ,  - ,,,,,,,,,Sugarland Neurology,,,,,,Risk Adjustments for Enrolling Trials,
Total Awarded,0,182,,0,0,62,120,,  - ,  - ,  - ,  - ,  - ,  - ,  - ,  17 ,  25 ,  33 ,  29 ,  19 ,"121,182.91",,,,,,,,,Sugarland Neurology,,,,,,Total Awarded,
Awarded,0,182,,0,0,62,120,,  - ,  - ,  - ,  - ,  - ,  - ,  - ,  25 ,  37 ,  49 ,  43 ,  28 ,"181,774.37",,,,,,,,,Sugarland Neurology,,,,,,Awarded,
Sugarland Neurology | K-304-P004 |,0,182,,0,0,62,120,,  - ,  - ,  - ,  - ,  - ,  - ,  - ,  25 ,  37 ,  49 ,  43 ,  28 ,"181,774.37",,,,,,,,,Sugarland Neurology,,,,,,,Sugarland Neurology | K-304-P004 |
Awarded Adjustment,0,-61,,0,0,-21,-40,,  - ,  - ,  - ,  - ,  - ,  - ,  - ,  (8),  (12),  (16),  (14),  (9),"-60,591.46",,,,,,,,,Sugarland Neurology,,,,,,Awarded Adjustment,
Total Pipeline,0,2,,0,0,1,1,,  - ,  - ,  - ,  - ,  - ,  - ,  0 ,  0 ,  0 ,  0 ,  0 ,  0 ,"1,943.43",,,,,,,,,Sugarland Neurology,,,,,,Total Pipeline,
Pipeline,0,2,,0,0,1,1,,  - ,  - ,  - ,  - ,  - ,  - ,  0 ,  0 ,  0 ,  0 ,  0 ,  0 ,"1,943.43",,,,,,,,,Sugarland Neurology,,,,,,Pipeline,
Sugar Land Neurology | ACP-204-006 |,0,2,,0,0,1,1,,  - ,  - ,  - ,  - ,  - ,  - ,  0 ,  0 ,  0 ,  0 ,  0 ,  0 ,"1,943.43",,,,,,,,,Sugarland Neurology,,,,,,,Sugar Land Neurology | ACP-204-006 |
,0,0,,0,0,0,0,,  - ,  - ,  - ,  - ,  - ,  - ,  - ,  - ,  - ,  - ,  - ,  - ,0.00,,,,,,,,,Sugarland Neurology,,,,,,,
Pipeline Adjustment,0,-2,,0,0,-1,-1,,  - ,  - ,  - ,  - ,  - ,  - ,  (0),  (0),  (0),  (0),  (0),  (0),"-1,943.43",,,,,,,,,Sugarland Neurology,,,,,,Pipeline Adjustment,
Budget Optimization,0,0,,0,0,0,0,,  - ,  - ,  - ,  - ,  - ,  - ,  - ,  - ,  - ,  - ,  - ,  - ,0.00,,,,,,,,,Sugarland Neurology,,,,,,Budget Optimization,
Genuine Go-Get,0,61,,0,0,24,36,,  - ,  - ,  - ,  - ,  - ,  - ,  6 ,  6 ,  12 ,  9 ,  15 ,  12 ,"60,591.46",,,,,,,,,Sugarland Neurology,,,,,,Genuine Go-Get,
Go-Get - Organic due to Enrolling Revenue Optimization,0,0,,0,0,0,0,,  - ,  - ,  - ,  - ,  - ,  - ,  - ,  - ,  - ,  - ,  - ,  - ,0.00,,,,,,,,,Sugarland Neurology,,,,,,Go-Get - Organic due to Enrolling Revenue Optimization,
Go-Get - Organic due to Enrolling Adj.,0,0,,0,0,0,0,,  - ,  - ,  - ,  - ,  - ,  - ,  - ,  - ,  - ,  - ,  - ,  - ,0.00,,,,,,,,,Sugarland Neurology,,,,,,Go-Get - Organic due to Enrolling Adj.,
Go-Get - Organic due to Budget Optimization,0,0,,0,0,0,0,,  - ,  - ,  - ,  - ,  - ,  - ,  - ,  - ,  - ,  - ,  - ,  - ,0.00,,,,,,,,,Sugarland Neurology,,,,,,Go-Get - Organic due to Budget Optimization,
Go-Get - Organic due to Pipeline Adj,0,2,,0,0,1,1,,  - ,  - ,  - ,  - ,  - ,  - ,  0 ,  0 ,  0 ,  0 ,  0 ,  0 ,"1,943.43",,,,,,,,,Sugarland Neurology,,,,,,Go-Get - Organic due to Pipeline Adj,
Go-Get - Organic due to Awarded Adj,0,61,,0,0,24,36,,  - ,  - ,  - ,  - ,  - ,  - ,  6 ,  6 ,  12 ,  9 ,  15 ,  12 ,"60,591.46",,,,,,,,,Sugarland Neurology,,,,,,Go-Get - Organic due to Awarded Adj,
Go-Get Organic,0,-2,,0,0,-1,-1,,  - ,  - ,  - ,  - ,  - ,  - ,  (0),  (0),  (0),  (0),  (0),  (0),"-1,943.43",,,,,,,,,Sugarland Neurology,,,,,,Go-Get Organic,
Trident (Phoenix),98,513,,0,98,176,337,,  - ,  - ,  - ,  19 ,  72 ,  7 ,  35 ,  52 ,  89 ,  120 ,  123 ,  95 ,  611 ,,,,,,,,,Trident (Phoenix),,,,,Trident (Phoenix),,
Backlog (Maintenance),0,0,,0,0,0,0,,  - ,  - ,  - ,  - ,  - ,  - ,  - ,  - ,  - ,  - ,  - ,  - ,  - ,,,,,,,,,Trident (Phoenix),,,,,,Backlog (Maintenance),
Total Enrolling,96,25,,0,96,19,7,,  - ,  - ,  - ,  19 ,  72 ,  5 ,  9 ,  4 ,  7 ,  5 ,  1 ,  1 ,  123 ,,,,,,,,,Trident (Phoenix),,,,,,Total Enrolling,
Enrolling,96,25,,0,96,19,7,,  - ,  - ,  - ,  19 ,  72 ,  5 ,  9 ,  3 ,  7 ,  5 ,  1 ,  1 ,  121 ,,,,,,,,,Trident (Phoenix),,,,,,Enrolling,
Trident (Phoenix) | D7960C00015 |,96,25,,0,96,19,7,,  - ,  - ,  - ,  19 ,  72 ,  5 ,  9 ,  3 ,  7 ,  5 ,  1 ,  1 ,  121 ,,,,,,,,,Trident (Phoenix),,,,,,,Trident (Phoenix) | D7960C00015 |
,0,0,,0,0,0,0,,  - ,  - ,  - ,  - ,  - ,  - ,  - ,  - ,  - ,  - ,  - ,  - ,  - ,,,,,,,,,Trident (Phoenix),,,,,,,
,0,0,,0,0,0,0,,  - ,  - ,  - ,  - ,  - ,  - ,  - ,  - ,  - ,  - ,  - ,  - ,  - ,,,,,,,,,Trident (Phoenix),,,,,,,
,0,0,,0,0,0,0,,  - ,  - ,  - ,  - ,  - ,  - ,  - ,  - ,  - ,  - ,  - ,  - ,  - ,,,,,,,,,Trident (Phoenix),,,,,,,
,0,0,,0,0,0,0,,  - ,  - ,  - ,  - ,  - ,  - ,  - ,  - ,  - ,  - ,  - ,  - ,  - ,,,,,,,,,Trident (Phoenix),,,,,,,
Revenue Optimization - Enrolling Studies,0,2,,0,0,1,0,,  - ,  - ,  - ,  - ,  - ,  0 ,  1 ,  0 ,  0 ,  0 ,  0 ,  0 ,  2 ,,,,,,,,,Trident (Phoenix),,,,,,Revenue Optimization - Enrolling Studies,
Risk Adjustments for Enrolling Trials,0,0,,0,0,0,0,,  - ,  - ,  - ,  - ,  - ,  - ,  (0),  - ,  - ,  - ,  - ,  - ,  (0),,,,,,,,,Trident (Phoenix),,,,,,Risk Adjustments for Enrolling Trials,
Total Awarded,0,52,,0,0,16,36,,  - ,  - ,  - ,  - ,  - ,  - ,  4 ,  4 ,  8 ,  16 ,  9 ,  10 ,  52 ,,,,,,,,,Trident (Phoenix),,,,,,Total Awarded,
Awarded,0,52,,0,0,16,36,,  - ,  - ,  - ,  - ,  - ,  - ,  4 ,  4 ,  8 ,  16 ,  9 ,  10 ,  52 ,,,,,,,,,Trident (Phoenix),,,,,,Awarded,
Trident (Phoenix) | D7261C00004 |,0,43,,0,0,15,28,,  - ,  - ,  - ,  - ,  - ,  - ,  4 ,  4 ,  6 ,  14 ,  7 ,  7 ,  43 ,,,,,,,,,Trident (Phoenix),,,,,,,Trident (Phoenix) | D7261C00004 |
Trident (Phoenix) | D7260C00015 |,0,9,,0,0,1,8,,  - ,  - ,  - ,  - ,  - ,  - ,  - ,  - ,  1 ,  2 ,  2 ,  3 ,  9 ,,,,,,,,,Trident (Phoenix),,,,,,Trident (Phoenix) | D7260C00015 |,
Awarded Adjustment,0,0,,0,0,0,0,,  - ,  - ,  - ,  - ,  - ,  - ,  0 ,  0 ,  - ,  - ,  - ,  - ,  0 ,,,,,,,,,Trident (Phoenix),,,,,,Awarded Adjustment,
Total Pipeline,2,254,,0,2,67,186,,  - ,  - ,  - ,  - ,  - ,  2 ,  3 ,  26 ,  38 ,  71 ,  68 ,  48 ,  255 ,,,,,,,,,Trident (Phoenix),,,,,,Total Pipeline,
Pipeline,6,443,,0,6,100,343,,  - ,  - ,  - ,  - ,  - ,  6 ,  8 ,  30 ,  62 ,  155 ,  128 ,  61 ,  449 ,,,,,,,,,Trident (Phoenix),,,,,,Pipeline,
Trident (Phoenix) | D7261C00002 |,0,14,,0,0,4,10,,  - ,  - ,  - ,  - ,  - ,  - ,  1 ,  1 ,  2 ,  5 ,  2 ,  2 ,  14 ,,,,,,,,,Trident (Phoenix),,,,,,,Trident (Phoenix) | D7261C00002 |
Trident (Phoenix) | D7265C00001 |,0,22,,0,0,10,13,,  - ,  - ,  - ,  - ,  - ,  - ,  - ,  8 ,  2 ,  3 ,  6 ,  4 ,  22 ,,,,,,,,,Trident (Phoenix),,,,,,,Trident (Phoenix) | D7265C00001 |
Trident (Phoenix) | VCA23395 | Main Cohort 1 (Stage 2),0,230,,0,0,27,203,,  - ,  - ,  - ,  - ,  - ,  - ,  - ,  - ,  27 ,  112 ,  79 ,  12 ,  230 ,,,,,,,,,Trident (Phoenix),,,,,,,Trident (Phoenix) | VCA23395 | Main Cohort 1 (Stage 2)
Trident (Phoenix) | D8790C00001 |,0,5,,0,0,2,2,,  - ,  - ,  - ,  - ,  - ,  - ,  1 ,  1 ,  1 ,  1 ,  1 ,  1 ,  5 ,,,,,,,,,Trident (Phoenix),,,,,,,Trident (Phoenix) | D8790C00001 |
Trident (Phoenix) | ASC30-302 |,0,25,,0,0,10,15,,  - ,  - ,  - ,  - ,  - ,  - ,  - ,  5 ,  5 ,  5 ,  5 ,  5 ,  25 ,,,,,,,,,Trident (Phoenix),,,,,,,Trident (Phoenix) | ASC30-302 |
Trident (Phoenix) | ASC30-301 |,0,49,,0,0,19,30,,  - ,  - ,  - ,  - ,  - ,  - ,  - ,  9 ,  10 ,  10 ,  10 ,  10 ,  49 ,,,,,,,,,Trident (Phoenix),,,,,,,Trident (Phoenix) | ASC30-301 |
Trident (Phoenix) | 783652 |,0,8,,0,0,0,8,,  - ,  - ,  - ,  - ,  - ,  - ,  - ,  - ,  - ,  - ,  4 ,  4 ,  8 ,,,,,,,,,Trident (Phoenix),,,,,,,Trident (Phoenix) | 783652 |
Trident (Phoenix) | 783653 |,0,8,,0,0,0,8,,  - ,  - ,  - ,  - ,  - ,  - ,  - ,  - ,  - ,  - ,  4 ,  4 ,  8 ,,,,,,,,,Trident (Phoenix),,,,,,,Trident (Phoenix) | 783653 |
Trident (Phoenix) | VGX-002-001 |,0,45,,0,0,9,36,,  - ,  - ,  - ,  - ,  - ,  - ,  - ,  - ,  9 ,  12 ,  12 ,  12 ,  45 ,,,,,,,,,Trident (Phoenix),,,,,,,Trident (Phoenix) | VGX-002-001 |
Trident (Phoenix) | J2A-MC-GZVA |,0,37,,0,6,19,19,,  - ,  - ,  - ,  - ,  - ,  6 ,  6 ,  6 ,  6 ,  6 ,  6 ,  6 ,  44 ,,,,,,,,,Trident (Phoenix),,,,,,,Trident (Phoenix) | J2A-MC-GZVA |
,0,0,,0,0,0,0,,  - ,  - ,  - ,  - ,  - ,  - ,  - ,  - ,  - ,  - ,  - ,  - ,  - ,,,,,,,,,Trident (Phoenix),,,,,,,
,0,0,,0,0,0,0,,  - ,  - ,  - ,  - ,  - ,  - ,  - ,  - ,  - ,  - ,  - ,  - ,  - ,,,,,,,,,Trident (Phoenix),,,,,,,
Pipeline Adjustment,  (4),  (189),,  - ,  (4),  (33),  (157),,  - ,  - ,  - ,  - ,  - ,  (4),  (5),  (5),  (23),  (84),  (60),  (13),  (194),,,,,,,,,Trident (Phoenix),,,,,,Pipeline Adjustment,
Budget Optimization,0,0,,0,0,0,0,,  - ,  - ,  - ,  - ,  - ,  - ,  - ,  - ,  - ,  - ,  - ,  - ,  - ,,,,,,,,,Trident (Phoenix),,,,,,Budget Optimization,
Genuine Go-Get,0,181,,0,0,72,108,,  - ,  - ,  - ,  - ,  - ,  - ,  18 ,  18 ,  36 ,  27 ,  45 ,  36 ,  181 ,,,,,,,,,Trident (Phoenix),,,,,,Genuine Go-Get,
Go-Get - Organic due to Enrolling Revenue Optimization,0,-2,,0,0,-1,-1,,  - ,  - ,  - ,  - ,  - ,  - ,  (0),  (0),  (0),  (0),  (1),  (0),  (2),,,,,,,,,Trident (Phoenix),,,,,,Go-Get - Organic due to Enrolling Revenue Optimization,
Go-Get - Organic due to Enrolling Adj.,0,0,,0,0,0,0,,  - ,  - ,  - ,  - ,  - ,  - ,  0 ,  0 ,  0 ,  0 ,  0 ,  0 ,  0 ,,,,,,,,,Trident (Phoenix),,,,,,Go-Get - Organic due to Enrolling Adj.,
Go-Get - Organic due to Budget Optimization,0,0,,0,0,0,0,,  - ,  - ,  - ,  - ,  - ,  - ,  - ,  - ,  - ,  - ,  - ,  - ,  - ,,,,,,,,,Trident (Phoenix),,,,,,Go-Get - Organic due to Budget Optimization,
Go-Get - Organic due to Pipeline Adj,0,194,,0,0,78,116,,  - ,  - ,  - ,  - ,  - ,  - ,  19 ,  19 ,  39 ,  29 ,  48 ,  39 ,  194 ,,,,,,,,,Trident (Phoenix),,,,,,Go-Get - Organic due to Pipeline Adj,
Go-Get - Organic due to Awarded Adj,0,0,,0,0,0,0,,  - ,  - ,  - ,  - ,  - ,  - ,  (0),  (0),  (0),  (0),  (0),  (0),  (0),,,,,,,,,Trident (Phoenix),,,,,,Go-Get - Organic due to Awarded Adj,
Go-Get Organic,0,-11,,0,0,-4,-7,,  - ,  - ,  - ,  - ,  - ,  - ,  (1),  (1),  (2),  (2),  (3),  (2),  (11),,,,,,,,,Trident (Phoenix),,,,,,Go-Get Organic,
New Sites & M&A,0,"4,900",,0,0,"1,960","2,940",,  - ,  - ,  - ,  - ,  - ,  - ,  490 ,  490 ,  980 ,  735 ,"  1,225 ",  980 ,"  4,900 ",,,,,,,,,New Sites & M&A,,,,,New Sites & M&A,,
Backlog (Maintenance),0,0,,0,0,0,0,,  - ,  - ,  - ,  - ,  - ,  - ,  - ,  - ,  - ,  - ,  - ,  - ,  - ,,,,,,,,,New Sites & M&A,,,,,,Backlog (Maintenance),
Total Enrolling,0,0,,0,0,0,0,,  - ,  - ,  - ,  - ,  - ,  - ,  - ,  - ,  - ,  - ,  - ,  - ,  - ,,,,,,,,,New Sites & M&A,,,,,,Total Enrolling,
Enrolling,0,0,,0,0,0,0,,  - ,  - ,  - ,  - ,  - ,  - ,  - ,  - ,  - ,  - ,  - ,  - ,  - ,,,,,,,,,New Sites & M&A,,,,,,Enrolling,
Revenue Optimization - Enrolling Studies,0,0,,0,0,0,0,,  - ,  - ,  - ,  - ,  - ,  - ,  - ,  - ,  - ,  - ,  - ,  - ,  - ,,,,,,,,,New Sites & M&A,,,,,,Revenue Optimization - Enrolling Studies,
Risk Adjustments for Enrolling Trials,0,0,,0,0,0,0,,  - ,  - ,  - ,  - ,  - ,  - ,  - ,  - ,  - ,  - ,  - ,  - ,  - ,,,,,,,,,New Sites & M&A,,,,,,Risk Adjustments for Enrolling Trials,
Total Awarded,0,0,,0,0,0,0,,  - ,  - ,  - ,  - ,  - ,  - ,  - ,  - ,  - ,  - ,  - ,  - ,  - ,,,,,,,,,New Sites & M&A,,,,,,Total Awarded,
Awarded,0,0,,0,0,0,0,,  - ,  - ,  - ,  - ,  - ,  - ,  - ,  - ,  - ,  - ,  - ,  - ,  - ,,,,,,,,,New Sites & M&A,,,,,,Awarded,
Awarded Adjustment,0,0,,0,0,0,0,,  - ,  - ,  - ,  - ,  - ,  - ,  - ,  - ,  - ,  - ,  - ,  - ,  - ,,,,,,,,,New Sites & M&A,,,,,,Awarded Adjustment,
Total Pipeline,0,0,,0,0,0,0,,  - ,  - ,  - ,  - ,  - ,  - ,  - ,  - ,  - ,  - ,  - ,  - ,  - ,,,,,,,,,New Sites & M&A,,,,,,Total Pipeline,
Pipeline,0,0,,0,0,0,0,,  - ,  - ,  - ,  - ,  - ,  - ,  - ,  - ,  - ,  - ,  - ,  - ,  - ,,,,,,,,,New Sites & M&A,,,,,,Pipeline,
Pipeline Adjustment,  - ,  - ,,  - ,  - ,  - ,  - ,,  - ,  - ,  - ,  - ,  - ,  - ,  - ,  - ,  - ,  - ,  - ,  - ,  - ,,,,,,,,,New Sites & M&A,,,,,,Pipeline Adjustment,
Budget Optimization,0,0,,0,0,0,0,,  - ,  - ,  - ,  - ,  - ,  - ,  - ,  - ,  - ,  - ,  - ,  - ,  - ,,,,,,,,,New Sites & M&A,,,,,,Budget Optimization,
Genuine Go-Get,0,0,,0,0,0,0,,  - ,  - ,  - ,  - ,  - ,  - ,  - ,  - ,  - ,  - ,  - ,  - ,  - ,,,,,,,,,New Sites & M&A,,,,,,Genuine Go-Get,
Go-Get - Organic due to Enrolling Revenue Optimization,0,0,,0,0,0,0,,  - ,  - ,  - ,  - ,  - ,  - ,  - ,  - ,  - ,  - ,  - ,  - ,  - ,,,,,,,,,New Sites & M&A,,,,,,Go-Get - Organic due to Enrolling Revenue Optimization,
Go-Get - Organic due to Enrolling Adj.,0,0,,0,0,0,0,,  - ,  - ,  - ,  - ,  - ,  - ,  - ,  - ,  - ,  - ,  - ,  - ,  - ,,,,,,,,,New Sites & M&A,,,,,,Go-Get - Organic due to Enrolling Adj.,
Go-Get - Organic due to Budget Optimization,0,0,,0,0,0,0,,  - ,  - ,  - ,  - ,  - ,  - ,  - ,  - ,  - ,  - ,  - ,  - ,  - ,,,,,,,,,New Sites & M&A,,,,,,Go-Get - Organic due to Budget Optimization,
Go-Get - Organic due to Enrolling Revenue Optimization,0,0,,0,0,0,0,,  - ,  - ,  - ,  - ,  - ,  - ,  - ,  - ,  - ,  - ,  - ,  - ,  - ,,,,,,,,,New Sites & M&A,,,,,,Go-Get - Organic due to Enrolling Revenue Optimization,
Go-Get - Organic due to Pipeline Adj,0,0,,0,0,0,0,,  - ,  - ,  - ,  - ,  - ,  - ,  - ,  - ,  - ,  - ,  - ,  - ,  - ,,,,,,,,,New Sites & M&A,,,,,,Go-Get - Organic due to Pipeline Adj,
Go-Get - Organic due to Awarded Adj,0,0,,0,0,0,0,,  - ,  - ,  - ,  - ,  - ,  - ,  - ,  - ,  - ,  - ,  - ,  - ,  - ,,,,,,,,,New Sites & M&A,,,,,,Go-Get - Organic due to Awarded Adj,
Go-Get Organic,0,"4,900",,0,0,"1,960","2,940",,  - ,  - ,  - ,  - ,  - ,  - ,  490 ,  490 ,  980 ,  735 ,"  1,225 ",  980 ,"  4,900 ",,,,,,,,,New Sites & M&A,,,,,,Go-Get Organic,
,,,,,,,,,,,,,,,,,,,,,,,,,,,,,,New Sites & M&A,,,,,,,
,,,,,,,,,,,,,,,,,,,,,,,,,,,,,,New Sites & M&A,,,,,,,
,,,,,,,,,,,,,,,,,,,,,,,,,,,,,,,,,,,,,
,,,,,,,,,,,,,,,,,,,,,,,,,,,,,,,,,,,,,
,,,,,,,,,,,,,,,,,,,,,,,,,,,,,,,,,,,,,
,,,,,,,,,,,,,,,,,,,,,,,,,,,,,,,,,,,,,
,,,,,,,,,,,,,,,,,,,,,,,,,,,,,,,,,,,,,
,,,,,,,,,,,,,,,,,,,,,,,,,,,,,,,,,,,,,
,,,,,,,,,,,,,,,,,,,,,,,,,,,,,,,,,,,,,
,,,,,,,,,,,,,,,,,,,,,,,,,,,,,,,,,,,,,
,,,,,,,,,,,,,,,,,,,,,,,,,,,,,,,,,,,,,
,,,,,,,,,,,,,,,,,,,,,,,,,,,,,,,,,,,,,
,,,,,,,,,,,,,,,,,,,,,,,,,,,,,,,,,,,,,
,,,,,,,,,,,,,,,,,,,,,,,,,,,,,,,,,,,,,
,,,,,,,,,,,,,,,,,,,,,,,,,,,,,,,,,,,,,
,,,,,,,,,,,,,,,,,,,,,,,,,,,,,,,,,,,,,
,,,,,,,,,,,,,,,,,,,,,,,,,,,,,,,,,,,,,
,,,,,,,,,,,,,,,,,,,,,,,,,,,,,,,,,,,,,
,,,,,,,,,,,,,,,,,,,,,,,,,,,,,,,,,,,,,
,,,,,,,,,,,,,,,,,,,,,,,,,,,,,,,,,,,,,
,,,,,,,,,,,,,,,,,,,,,,,,,,,,,,,,,,,,,
,,,,,,,,,,,,,,,,,,,,,,,,,,,,,,,,,,,,,
,,,,,,,,,,,,,,,,,,,,,,,,,,,,,,,,,,,,,
For Revenue Summary,,,,,,,,,,,,,,,,,,,,,,,,,,,,,,,,,,,,,
Vaccine,,,,"25,514","19,324","6,261","14,375",,,,,"  5,312 ","5,446,854.15","2,498,027.70","1,707,484.29","1,111,370.89","1,094,328.35","3,755,943.08","1,624,828.98","1,860,599.49",,,,,,,,,,,,,,,,,
Non-Vaccine,,,,"4,319","7,119","9,608","8,536",,,,,"  1,398 ","1,546,584.19","1,383,135.78","2,059,118.49","2,193,051.89","2,241,743.26","2,088,834.49","1,935,743.67","1,771,450.43",,,,,,,,,,,,,,,,,
Pipeline + Go-Get,,,,"-8,048","-8,683","2,729","3,946",,,,,  0 ,0.00,"176,089.90","1,654,032.97","2,504,702.68","4,032,781.61","3,732,162.88","5,272,865.97","4,813,560.02",,,,,,,,,,,,,,,,,
,,,,,,,,,,,,,,,,,,,,,,,,,,,,,,,,,,,,,
,,,,,,,,,,,,,,,,,,,,,,,,,,,,,,,,,,,,,
Vaccine,,,,"  25,514 ","  19,348 ","  6,037 ","  8,967 ",,,,,,,,,,,,,,,,,,,,,,,,,,,,,,
Non-Vaccine,,,,"  4,319 ","  7,245 ","  9,900 ","  8,694 ",,,,,,,,,,,,,,,,,,,,,,,,,,,,,,
,,,,,,,,,,,,,,,,,,,,,,,,,,,,,,,,,,,,,
Maintenance,,,,"  13,737 ","  8,284 ","  2,445 ","  3,618 ",,,,,,,,,,,,,,,,,,,,,,,,,,,,,,
Total Enrolling,,,,"  8,048 ","  9,009 ","  5,530 ","  4,624 ",,,,,,,,,,,,,,  - ,,,,,,,,,,,,,,,,
Enrolling,,,,"  8,048 ","  9,009 ","  5,530 ","  4,624 ",,,,,,,,,,,,,,,,,,,,,,,,,,,,,,
Awards - Booked,,,,  - ,  291 ,"  2,432 ","  4,795 ",,,,,,,,,,,,,,,,,,,,,,,,,,,,,,
Pipeline (Confidence weighted per SA guidance),,,,  - ,  37 ,"  1,053 ","  2,812 ",,,,,,,,,,,,,,,,,,,,,,,,,,,,,,
Total Go Get,0,0,,  - ,  - ,"  5,267 ","  7,901 ",,  - ,  - ,  - ,  - ,  - ,  - ,  - ,  - ,  - ,  - ,  - ,  - ,  - ,,,,,,,,,,,,,,,,
Pipeline Below PSV,,,,,,,,,,,,,,,,,,,,,,,,,,,,,,,,,,,,,
Genuine Go-Get,,,,  - ,  - ,"  5,267 ","  7,901 ",,,,,,,,,,,,,,,,,,,,,,,,,,,,,,